effective_date,available_date,security_id,is_member,reason,availability_quality,source_security_id,identity_source_url,membership_source,alias_quality
2010-01-01,2010-01-01,yahoo:KRFT,False,classification_only_alias_of_existing_membership,ASSUMED_public_by_effective_date_used_only_after_date,isin:US50076Q1067,https://www.sec.gov/Archives/edgar/data/1103982/000119312512411522/d418430d8k.htm,inputs/best_effort/membership.csv; original causal dates preserved,identity_correspondence_confirmed; membership_timing_quality_unchanged
2010-01-01,2010-01-01,yahoo:VSNT,False,classification_only_alias_of_existing_membership,ASSUMED_public_by_effective_date_used_only_after_date,unresolved:VSNT,https://www.cmcsa.com/static-files/ef578d62-7a9c-42fd-8d90-e07aea23c95e,inputs/best_effort/membership.csv; original causal dates preserved,identity_correspondence_confirmed; membership_timing_quality_unchanged
2013-03-18,2013-03-18,yahoo:KRFT,True,classification_only_alias_of_existing_membership,ASSUMED_public_by_effective_date_used_only_after_date,isin:US50076Q1067,https://www.sec.gov/Archives/edgar/data/1103982/000119312512411522/d418430d8k.htm,inputs/best_effort/membership.csv; original causal dates preserved,identity_correspondence_confirmed; membership_timing_quality_unchanged
2015-07-02,2015-07-02,yahoo:KRFT,False,classification_only_alias_of_existing_membership,ASSUMED_public_by_effective_date_used_only_after_date,isin:US50076Q1067,https://www.sec.gov/Archives/edgar/data/1103982/000119312512411522/d418430d8k.htm,inputs/best_effort/membership.csv; original causal dates preserved,identity_correspondence_confirmed; membership_timing_quality_unchanged
2026-01-05,2026-01-05,yahoo:VSNT,True,classification_only_alias_of_existing_membership,ASSUMED_public_by_effective_date_used_only_after_date,unresolved:VSNT,https://www.cmcsa.com/static-files/ef578d62-7a9c-42fd-8d90-e07aea23c95e,inputs/best_effort/membership.csv; original causal dates preserved,identity_correspondence_confirmed; membership_timing_quality_unchanged
2026-01-09,2026-01-09,yahoo:VSNT,False,classification_only_alias_of_existing_membership,ASSUMED_public_by_effective_date_used_only_after_date,unresolved:VSNT,https://www.cmcsa.com/static-files/ef578d62-7a9c-42fd-8d90-e07aea23c95e,inputs/best_effort/membership.csv; original causal dates preserved,identity_correspondence_confirmed; membership_timing_quality_unchanged
2014-04-03,2014-02-10,tts-1947579,True,primary_Nasdaq_GOOG_C_announcement,primary_verified_announcement_before_effective_date,,https://ir.nasdaq.com/node/81631,"Nasdaq February10,2014 announcement effectiveApril3",availability_correction_not_identity_change
2016-12-19,2016-12-19,yahoo:LILA,True,primary_Nasdaq_missing_2016_reentry,effective_date_primary_verified; assumed_public_by_effective_date_used_after_date,yahoo:LILA,https://indexes.nasdaqomx.com/docs/NDX100_AnnualEvaluation.pdf,Nasdaq February2017 annual evaluation confirms effective after December16 close,membership_repair_not_identity_change
2018-01-02,2018-01-01,yahoo:LILA,False,CapitalIQ_tracking_class_deletion_first_US_session,secondary_CapitalIQ_Jan1_dated_report_first_US_session_Jan2; primary_Nasdaq_verifies_2018_year_only,yahoo:LILA,https://www.marketscreener.com/quote/stock/LIBERTY-LATIN-AMERICA-LTD-39151789/news/LiLAC-Group-NasdaqGM-LILA-dropped-from-NASDAQ-100-Index-34861433/,S&P CapitalIQ dated event plus Nasdaq2018 deletion review and CNDX holdings absence Dec2017 onward,membership_repair_not_identity_change
2016-12-19,2016-12-19,yahoo:LILAK,True,primary_Nasdaq_missing_2016_reentry,effective_date_primary_verified; assumed_public_by_effective_date_used_after_date,yahoo:LILAK,https://indexes.nasdaqomx.com/docs/NDX100_AnnualEvaluation.pdf,Nasdaq February2017 annual evaluation confirms effective after December16 close,membership_repair_not_identity_change
2018-01-02,2018-01-01,yahoo:LILAK,False,CapitalIQ_tracking_class_deletion_first_US_session,secondary_CapitalIQ_Jan1_dated_report_first_US_session_Jan2; primary_Nasdaq_verifies_2018_year_only,yahoo:LILAK,https://www.marketscreener.com/quote/stock/LIBERTY-LATIN-AMERICA-LTD-39151789/news/LiLAC-Group-NasdaqGM-LILA-dropped-from-NASDAQ-100-Index-34861433/,S&P CapitalIQ dated event plus Nasdaq2018 deletion review and CNDX holdings absence Dec2017 onward,membership_repair_not_identity_change
