purchase_date,source_effective_date,source_available_date,source,snapshot_age_days,current_members,new_members_without_source_weight,missing_member_tickers,departed_source_names,departed_source_weight,unresolved_positive_source_weight,status
2010-09-30,2009-09-30,2010-01-19,QQQ_SEC_annual,365,100,8,BMC|MAT|MYL|PCLN|QGEN|SNDK|VMED|VOD,AKAM|HANS|IACI|JNPR|LBTYA|PPDI|RYAAY|STLD,0.019994051166306735,0.04460236609640271,proxy_or_more_data_required
2010-10-29,2009-09-30,2010-01-19,QQQ_SEC_annual,394,100,8,BMC|MAT|MYL|PCLN|QGEN|SNDK|VMED|VOD,AKAM|HANS|IACI|JNPR|LBTYA|PPDI|RYAAY|STLD,0.019994051166306735,0.04460236609640271,proxy_or_more_data_required
2010-11-30,2009-09-30,2010-01-19,QQQ_SEC_annual,426,100,8,BMC|MAT|MYL|PCLN|QGEN|SNDK|VMED|VOD,AKAM|HANS|IACI|JNPR|LBTYA|PPDI|RYAAY|STLD,0.019994051166306735,0.04460236609640271,proxy_or_more_data_required
2010-12-31,2010-09-30,2010-12-31,QQQ_SEC_annual,92,100,7,AKAM|CTRP|DLTR|FFIV|MU|NFLX|WFMI,CTAS|DISH|FWLT|HOLX|JBHT|LOGI|PDCO,0.0150475734730125,0.040878967671803004,proxy_or_more_data_required
2011-01-31,2010-09-30,2010-12-31,QQQ_SEC_annual,123,100,7,AKAM|CTRP|DLTR|FFIV|MU|NFLX|WFMI,CTAS|DISH|FWLT|HOLX|JBHT|LOGI|PDCO,0.0150475734730125,0.040878967671803004,proxy_or_more_data_required
2011-02-28,2010-09-30,2010-12-31,QQQ_SEC_annual,151,100,7,AKAM|CTRP|DLTR|FFIV|MU|NFLX|WFMI,CTAS|DISH|FWLT|HOLX|JBHT|LOGI|PDCO,0.0150475734730125,0.040878967671803004,proxy_or_more_data_required
2011-03-31,2010-09-30,2010-12-31,QQQ_SEC_annual,182,100,7,AKAM|CTRP|DLTR|FFIV|MU|NFLX|WFMI,CTAS|DISH|FWLT|HOLX|JBHT|LOGI|PDCO,0.0150475734730125,0.040878967671803004,proxy_or_more_data_required
2011-04-29,2011-04-04,2011-04-06,Nasdaq_2011_special_rebalance,28,100,0,,,0.0,0.04240000000000001,proxy_or_more_data_required
2011-05-31,2011-05-02,2011-04-06,Nasdaq_2011_special_rebalance,60,100,1,GMCR,MICC,0.0040999999999999995,0.0407,proxy_or_more_data_required
2011-06-30,2011-05-02,2011-04-06,Nasdaq_2011_special_rebalance,90,100,1,GMCR,MICC,0.0040999999999999995,0.0407,proxy_or_more_data_required
2011-07-29,2011-05-02,2011-04-06,Nasdaq_2011_special_rebalance,119,100,2,GMCR|SIRI,CEPH|MICC,0.0063,0.0407,proxy_or_more_data_required
2011-08-31,2011-05-02,2011-04-06,Nasdaq_2011_special_rebalance,152,100,2,GMCR|SIRI,CEPH|MICC,0.0063,0.0407,proxy_or_more_data_required
2011-09-30,2011-05-02,2011-04-06,Nasdaq_2011_special_rebalance,182,100,2,GMCR|SIRI,CEPH|MICC,0.0063,0.0407,proxy_or_more_data_required
2011-10-31,2011-05-02,2011-04-06,Nasdaq_2011_special_rebalance,213,100,2,GMCR|SIRI,CEPH|MICC,0.0063,0.0407,proxy_or_more_data_required
2011-11-30,2011-05-02,2011-04-06,Nasdaq_2011_special_rebalance,243,100,2,GMCR|SIRI,CEPH|MICC,0.0063,0.0407,proxy_or_more_data_required
2011-12-30,2011-05-02,2011-04-06,Nasdaq_2011_special_rebalance,273,100,8,AVGO|FOSL|GMCR|GOLD|HANS|NUAN|PRGO|SIRI,CEPH|FLIR|ILMN|JOYG|MICC|NIHD|QGEN|URBN,0.0226,0.0407,proxy_or_more_data_required
2012-01-31,2011-09-30,2012-01-23,QQQ_SEC_annual,123,100,6,AVGO|FOSL|GOLD|MNST|NUAN|PRGO,FLIR|ILMN|JOYG|NIHD|QGEN|URBN,0.0114698991942773,0.0309241058996379,proxy_or_more_data_required
2012-02-29,2011-09-30,2012-01-23,QQQ_SEC_annual,152,100,6,AVGO|FOSL|GOLD|MNST|NUAN|PRGO,FLIR|ILMN|JOYG|NIHD|QGEN|URBN,0.0114698991942773,0.0309241058996379,proxy_or_more_data_required
2012-03-30,2011-09-30,2012-01-23,QQQ_SEC_annual,182,100,6,AVGO|FOSL|GOLD|MNST|NUAN|PRGO,FLIR|ILMN|JOYG|NIHD|QGEN|URBN,0.0114698991942773,0.0309241058996379,proxy_or_more_data_required
2012-04-30,2011-09-30,2012-01-23,QQQ_SEC_annual,213,100,7,AVGO|FOSL|GOLD|MNST|NUAN|PRGO|TXN,FLIR|FSLR|ILMN|JOYG|NIHD|QGEN|URBN,0.013787171234253201,0.0309241058996379,proxy_or_more_data_required
2012-05-31,2011-09-30,2012-01-23,QQQ_SEC_annual,244,100,8,AVGO|FOSL|GOLD|MNST|NUAN|PRGO|TXN|VIAB,FLIR|FSLR|ILMN|JOYG|NIHD|QGEN|TEVA|URBN,0.0248471196423201,0.0309241058996379,proxy_or_more_data_required
2012-06-29,2011-09-30,2012-01-23,QQQ_SEC_annual,273,100,8,AVGO|FOSL|GOLD|MNST|NUAN|PRGO|TXN|VIAB,FLIR|FSLR|ILMN|JOYG|NIHD|QGEN|TEVA|URBN,0.0248471196423201,0.0309241058996379,proxy_or_more_data_required
2012-07-31,2011-09-30,2012-01-23,QQQ_SEC_annual,305,100,9,AVGO|FOSL|GOLD|KFT|MNST|NUAN|PRGO|TXN|VIAB,CTRP|FLIR|FSLR|ILMN|JOYG|NIHD|QGEN|TEVA|URBN,0.0268526826114454,0.0309241058996379,proxy_or_more_data_required
2012-08-31,2011-09-30,2012-01-23,QQQ_SEC_annual,336,100,9,AVGO|FOSL|GOLD|KFT|MNST|NUAN|PRGO|TXN|VIAB,CTRP|FLIR|FSLR|ILMN|JOYG|NIHD|QGEN|TEVA|URBN,0.0268526826114454,0.0309241058996379,proxy_or_more_data_required
2012-09-28,2011-09-30,2012-01-23,QQQ_SEC_annual,364,100,9,AVGO|FOSL|GOLD|KFT|MNST|NUAN|PRGO|TXN|VIAB,CTRP|FLIR|FSLR|ILMN|JOYG|NIHD|QGEN|TEVA|URBN,0.0268526826114454,0.0309241058996379,proxy_or_more_data_required
2012-10-31,2011-09-30,2012-01-23,QQQ_SEC_annual,397,100,9,AVGO|FOSL|GOLD|MDLZ|MNST|NUAN|PRGO|TXN|VIAB,CTRP|FLIR|FSLR|ILMN|JOYG|NIHD|QGEN|TEVA|URBN,0.0268526826114454,0.0309241058996379,proxy_or_more_data_required
2012-11-30,2011-09-30,2012-01-23,QQQ_SEC_annual,427,100,9,AVGO|FOSL|GOLD|MDLZ|MNST|NUAN|PRGO|TXN|VIAB,CTRP|FLIR|FSLR|ILMN|JOYG|NIHD|QGEN|TEVA|URBN,0.0268526826114454,0.0309241058996379,proxy_or_more_data_required
2012-12-31,2011-09-30,2012-01-23,QQQ_SEC_annual,458,100,20,ADI|AVGO|CTRX|DISCA|EQIX|FB|FOSL|GOLD|LBTYA|LMCA|MDLZ|MNST|NUAN|PRGO|REGN|SBAC|TXN|VIAB|VRSK|WDC,APOL|CTRP|ERTS|FLEX|FLIR|FSLR|GMCR|ILMN|INFY|JOYG|LRCX|MRVL|NFLX|NIHD|QGEN|RIMM|TEVA|URBN|VRSN|WCRX,0.058002499398663296,0.0309241058996379,proxy_or_more_data_required
2013-01-31,2012-09-30,2013-01-29,QQQ_SEC_annual,123,100,12,ADI|CTRX|DISCA|EQIX|FB|LBTYA|MDLZ|REGN|SBAC|STRZA|VRSK|WDC,APOL|ERTS|FLEX|GMCR|INFY|KFT|LRCX|MRVL|NFLX|RIMM|VRSN|WCRX,0.0380971066730346,0.0512932044126009,proxy_or_more_data_required
2013-02-28,2012-09-30,2013-01-29,QQQ_SEC_annual,151,100,12,ADI|CTRX|DISCA|EQIX|FB|LBTYA|MDLZ|REGN|SBAC|STRZA|VRSK|WDC,APOL|ERTS|FLEX|GMCR|INFY|KFT|LRCX|MRVL|NFLX|RIMM|VRSN|WCRX,0.0380971066730346,0.0512932044126009,proxy_or_more_data_required
2013-03-28,2012-09-30,2013-01-29,QQQ_SEC_annual,179,100,12,ADI|CTRX|DISCA|EQIX|FB|KRFT|LBTYA|MDLZ|REGN|SBAC|VRSK|WDC,APOL|ERTS|FLEX|GMCR|INFY|KFT|LRCX|MRVL|NFLX|RIMM|VRSN|WCRX,0.0380971066730346,0.0512932044126009,proxy_or_more_data_required
2013-04-30,2012-09-30,2013-01-29,QQQ_SEC_annual,212,100,12,ADI|CTRX|DISCA|EQIX|FB|KRFT|LBTYA|MDLZ|REGN|SBAC|VRSK|WDC,APOL|ERTS|FLEX|GMCR|INFY|KFT|LRCX|MRVL|NFLX|RIMM|VRSN|WCRX,0.0380971066730346,0.0512932044126009,proxy_or_more_data_required
2013-05-31,2012-09-30,2013-01-29,QQQ_SEC_annual,243,100,12,ADI|CTRX|DISCA|EQIX|FB|KRFT|LBTYA|MDLZ|REGN|SBAC|VRSK|WDC,APOL|ERTS|FLEX|GMCR|INFY|KFT|LRCX|MRVL|NFLX|RIMM|VRSN|WCRX,0.0380971066730346,0.0512932044126009,proxy_or_more_data_required
2013-06-28,2012-09-30,2013-01-29,QQQ_SEC_annual,271,100,13,ADI|CTRX|DISCA|EQIX|FB|KRFT|LBTYA|LMCA|MDLZ|REGN|SBAC|VRSK|WDC,APOL|ERTS|FLEX|GMCR|INFY|KFT|LRCX|MRVL|PRGO|RIMM|VMED|VRSN|WCRX,0.0430468521313282,0.0512932044126009,proxy_or_more_data_required
2013-07-31,2012-09-30,2013-01-29,QQQ_SEC_annual,304,100,16,ADI|CHTR|CTRX|DISCA|EQIX|FB|FOXA|KRFT|LBTYA|LMCA|MDLZ|REGN|SBAC|TSLA|VRSK|WDC,APOL|BMC|ERTS|FLEX|GMCR|INFY|KFT|LRCX|MRVL|NWSA|ORCL|PRGO|RIMM|VMED|VRSN|WCRX,0.1057282269932234,0.0512932044126009,proxy_or_more_data_required
2013-08-30,2012-09-30,2013-01-29,QQQ_SEC_annual,334,100,16,ADI|CHTR|CTRX|DISCA|EQIX|FB|FOXA|KRFT|LBTYA|LMCA|MDLZ|REGN|SBAC|TSLA|VRSK|WDC,APOL|BMC|ERTS|FLEX|INFY|KFT|LIFE|LRCX|MRVL|NWSA|ORCL|PRGO|RIMM|VMED|VRSN|WCRX,0.107264753739624,0.0512932044126009,proxy_or_more_data_required
2013-09-30,2012-09-30,2013-01-29,QQQ_SEC_annual,365,100,16,ADI|CHTR|CTRX|DISCA|EQIX|FB|FOXA|KRFT|LBTYA|LMCA|MDLZ|REGN|SBAC|TSLA|VRSK|WDC,APOL|BMC|ERTS|FLEX|INFY|KFT|LIFE|LRCX|MRVL|NWSA|ORCL|PRGO|RIMM|VMED|VRSN|WCRX,0.107264753739624,0.0512932044126009,proxy_or_more_data_required
2013-10-31,2012-09-30,2013-01-29,QQQ_SEC_annual,396,100,17,ADI|CHTR|CTRX|DISCA|EQIX|FB|FOXA|KRFT|LBTYA|LMCA|MDLZ|REGN|SBAC|TSLA|VIP|VRSK|WDC,APOL|BMC|DELL|ERTS|FLEX|INFY|KFT|LIFE|LRCX|MRVL|NWSA|ORCL|PRGO|RIMM|VMED|VRSN|WCRX,0.11265597115905499,0.0512932044126009,proxy_or_more_data_required
2013-11-29,2012-09-30,2013-01-29,QQQ_SEC_annual,425,100,18,ADI|CHTR|CTRX|DISCA|EQIX|FB|FOXA|KRFT|LBTYA|LMCA|MAR|MDLZ|REGN|SBAC|TSLA|VIP|VRSK|WDC,APOL|BMC|DELL|ERTS|FLEX|GOLD|INFY|KFT|LIFE|LRCX|MRVL|NWSA|ORCL|PRGO|RIMM|VMED|VRSN|WCRX,0.11474297678175659,0.0512932044126009,proxy_or_more_data_required
2013-12-31,2012-09-30,2013-01-29,QQQ_SEC_annual,457,100,23,ADI|CHTR|CTRX|DISCA|DISH|EQIX|FB|FOXA|ILMN|KRFT|LBTYA|LMCA|MAR|MDLZ|NXPI|REGN|SBAC|TRIP|TSCO|TSLA|VIP|VRSK|WDC,APOL|BMC|DELL|ERTS|FLEX|FOSL|GOLD|INFY|KFT|LIFE|LRCX|MCHP|MRVL|NUAN|NWSA|ORCL|PRGO|RIMM|SHLD|VMED|VRSN|WCRX|XRAY,0.1243373455513076,0.0512932044126009,proxy_or_more_data_required
2014-01-31,2013-09-30,2014-01-21,QQQ_SEC_annual,123,100,7,DISH|ILMN|MAR|NXPI|TRIP|TSCO|VIP,DELL|FOSL|GOLD|MCHP|NUAN|SHLD|XRAY,0.0167941345153906,0.0426678645971436,proxy_or_more_data_required
2014-02-28,2014-01-31,2014-02-07,CNDX_monthly,28,100,0,,,0.0,0.039231695232995585,proxy_or_more_data_required
2014-03-31,2014-02-28,2014-03-07,CNDX_monthly,31,100,0,,,0.0,0.039775859624329155,proxy_or_more_data_required
2014-04-30,2014-03-31,2014-04-07,CNDX_monthly,30,101,1,GOOG,,0.0,0.03895080942235064,proxy_or_more_data_required
2014-05-30,2014-04-30,2014-05-07,CNDX_monthly,30,101,0,,,0.0,0.03866033193034066,proxy_or_more_data_required
2014-06-30,2014-05-30,2014-06-06,CNDX_monthly,31,101,0,,,0.0,0.03828027305738828,proxy_or_more_data_required
2014-07-31,2014-06-30,2014-07-07,CNDX_monthly,31,102,1,LMCK,,0.0,0.037259241238443506,proxy_or_more_data_required
2014-08-29,2014-07-31,2014-08-07,CNDX_monthly,29,103,1,DISCK,,0.0,0.03489907481714378,proxy_or_more_data_required
2014-09-30,2014-08-29,2014-09-05,CNDX_monthly,32,103,0,,,0.0,0.03613493592846153,proxy_or_more_data_required
2014-10-31,2014-09-30,2014-10-07,CNDX_monthly,31,103,0,,,0.0,0.03556800046262367,proxy_or_more_data_required
2014-11-28,2014-10-31,2014-11-07,CNDX_monthly,28,103,0,,LVNTA,0.00048746956057211204,0.03543429843845433,proxy_or_more_data_required
2014-12-31,2014-11-28,2014-12-05,CNDX_monthly,33,105,5,AAL|EA|FOX|LBTYK|LRCX,EXPE|FFIV|LVNTA|MXIM,0.0062687536022762455,0.03531810957296442,proxy_or_more_data_required
2015-01-30,2014-12-31,2015-01-07,CNDX_monthly,30,105,0,,CMCSK|LVNTA,0.0060224357509284406,0.040782833446807214,proxy_or_more_data_required
2015-02-27,2015-01-30,2015-02-06,CNDX_monthly,28,105,0,,CMCSK|LVNTA,0.005728004359992537,0.037767954115008634,proxy_or_more_data_required
2015-03-31,2015-02-27,2015-03-06,CNDX_monthly,32,105,1,WBA,CMCSK|EQIX|LVNTA,0.008375811891604336,0.03728174376281536,proxy_or_more_data_required
2015-04-30,2015-03-31,2015-04-07,CNDX_monthly,30,105,0,,CMCSK|LVNTA,0.0056426850879413674,0.039872568359154696,proxy_or_more_data_required
2015-05-29,2015-04-30,2015-05-07,CNDX_monthly,29,105,0,,CMCSK|LVNTA,0.005643686151145396,0.03867490701973008,proxy_or_more_data_required
2015-06-30,2015-05-29,2015-06-05,CNDX_monthly,32,105,0,,CMCSK|LVNTA,0.005552927818553642,0.03839108725065775,proxy_or_more_data_required
2015-07-31,2015-06-30,2015-07-07,CNDX_monthly,31,107,5,BMRN|JD|KHC|LILA|LILAK,CMCSK|CTRX|DTV|KRFT|LVNTA,0.02734148191944933,0.03760841166539147,proxy_or_more_data_required
2015-08-31,2015-07-31,2015-08-07,CNDX_monthly,31,107,0,,CMCSK|LVNTA,0.00560675123282995,0.02737553317412855,proxy_or_more_data_required
2015-09-30,2015-08-31,2015-09-07,CNDX_monthly,30,107,0,,CMCSK|LVNTA,0.005572441387372493,0.025125029017392202,proxy_or_more_data_required
2015-10-30,2015-09-30,2015-10-07,CNDX_monthly,30,107,1,INCY,ALTR|CMCSK|LVNTA,0.008831988528464129,0.024606352266804583,proxy_or_more_data_required
2015-11-30,2015-10-30,2015-11-06,CNDX_monthly,31,107,1,PYPL,BRCM|CMCSK|LVNTA,0.010900189645120163,0.022153461183616205,proxy_or_more_data_required
2015-12-31,2015-11-30,2015-12-07,CNDX_monthly,31,105,7,CTRP|ENDP|EXPE|MXIM|NCLH|TMUS|ULTA,CHRW|CMCSK|EXPD|GMCR|GRMN|LILA|LILAK|LVNTA|SPLS|VIP|WYNN,0.015922185005929675,0.02107689749671464,proxy_or_more_data_required
2016-01-29,2015-12-31,2016-01-07,CNDX_monthly,29,105,0,,LVNTA,0.0011742717892320358,0.018510505746159377,proxy_or_more_data_required
2016-02-29,2016-01-29,2016-02-05,CNDX_monthly,31,105,1,CSX,KLAC|LVNTA,0.003247441320421348,0.018786630647801256,proxy_or_more_data_required
2016-03-31,2016-02-29,2016-03-07,CNDX_monthly,31,105,1,NTES,LVNTA|SNDK,0.004031727432511604,0.019529095998517786,proxy_or_more_data_required
2016-04-29,2016-03-31,2016-04-07,CNDX_monthly,29,107,4,BATRA|BATRK|LMCA|LMCK,LMCA|LMCK|LVNTA,0.003473227061780309,0.019637049025916543,proxy_or_more_data_required
2016-05-31,2016-04-29,2016-05-06,CNDX_monthly,32,107,0,,LVNTA,0.001100700121893312,0.01886042037398332,proxy_or_more_data_required
2016-06-30,2016-05-31,2016-06-07,CNDX_monthly,30,104,1,XRAY,BATRA|BATRK|BATRR|LMCA|LMCK|LVNTA,0.0013880678202423044,0.017933378169122677,proxy_or_more_data_required
2016-07-29,2016-06-30,2016-07-07,CNDX_monthly,29,104,1,MCHP,ENDP|LILA|LILAK|LVNTA,0.002449850979093368,0.0178097349900768,proxy_or_more_data_required
2016-08-31,2016-07-29,2016-08-05,CNDX_monthly,33,104,0,,LVNTA,0.0009496858843054364,0.015914928022145645,proxy_or_more_data_required
2016-09-30,2016-08-31,2016-09-07,CNDX_monthly,30,104,0,,LVNTA,0.0009622105817274916,0.01583026561186418,proxy_or_more_data_required
2016-10-31,2016-09-30,2016-10-07,CNDX_monthly,31,104,1,SHPG,LLTC|LVNTA,0.0035214242722185797,0.015350487682942567,proxy_or_more_data_required
2016-11-30,2016-10-31,2016-11-07,CNDX_monthly,30,104,0,,LVNTA,0.0009880216399175967,0.015924036120484552,proxy_or_more_data_required
2016-12-30,2016-11-30,2016-12-07,CNDX_monthly,30,104,4,CTAS|HAS|HOLX|KLAC,BBBY|LVNTA|NTAP|SRCL|WFM,0.006512474794594759,0.01639540133024348,proxy_or_more_data_required
2017-01-31,2016-12-30,2017-01-06,CNDX_monthly,32,104,0,,LILA|LILAK|LVNTA,0.0011934049129220063,0.016319449104660863,proxy_or_more_data_required
2017-02-28,2016-12-30,2017-01-06,CNDX_monthly,60,104,1,JBHT,LILA|LILAK|LVNTA|NXPI,0.007017200856006359,0.016319449104660863,proxy_or_more_data_required
2017-03-31,2016-12-30,2017-01-06,CNDX_monthly,91,104,2,IDXX|JBHT,LILA|LILAK|LVNTA|NXPI|SBAC,0.009241150724786908,0.016319449104660863,proxy_or_more_data_required
2017-04-28,2016-12-30,2017-01-06,CNDX_monthly,119,104,3,IDXX|JBHT|WYNN,LILA|LILAK|LVNTA|NXPI|SBAC|TRIP,0.010329187449006107,0.016319449104660863,proxy_or_more_data_required
2017-05-31,2016-12-30,2017-01-06,CNDX_monthly,152,104,3,IDXX|JBHT|WYNN,LILA|LILAK|LVNTA|NXPI|SBAC|TRIP,0.010329187449006107,0.016319449104660863,proxy_or_more_data_required
2017-06-30,2016-12-30,2017-01-06,CNDX_monthly,182,104,4,IDXX|JBHT|MELI|WYNN,LILA|LILAK|LVNTA|NXPI|SBAC|TRIP|YHOO,0.016831666706396752,0.016319449104660863,proxy_or_more_data_required
2017-07-31,2016-12-30,2017-01-06,CNDX_monthly,213,104,4,IDXX|JBHT|MELI|WYNN,LILA|LILAK|LVNTA|NXPI|SBAC|TRIP|YHOO,0.016831666706396752,0.016319449104660863,proxy_or_more_data_required
2017-08-31,2017-07-31,2017-08-07,CNDX_monthly,31,104,0,,LILA|LILAK|LVNTA,0.0013761969440851342,0.008537892969519723,proxy_or_more_data_required
2017-09-29,2017-08-31,2017-09-07,CNDX_monthly,29,104,0,,LILA|LILAK|LVNTA,0.0013697635497678423,0.007976552400356603,proxy_or_more_data_required
2017-10-31,2017-09-29,2017-10-06,CNDX_monthly,32,104,1,ALGN,LILA|LILAK|LVNTA|MAT,0.002033679949392,0.007598732148683796,proxy_or_more_data_required
2017-11-30,2017-10-31,2017-11-07,CNDX_monthly,30,104,0,,LILA|LILAK|LVNTA,0.0011661575444847638,0.0071532819778770025,proxy_or_more_data_required
2017-12-29,2017-11-30,2017-12-07,CNDX_monthly,29,103,5,ASML|CDNS|SNPS|TTWO|WDAY,AKAM|DISCA|DISCK|LILA|LILAK|LVNTA|NCLH|TSCO|VIAB,0.007595984060352562,0.008443775690180007,proxy_or_more_data_required
2018-01-31,2017-12-29,2018-01-05,CNDX_monthly,33,103,0,,LVNTA,0.000600408682719182,0.008593800179140628,proxy_or_more_data_required
2018-02-28,2018-01-31,2018-02-07,CNDX_monthly,28,103,0,,LVNTA,0.0006004315169319482,0.008456853919251332,proxy_or_more_data_required
2018-03-29,2018-02-28,2018-03-07,CNDX_monthly,29,103,0,,LVNTA,0.000552934829555581,0.008557845613370306,proxy_or_more_data_required
2018-04-30,2018-03-30,2018-04-06,CNDX_monthly,31,103,0,,,0.0,0.008909241117138565,proxy_or_more_data_required
2018-05-31,2018-04-30,2018-05-07,CNDX_monthly,31,103,0,,,0.0,0.008939156769247418,proxy_or_more_data_required
2018-06-29,2018-05-31,2018-06-07,CNDX_monthly,29,103,0,,,0.0,0.00894995360834812,proxy_or_more_data_required
2018-07-31,2018-06-29,2018-07-06,CNDX_monthly,32,103,1,PEP,DISH,0.0009685815119749756,0.011509469367006735,proxy_or_more_data_required
2018-08-31,2018-07-31,2018-08-07,CNDX_monthly,31,103,0,,,0.0,0.009934709166972991,proxy_or_more_data_required
2018-09-28,2018-08-31,2018-09-07,CNDX_monthly,28,103,0,,,0.0,0.009478554823531344,proxy_or_more_data_required
2018-10-31,2018-09-28,2018-10-05,CNDX_monthly,33,103,0,,,0.0,0.009702748828526373,proxy_or_more_data_required
2018-11-30,2018-10-31,2018-11-07,CNDX_monthly,30,103,2,NXPI|XEL,CA|XRAY,0.003288067750703536,0.010452583791952004,proxy_or_more_data_required
2018-12-31,2018-11-30,2018-12-07,CNDX_monthly,31,103,6,AMD|LULU|NTAP|UAL|VRSN|WLTW,ESRX|HOLX|QRTEA|SHPG|STX|VOD,0.014372838047342039,0.01137203248413838,proxy_or_more_data_required
2019-01-31,2018-12-31,2019-01-07,CNDX_monthly,31,103,0,,,0.0,0.015689784639413687,proxy_or_more_data_required
2019-02-28,2019-01-31,2019-02-07,CNDX_monthly,28,103,0,,,0.0,0.014868624160435487,proxy_or_more_data_required
2019-03-29,2019-02-28,2019-03-07,CNDX_monthly,29,103,0,,,0.0,0.014896435916439667,proxy_or_more_data_required
2019-04-30,2019-03-29,2019-04-05,CNDX_monthly,32,103,2,FOX|FOXA,FOX|FOXA|TFCFA,0.0027983948179831817,0.0028212241445360717,proxy_or_more_data_required
2019-05-31,2019-04-30,2019-05-07,CNDX_monthly,31,103,2,FOX|FOXA,FOX|FOXA,0.0028322896438946715,0.0028073580455869767,proxy_or_more_data_required
2019-06-28,2019-05-31,2019-06-07,CNDX_monthly,28,103,2,FOX|FOXA,FOX|FOXA,0.0027909652998869263,0.0029177726809786926,proxy_or_more_data_required
2019-07-31,2019-06-28,2019-07-05,CNDX_monthly,33,103,2,FOX|FOXA,FOX|FOXA,0.002706705796787332,0.0029346589387514834,proxy_or_more_data_required
2019-08-30,2019-07-31,2019-08-07,CNDX_monthly,30,103,2,FOX|FOXA,FOX|FOXA,0.002695018631133593,0.002989992805874252,proxy_or_more_data_required
2019-09-30,2019-08-30,2019-09-06,CNDX_monthly,31,103,2,FOX|FOXA,FOX|FOXA,0.002435155570648704,0.0030926155279323336,proxy_or_more_data_required
2019-10-31,2019-09-30,2019-10-07,CNDX_monthly,31,103,2,FOX|FOXA,FOX|FOXA,0.0023045588571741975,0.0029891110169462695,proxy_or_more_data_required
2019-11-29,2019-10-31,2019-11-07,CNDX_monthly,29,103,1,EXC,CELG,0.008816321480776051,0.0027651039951969024,proxy_or_more_data_required
2019-12-31,2019-11-29,2019-12-06,CNDX_monthly,32,103,6,ANSS|CDW|CPRT|CSGP|SGEN|SPLK,HAS|HSIC|JBHT|MYL|NLOK|WYNN,0.008090699911775742,0.002747907857694814,proxy_or_more_data_required
2020-01-31,2019-12-31,2020-01-07,CNDX_monthly,31,103,0,,,0.0,0.0029349871524259876,proxy_or_more_data_required
2020-02-28,2020-01-31,2020-02-07,CNDX_monthly,28,103,0,,,0.0,0.0029723352342574273,proxy_or_more_data_required
2020-03-31,2020-02-28,2020-03-06,CNDX_monthly,32,103,0,,,0.0,0.002828842130797992,proxy_or_more_data_required
2020-04-30,2020-03-31,2020-04-07,CNDX_monthly,30,103,2,DXCM|ZM,AAL|WLTW,0.0034022917368963872,0.002749030078295199,proxy_or_more_data_required
2020-05-29,2020-04-30,2020-05-07,CNDX_monthly,29,103,0,,,0.0,0.0,source_weights_joined_price_and_actions_still_need_validation
2020-06-30,2020-05-29,2020-06-05,CNDX_monthly,32,103,1,DOCU,UAL,0.0008406934503658233,0.0,proxy_or_more_data_required
2020-07-31,2020-06-30,2020-07-07,CNDX_monthly,31,103,1,MRNA,CSGP,0.002697194947301537,0.0,proxy_or_more_data_required
2020-08-31,2020-07-31,2020-08-07,CNDX_monthly,31,103,1,PDD,NTAP,0.000889858101434409,0.0,proxy_or_more_data_required
2020-09-30,2020-08-31,2020-09-07,CNDX_monthly,30,103,0,,,0.0,0.0,source_weights_joined_price_and_actions_still_need_validation
2020-10-30,2020-09-30,2020-10-07,CNDX_monthly,30,103,1,KDP,WDC,0.0009395781513212074,0.0,proxy_or_more_data_required
2020-11-30,2020-10-30,2020-11-06,CNDX_monthly,31,103,0,,,0.0,0.0,source_weights_joined_price_and_actions_still_need_validation
2020-12-31,2020-11-30,2020-12-07,CNDX_monthly,31,102,6,AEP|MRVL|MTCH|OKTA|PTON|TEAM,BMRN|CTXS|EXPE|LBTYA|LBTYK|TTWO|ULTA,0.007581720108883698,0.0,proxy_or_more_data_required
2021-01-29,2020-12-31,2021-01-07,CNDX_monthly,29,102,0,,,0.0,0.0,source_weights_joined_price_and_actions_still_need_validation
2021-02-26,2021-01-29,2021-02-05,CNDX_monthly,28,102,0,,,0.0,0.0,source_weights_joined_price_and_actions_still_need_validation
2021-03-31,2021-02-26,2021-03-05,CNDX_monthly,33,102,0,,,0.0,0.0,source_weights_joined_price_and_actions_still_need_validation
2021-04-30,2021-03-31,2021-04-07,CNDX_monthly,30,102,0,,,0.0,0.0,source_weights_joined_price_and_actions_still_need_validation
2021-05-28,2021-04-30,2021-05-07,CNDX_monthly,28,102,0,,,0.0,0.0,source_weights_joined_price_and_actions_still_need_validation
2021-06-30,2021-05-31,2021-06-07,CNDX_monthly,30,102,0,,,0.0,0.0,source_weights_joined_price_and_actions_still_need_validation
2021-07-30,2021-06-30,2021-07-07,CNDX_monthly,30,102,1,HON,ALXN,0.002943018428460378,0.0,proxy_or_more_data_required
2021-08-31,2021-07-30,2021-08-06,CNDX_monthly,32,102,1,CRWD,MXIM,0.0019019673405894237,0.0,proxy_or_more_data_required
2021-09-30,2021-08-31,2021-09-07,CNDX_monthly,30,102,0,,,0.0,0.0,source_weights_joined_price_and_actions_still_need_validation
2021-10-29,2021-09-30,2021-10-07,CNDX_monthly,29,102,0,,,0.0,0.0,source_weights_joined_price_and_actions_still_need_validation
2021-11-30,2021-10-29,2021-11-05,CNDX_monthly,32,102,0,,,0.0,0.0,source_weights_joined_price_and_actions_still_need_validation
2021-12-31,2021-11-30,2021-12-07,CNDX_monthly,31,101,6,ABNB|DDOG|FTNT|LCID|PANW|ZS,CDW|CERN|CHKP|FOX|FOXA|INCY|TCOM,0.007225327375442211,0.0,proxy_or_more_data_required
2022-01-31,2021-12-31,2022-01-07,CNDX_monthly,31,101,1,ODFL,PTON,0.0007130898617433048,0.0,proxy_or_more_data_required
2022-02-28,2022-01-31,2022-02-07,CNDX_monthly,28,102,2,AZN|CEG,XLNX,0.0034799839847448593,0.0,proxy_or_more_data_required
2022-03-31,2022-02-28,2022-03-07,CNDX_monthly,31,102,0,,,0.0,0.0,source_weights_joined_price_and_actions_still_need_validation
2022-04-29,2022-03-31,2022-04-07,CNDX_monthly,29,102,0,,,0.0,0.0,source_weights_joined_price_and_actions_still_need_validation
2022-05-31,2022-04-29,2022-05-06,CNDX_monthly,32,102,0,,,0.0,0.0,source_weights_joined_price_and_actions_still_need_validation
2022-06-30,2022-05-31,2022-06-07,CNDX_monthly,30,102,0,,,0.0,0.0,source_weights_joined_price_and_actions_still_need_validation
2022-07-29,2022-06-30,2022-07-07,CNDX_monthly,29,102,0,,,0.0,0.0,source_weights_joined_price_and_actions_still_need_validation
2022-08-31,2022-07-29,2022-08-05,CNDX_monthly,33,102,0,,,0.0,0.0,source_weights_joined_price_and_actions_still_need_validation
2022-09-30,2022-08-31,2022-09-07,CNDX_monthly,30,102,0,,,0.0,0.0,source_weights_joined_price_and_actions_still_need_validation
2022-10-31,2022-09-30,2022-10-07,CNDX_monthly,31,102,0,,,0.0,0.0,source_weights_joined_price_and_actions_still_need_validation
2022-11-30,2022-10-31,2022-11-07,CNDX_monthly,30,102,1,ENPH,OKTA,0.0007877265352526661,0.0,proxy_or_more_data_required
2022-12-30,2022-11-30,2022-12-07,CNDX_monthly,30,101,6,BKR|CSGP|FANG|GFS|RIVN|WBD,BIDU|DOCU|MTCH|NTES|SPLK|SWKS|VRSN,0.009395838181049138,0.0,proxy_or_more_data_required
2023-01-31,2022-12-30,2023-01-06,CNDX_monthly,32,101,0,,,0.0,0.0,source_weights_joined_price_and_actions_still_need_validation
2023-02-28,2023-01-31,2023-02-07,CNDX_monthly,28,101,0,,,0.0,0.0,source_weights_joined_price_and_actions_still_need_validation
2023-03-31,2023-02-28,2023-03-07,CNDX_monthly,31,101,0,,,0.0,0.0,source_weights_joined_price_and_actions_still_need_validation
2023-04-28,2023-03-31,2023-04-07,CNDX_monthly,28,101,0,,,0.0,0.0,source_weights_joined_price_and_actions_still_need_validation
2023-05-31,2023-04-28,2023-05-05,CNDX_monthly,33,101,0,,,0.0,0.0,source_weights_joined_price_and_actions_still_need_validation
2023-06-30,2023-05-31,2023-06-07,CNDX_monthly,30,101,2,GEHC|ON,FISV|RIVN,0.005941831740096271,0.0,proxy_or_more_data_required
2023-07-31,2023-06-30,2023-07-07,CNDX_monthly,31,101,1,TTD,ATVI,0.004374161412731039,0.0,proxy_or_more_data_required
2023-08-31,2023-07-31,2023-08-07,CNDX_monthly,31,101,0,,,0.0,0.0,source_weights_joined_price_and_actions_still_need_validation
2023-09-29,2023-08-31,2023-09-07,CNDX_monthly,29,101,0,,,0.0,0.0,source_weights_joined_price_and_actions_still_need_validation
2023-10-31,2023-09-29,2023-10-06,CNDX_monthly,32,101,0,,,0.0,0.0,source_weights_joined_price_and_actions_still_need_validation
2023-11-30,2023-10-31,2023-11-07,CNDX_monthly,30,101,0,,,0.0,0.0,source_weights_joined_price_and_actions_still_need_validation
2023-12-29,2023-11-30,2023-12-07,CNDX_monthly,29,101,7,CCEP|CDW|DASH|MDB|ROP|SPLK|TTWO,ALGN|EBAY|ENPH|JD|LCID|SGEN|ZM,0.010493787316929402,0.0,proxy_or_more_data_required
2024-01-31,2023-12-29,2024-01-05,CNDX_monthly,33,101,0,,,0.0,0.0,source_weights_joined_price_and_actions_still_need_validation
2024-02-29,2024-01-31,2024-02-07,CNDX_monthly,29,101,0,,,0.0,0.0,source_weights_joined_price_and_actions_still_need_validation
2024-03-28,2024-02-29,2024-03-07,CNDX_monthly,28,101,1,LIN,SPLK,0.0019430081657029257,0.0,proxy_or_more_data_required
2024-04-30,2024-03-29,2024-04-05,CNDX_monthly,32,101,0,,,0.0,0.0,source_weights_joined_price_and_actions_still_need_validation
2024-05-31,2024-04-30,2024-05-07,CNDX_monthly,31,101,0,,,0.0,0.0,source_weights_joined_price_and_actions_still_need_validation
2024-06-28,2024-05-31,2024-06-07,CNDX_monthly,28,101,1,ARM,SIRI,0.0007781079732521627,0.0,proxy_or_more_data_required
2024-07-31,2024-06-28,2024-07-05,CNDX_monthly,33,101,1,SMCI,GRAL|WBA,0.0007347409810219118,0.0,proxy_or_more_data_required
2024-08-30,2024-07-31,2024-08-07,CNDX_monthly,30,101,0,,,0.0,0.0,source_weights_joined_price_and_actions_still_need_validation
2024-09-30,2024-08-30,2024-09-06,CNDX_monthly,31,101,0,,,0.0,0.0,source_weights_joined_price_and_actions_still_need_validation
2024-10-31,2024-09-30,2024-10-07,CNDX_monthly,31,101,0,,,0.0,0.0,source_weights_joined_price_and_actions_still_need_validation
2024-11-29,2024-10-31,2024-11-07,CNDX_monthly,29,101,1,APP,DLTR,0.0009411243945126224,0.0,proxy_or_more_data_required
2024-12-31,2024-11-29,2024-12-06,CNDX_monthly,32,101,3,AXON|MSTR|PLTR,ILMN|MRNA|SMCI,0.0037052169510722785,0.0,proxy_or_more_data_required
2025-01-31,2024-12-31,2025-01-07,CNDX_monthly,31,101,0,,,0.0,0.0,source_weights_joined_price_and_actions_still_need_validation
2025-02-28,2025-01-31,2025-02-07,CNDX_monthly,28,101,0,,,0.0,0.0,source_weights_joined_price_and_actions_still_need_validation
2025-03-31,2025-02-28,2025-03-07,CNDX_monthly,31,101,0,,,0.0,0.0,source_weights_joined_price_and_actions_still_need_validation
2025-04-30,2025-03-31,2025-04-07,CNDX_monthly,30,101,0,,,0.0,0.0,source_weights_joined_price_and_actions_still_need_validation
2025-05-30,2025-04-30,2025-05-07,CNDX_monthly,30,101,1,SHOP,MDB,0.0008577458027030178,0.0,proxy_or_more_data_required
2025-06-30,2025-05-30,2025-06-06,CNDX_monthly,31,101,0,,,0.0,0.0,source_weights_joined_price_and_actions_still_need_validation
2025-07-31,2025-06-30,2025-07-07,CNDX_monthly,31,101,1,TRI,ANSS,0.0017711514680433197,0.0,proxy_or_more_data_required
2025-08-29,2025-07-31,2025-08-07,CNDX_monthly,29,101,0,,,0.0,0.0,source_weights_joined_price_and_actions_still_need_validation
2025-09-30,2025-08-29,2025-09-05,CNDX_monthly,32,101,0,,,0.0,0.0,source_weights_joined_price_and_actions_still_need_validation
2025-10-31,2025-09-30,2025-10-07,CNDX_monthly,31,102,1,SOLS,,0.0,0.0,proxy_or_more_data_required
2025-11-28,2025-10-31,2025-11-07,CNDX_monthly,28,101,0,,SOLS,0.0003679403998559043,0.0003679403998559043,proxy_or_more_data_required
2025-12-31,2025-11-28,2025-12-05,CNDX_monthly,33,101,6,ALNY|FER|INSM|MPWR|STX|WDC,BIIB|CDW|GFS|LULU|ON|TTD,0.006462236536890344,0.0,proxy_or_more_data_required
2026-01-30,2025-12-31,2026-01-07,CNDX_monthly,30,101,1,WMT,AZN,0.002958571266332565,0.0,proxy_or_more_data_required
2026-02-27,2026-01-30,2026-02-06,CNDX_monthly,28,101,0,,,0.0,0.0,source_weights_joined_price_and_actions_still_need_validation
2026-03-31,2026-02-27,2026-03-06,CNDX_monthly,32,101,0,,,0.0,0.0,source_weights_joined_price_and_actions_still_need_validation
2026-04-30,2026-03-31,2026-04-07,CNDX_monthly,30,101,1,SNDK,TEAM,0.0006330218457580131,0.0,proxy_or_more_data_required
2026-05-29,2026-04-30,2026-05-07,CNDX_monthly,29,101,1,LITE,CSGP,0.0007115781379944439,0.0,proxy_or_more_data_required
2026-06-30,2026-05-29,2026-06-05,CNDX_monthly,32,102,6,ALAB|CRWV|HONA|NBIS|RKLB|TER,CHTR|CTSH|INSM|VRSK|ZS,0.00502802416500102,0.0,proxy_or_more_data_required
2026-07-31,2026-06-30,2026-07-07,CNDX_monthly,31,103,1,SPCX,,0.0,0.0,proxy_or_more_data_required
2026-08-31,2026-07-31,2026-08-07,CNDX_monthly,31,102,0,,EA,0.002419852710890269,0.0,source_weights_joined_price_and_actions_still_need_validation
2026-09-30,2026-08-31,2026-09-07,CNDX_monthly,30,101,0,,KHC,0.001337599798701832,0.0,source_weights_joined_price_and_actions_still_need_validation
