security_id,declaration_date,ex_date,record_date,payment_date,cash_usd_per_share,source_url,source_evidence,announcement_date,payment_evidence,dividend_type
yahoo:CDK,,,2014-12-01,2014-12-29,0.12,https://www.sec.gov/Archives/edgar/data/1609702/000160970215000013/cdk_q4fy1510-k.htm | https://www.sec.gov/Archives/edgar/data/1609702/000117184314005618/document.htm,"FY2015 Form 10-K dividend table: issuer confirms declared and paid cash dividends; record date, payment date, and per-share amount appear in the table. Issuer Form 8-K supplies the public declaration notice date.",2014-11-19,issuer_report_confirms_payment,ordinary_regular_cash
yahoo:CDK,,,2015-03-02,2015-03-27,0.12,https://www.sec.gov/Archives/edgar/data/1609702/000160970215000013/cdk_q4fy1510-k.htm | https://www.sec.gov/Archives/edgar/data/1609702/000117184315000298/document.htm,"FY2015 Form 10-K dividend table: issuer confirms declared and paid cash dividends; record date, payment date, and per-share amount appear in the table. Issuer Form 8-K supplies the public declaration notice date.",2015-01-21,issuer_report_confirms_payment,ordinary_regular_cash
yahoo:CDK,,,2015-06-22,2015-06-30,0.12,https://www.sec.gov/Archives/edgar/data/1609702/000160970215000013/cdk_q4fy1510-k.htm | https://www.sec.gov/Archives/edgar/data/1609702/000117184315003385/document.htm,"FY2015 Form 10-K dividend table: issuer confirms declared and paid cash dividends; record date, payment date, and per-share amount appear in the table. Issuer Form 8-K supplies the public declaration notice date.",2015-06-10,issuer_report_confirms_payment,ordinary_regular_cash
yahoo:CDK,,,2015-09-01,2015-09-29,0.12,https://www.sec.gov/Archives/edgar/data/1609702/000160970216000046/cdk_q4fy1610-k.htm | https://www.sec.gov/Archives/edgar/data/1609702/000117184315004683/document.htm,"FY2016 Form 10-K dividend table: issuer confirms declared and paid cash dividends; record date, payment date, and per-share amount appear in the table. Issuer Form 8-K supplies the public declaration notice date.",2015-08-13,issuer_report_confirms_payment,ordinary_regular_cash
yahoo:CDK,,,2015-12-01,2015-12-30,0.135,https://www.sec.gov/Archives/edgar/data/1609702/000160970216000046/cdk_q4fy1610-k.htm | https://www.sec.gov/Archives/edgar/data/1609702/000117184315006101/document.htm,"FY2016 Form 10-K dividend table: issuer confirms declared and paid cash dividends; record date, payment date, and per-share amount appear in the table. Issuer Form 8-K supplies the public declaration notice date.",2015-11-06,issuer_report_confirms_payment,ordinary_regular_cash
yahoo:CDK,,,2016-03-01,2016-03-29,0.135,https://www.sec.gov/Archives/edgar/data/1609702/000160970216000046/cdk_q4fy1610-k.htm | https://www.sec.gov/Archives/edgar/data/1609702/000117184316007246/f8k_011916.htm,"FY2016 Form 10-K dividend table: issuer confirms declared and paid cash dividends; record date, payment date, and per-share amount appear in the table. Issuer Form 8-K supplies the public declaration notice date.",2016-01-19,issuer_report_confirms_payment,ordinary_regular_cash
yahoo:CDK,,,2016-06-20,2016-06-30,0.135,https://www.sec.gov/Archives/edgar/data/1609702/000160970216000046/cdk_q4fy1610-k.htm | https://www.sec.gov/Archives/edgar/data/1609702/000117184316010572/f8k_060816.htm,"FY2016 Form 10-K dividend table: issuer confirms declared and paid cash dividends; record date, payment date, and per-share amount appear in the table. Issuer Form 8-K supplies the public declaration notice date.",2016-06-08,issuer_report_confirms_payment,ordinary_regular_cash
yahoo:CDK,,,2016-09-16,2016-09-30,0.135,https://www.sec.gov/Archives/edgar/data/1609702/000160970217000016/cdk_q4fy1710-k.htm | https://www.sec.gov/Archives/edgar/data/1609702/000117184316011678/f8k_081016.htm,"FY2017 Form 10-K dividend table: issuer confirms declared and paid cash dividends; record date, payment date, and per-share amount appear in the table. Issuer Form 8-K supplies the public declaration notice date.",2016-08-10,issuer_report_confirms_payment,ordinary_regular_cash
yahoo:CDK,,,2016-12-20,2016-12-30,0.14,https://www.sec.gov/Archives/edgar/data/1609702/000160970217000016/cdk_q4fy1710-k.htm | https://www.sec.gov/Archives/edgar/data/1609702/000117184316013257/f8k_111516.htm,"FY2017 Form 10-K dividend table: issuer confirms declared and paid cash dividends; record date, payment date, and per-share amount appear in the table. Issuer Form 8-K supplies the public declaration notice date.",2016-11-15,issuer_report_confirms_payment,ordinary_regular_cash
yahoo:CDK,,,2017-03-01,2017-03-29,0.14,https://www.sec.gov/Archives/edgar/data/1609702/000160970217000016/cdk_q4fy1710-k.htm | https://www.sec.gov/Archives/edgar/data/1609702/000117184317000273/f8k_011817.htm,"FY2017 Form 10-K dividend table: issuer confirms declared and paid cash dividends; record date, payment date, and per-share amount appear in the table. Issuer Form 8-K supplies the public declaration notice date.",2017-01-18,issuer_report_confirms_payment,ordinary_regular_cash
yahoo:CDK,,,2017-06-20,2017-06-30,0.14,https://www.sec.gov/Archives/edgar/data/1609702/000160970217000016/cdk_q4fy1710-k.htm | https://www.sec.gov/Archives/edgar/data/1609702/000117184317003545/f8k_060717.htm,"FY2017 Form 10-K dividend table: issuer confirms declared and paid cash dividends; record date, payment date, and per-share amount appear in the table. Issuer Form 8-K supplies the public declaration notice date.",2017-06-07,issuer_report_confirms_payment,ordinary_regular_cash
yahoo:CDK,,,2017-09-11,2017-09-29,0.14,https://www.sec.gov/Archives/edgar/data/1609702/000160970218000034/cdkq4fy1810-k.htm | https://www.sec.gov/Archives/edgar/data/1609702/000117184317004858/f8k_080717.htm,"FY2018 Form 10-K dividend table: issuer confirms declared and paid cash dividends; record date, payment date, and per-share amount appear in the table. Issuer Form 8-K supplies the public declaration notice date.",2017-08-08,issuer_report_confirms_payment,ordinary_regular_cash
yahoo:CDK,,,2017-12-01,2017-12-29,0.15,https://www.sec.gov/Archives/edgar/data/1609702/000160970218000034/cdkq4fy1810-k.htm | https://www.sec.gov/Archives/edgar/data/1609702/000117184317007060/f8k_111517.htm,"FY2018 Form 10-K dividend table: issuer confirms declared and paid cash dividends; record date, payment date, and per-share amount appear in the table. Issuer Form 8-K supplies the public declaration notice date.",2017-11-15,issuer_report_confirms_payment,ordinary_regular_cash
yahoo:CDK,,,2018-03-01,2018-03-29,0.15,https://www.sec.gov/Archives/edgar/data/1609702/000160970218000034/cdkq4fy1810-k.htm | https://www.sec.gov/Archives/edgar/data/1609702/000117184318000388/f8k_011618.htm,"FY2018 Form 10-K dividend table: issuer confirms declared and paid cash dividends; record date, payment date, and per-share amount appear in the table. Issuer Form 8-K supplies the public declaration notice date.",2018-01-16,issuer_report_confirms_payment,ordinary_regular_cash
yahoo:CDK,,,2018-06-19,2018-06-29,0.15,https://www.sec.gov/Archives/edgar/data/1609702/000160970218000034/cdkq4fy1810-k.htm | https://www.sec.gov/Archives/edgar/data/1609702/000117184318004512/f8k_060618.htm,"FY2018 Form 10-K dividend table: issuer confirms declared and paid cash dividends; record date, payment date, and per-share amount appear in the table. Issuer Form 8-K supplies the public declaration notice date.",2018-06-07,issuer_report_confirms_payment,ordinary_regular_cash
yahoo:CDK,,,2018-09-04,2018-09-28,0.15,https://www.sec.gov/Archives/edgar/data/1609702/000160970219000015/cdkq4fy1910-k.htm | https://www.sec.gov/Archives/edgar/data/1609702/000117184318005825/f8k_080718.htm,"FY2019 Form 10-K dividend table: issuer confirms declared and paid cash dividends; record date, payment date, and per-share amount appear in the table. Issuer Form 8-K supplies the public declaration notice date.",2018-08-07,issuer_report_confirms_payment,ordinary_regular_cash
yahoo:CDK,,,2018-12-03,2018-12-28,0.15,https://www.sec.gov/Archives/edgar/data/1609702/000160970219000015/cdkq4fy1910-k.htm | https://www.sec.gov/Archives/edgar/data/1609702/000117184318007897/f8k_111318.htm,"FY2019 Form 10-K dividend table: issuer confirms declared and paid cash dividends; record date, payment date, and per-share amount appear in the table. Issuer Form 8-K supplies the public declaration notice date.",2018-11-13,issuer_report_confirms_payment,ordinary_regular_cash
yahoo:CDK,,,2019-03-01,2019-03-29,0.15,https://www.sec.gov/Archives/edgar/data/1609702/000160970219000015/cdkq4fy1910-k.htm | https://www.sec.gov/Archives/edgar/data/1609702/000117184319000410/f8k_012219.htm,"FY2019 Form 10-K dividend table: issuer confirms declared and paid cash dividends; record date, payment date, and per-share amount appear in the table. Issuer Form 8-K supplies the public declaration notice date.",2019-01-22,issuer_report_confirms_payment,ordinary_regular_cash
yahoo:CDK,,,2019-06-03,2019-06-27,0.15,https://www.sec.gov/Archives/edgar/data/1609702/000160970219000015/cdkq4fy1910-k.htm | https://www.sec.gov/Archives/edgar/data/1609702/000117184319002596/f8k_042419.htm,"FY2019 Form 10-K dividend table: issuer confirms declared and paid cash dividends; record date, payment date, and per-share amount appear in the table. Issuer Form 8-K supplies the public declaration notice date.",2019-04-24,issuer_report_confirms_payment,ordinary_regular_cash
yahoo:CDK,,,2019-09-03,2019-09-27,0.15,https://www.sec.gov/Archives/edgar/data/1609702/000160970220000015/cdk-20200630.htm | https://www.sec.gov/Archives/edgar/data/1609702/000117184319005263/f8k_080719.htm,"FY2020 Form 10-K dividend table: issuer confirms declared and paid cash dividends; record date, payment date, and per-share amount appear in the table. Issuer Form 8-K supplies the public declaration notice date.",2019-08-07,issuer_report_confirms_payment,ordinary_regular_cash
yahoo:CDK,,,2019-12-02,2019-12-30,0.15,https://www.sec.gov/Archives/edgar/data/1609702/000160970220000015/cdk-20200630.htm | https://www.sec.gov/Archives/edgar/data/1609702/000117184319007716/f8k_112119.htm,"FY2020 Form 10-K dividend table: issuer confirms declared and paid cash dividends; record date, payment date, and per-share amount appear in the table. Issuer Form 8-K supplies the public declaration notice date.",2019-11-21,issuer_report_confirms_payment,ordinary_regular_cash
yahoo:CDK,,,2020-03-02,2020-03-30,0.15,https://www.sec.gov/Archives/edgar/data/1609702/000160970220000015/cdk-20200630.htm | https://www.sec.gov/Archives/edgar/data/1609702/000117184320001040/f8k_021820.htm,"FY2020 Form 10-K dividend table: issuer confirms declared and paid cash dividends; record date, payment date, and per-share amount appear in the table. Issuer Form 8-K supplies the public declaration notice date.",2020-02-18,issuer_report_confirms_payment,ordinary_regular_cash
yahoo:CDK,,,2020-06-05,2020-06-29,0.15,https://www.sec.gov/Archives/edgar/data/1609702/000160970220000015/cdk-20200630.htm | https://www.sec.gov/Archives/edgar/data/1609702/000117184320003994/f8k_052620.htm,"FY2020 Form 10-K dividend table: issuer confirms declared and paid cash dividends; record date, payment date, and per-share amount appear in the table. Issuer Form 8-K supplies the public declaration notice date.",2020-05-26,issuer_report_confirms_payment,ordinary_regular_cash
yahoo:CDK,2020-08-06,,2020-09-01,2020-09-30,0.15,https://www.sec.gov/Archives/edgar/data/1609702/000160970221000058/cdk-20210630.htm | https://www.sec.gov/Archives/edgar/data/1609702/000117184320005686/f8k_080620.htm,FY2021 Form 10-K dividend table supplies dates and amounts. Statement of equity confirms $0.60 per share of dividends paid during fiscal 2021. Issuer Form 8-K supplies the public declaration notice date.,2020-08-06,issuer_report_confirms_payment,ordinary_regular_cash
yahoo:CDK,2020-11-12,,2020-12-01,2020-12-30,0.15,https://www.sec.gov/Archives/edgar/data/1609702/000160970221000058/cdk-20210630.htm | https://www.sec.gov/Archives/edgar/data/1609702/000117184320007941/f8k_111120.htm,FY2021 Form 10-K dividend table supplies dates and amounts. Statement of equity confirms $0.60 per share of dividends paid during fiscal 2021. Issuer Form 8-K supplies the public declaration notice date.,2020-11-12,issuer_report_confirms_payment,ordinary_regular_cash
yahoo:CDK,2021-02-24,,2021-03-08,2021-03-30,0.15,https://www.sec.gov/Archives/edgar/data/1609702/000160970221000058/cdk-20210630.htm | https://www.sec.gov/Archives/edgar/data/1609702/000117184321001284/f8k_022421.htm,FY2021 Form 10-K dividend table supplies dates and amounts. Statement of equity confirms $0.60 per share of dividends paid during fiscal 2021. Issuer Form 8-K supplies the public declaration notice date.,2021-02-24,issuer_report_confirms_payment,ordinary_regular_cash
yahoo:CDK,2021-06-10,,2021-06-21,2021-06-30,0.15,https://www.sec.gov/Archives/edgar/data/1609702/000160970221000058/cdk-20210630.htm | https://www.sec.gov/Archives/edgar/data/1609702/000160970221000047/cdk-20210610.htm,FY2021 Form 10-K dividend table supplies dates and amounts. Statement of equity confirms $0.60 per share of dividends paid during fiscal 2021. Issuer Form 8-K supplies the public declaration notice date.,2021-06-10,issuer_report_confirms_payment,ordinary_regular_cash
yahoo:CDK,,,2021-09-01,2021-09-30,0.15,https://www.sec.gov/Archives/edgar/data/1609702/000117184321005944/f8k_081321.htm | https://www.sec.gov/Archives/edgar/data/1609702/000160970222000036/cdk-20220331.htm,"Issuer Form 8-K supplies declared date, record date, scheduled payment date, and amount. FY2022 Q3 Form 10-Q confirms $0.45 per share paid over the nine months through March 31, 2022.",2021-08-13,issuer_report_confirms_payment,ordinary_regular_cash
yahoo:CDK,,,2021-12-01,2021-12-30,0.15,https://www.sec.gov/Archives/edgar/data/1609702/000160970221000082/cdk-20211112.htm | https://www.sec.gov/Archives/edgar/data/1609702/000160970222000036/cdk-20220331.htm,"Issuer Form 8-K supplies declared date, record date, scheduled payment date, and amount. FY2022 Q3 Form 10-Q confirms $0.45 per share paid over the nine months through March 31, 2022.",2021-11-12,issuer_report_confirms_payment,ordinary_regular_cash
yahoo:CDK,,,2022-03-01,2022-03-30,0.15,https://www.sec.gov/Archives/edgar/data/1609702/000160970222000003/cdk-20220112.htm | https://www.sec.gov/Archives/edgar/data/1609702/000160970222000036/cdk-20220331.htm,"Issuer Form 8-K supplies declared date, record date, scheduled payment date, and amount. FY2022 Q3 Form 10-Q confirms $0.45 per share paid over the nine months through March 31, 2022.",2022-01-12,issuer_report_confirms_payment,ordinary_regular_cash
yahoo:CDK,,,2022-06-20,2022-06-29,0.15,https://www.sec.gov/Archives/edgar/data/1609702/000160970222000041/cdk-20220609.htm,"Issuer Form 8-K confirms declaration, record date, scheduled payment date, and amount. Actual payment lacks separate post-payment primary-source confirmation in this audit.",2022-06-09,issuer_declared_schedule_only,ordinary_regular_cash
yahoo:LOGM,,,2017-05-10,2017-05-26,0.25,https://www.sec.gov/Archives/edgar/data/1420302/000119312517239411/d388366d10q.htm,"Note 8 confirms actual payment and record date. Public announcement: 2017-02-28. Board approved the capital return plan on 2017-02-23, but an exact dividend declaration date is not explicit. Announcement source: https://www.sec.gov/Archives/edgar/data/1420302/000119312517062311/d355951dex991.htm",2017-02-28,issuer_report_confirms_payment,ordinary_regular_cash
yahoo:LOGM,2017-07-24,,2017-08-09,2017-08-25,0.25,https://www.sec.gov/Archives/edgar/data/1420302/000119312517322135/d442252d10q.htm,Note 8 confirms actual payment and record date. The preceding Q2 report gives the Board declaration date as 2017-07-24 in Liquidity and Capital Resources: https://www.sec.gov/Archives/edgar/data/1420302/000119312517239411/d388366d10q.htm,,issuer_report_confirms_payment,ordinary_regular_cash
yahoo:LOGM,2017-10-26,,2017-11-08,2017-11-24,0.25,https://www.sec.gov/Archives/edgar/data/1420302/000119312518050503/d506130d10k.htm,Purchases of Equity Securities footnote (2) confirms actual payment and record date. The Q3 report gives the Board declaration date as 2017-10-26 in Liquidity and Capital Resources: https://www.sec.gov/Archives/edgar/data/1420302/000119312517322135/d442252d10q.htm,,issuer_report_confirms_payment,ordinary_regular_cash
yahoo:LOGM,2018-02-01,,2018-02-12,2018-02-28,0.3,https://www.sec.gov/Archives/edgar/data/1420302/000119312518136767/d518828d10q.htm,Common Stock and Equity confirms actual payment and record date. The prior annual report gives the Board declaration date as 2018-02-01 in Dividends: https://www.sec.gov/Archives/edgar/data/1420302/000119312518050503/d506130d10k.htm,,issuer_report_confirms_payment,ordinary_regular_cash
yahoo:LOGM,2018-04-24,,2018-05-09,2018-05-25,0.3,https://www.sec.gov/Archives/edgar/data/1420302/000119312518228774/d641227d10q.htm,"Common Stock and Equity confirms actual payment and record date. The Q1 report gives the Board declaration date as 2018-04-24 in Subsequent Events, Cash Dividend: https://www.sec.gov/Archives/edgar/data/1420302/000119312518136767/d518828d10q.htm",,issuer_report_confirms_payment,ordinary_regular_cash
yahoo:LOGM,2018-07-24,,2018-08-08,2018-08-24,0.3,https://www.sec.gov/Archives/edgar/data/1420302/000156459018025208/logm-10q_20180930.htm,"Common Stock and Equity confirms actual payment and record date. The Q2 report gives the Board declaration date as 2018-07-24 in Subsequent Events, Cash Dividend: https://www.sec.gov/Archives/edgar/data/1420302/000119312518228774/d641227d10q.htm",,issuer_report_confirms_payment,ordinary_regular_cash
yahoo:LOGM,2018-10-23,,2018-11-14,2018-11-30,0.3,https://www.sec.gov/Archives/edgar/data/1420302/000156459019003676/logm-10k_20181231.htm,"Purchases of Equity Securities footnote (2) confirms actual payment and record date. The Q3 report gives the Board declaration date as 2018-10-23 in Subsequent Events, Cash Dividend: https://www.sec.gov/Archives/edgar/data/1420302/000156459018025208/logm-10q_20180930.htm",,issuer_report_confirms_payment,ordinary_regular_cash
yahoo:LOGM,,,2019-02-25,2019-03-12,0.325,https://www.sec.gov/Archives/edgar/data/1420302/000156459019013221/logm-10q_20190331.htm,"Common Stock and Equity confirms actual payment and record date. The previous annual report states a 2019-02-14 announcement of a declared dividend, without an explicit separate Board declaration date: https://www.sec.gov/Archives/edgar/data/1420302/000156459019003676/logm-10k_20181231.htm",2019-02-14,issuer_report_confirms_payment,ordinary_regular_cash
yahoo:LOGM,,,2019-05-08,2019-05-24,0.325,https://www.sec.gov/Archives/edgar/data/1420302/000156459019026254/logm-10q_20190630.htm,"Common Stock and Equity confirms actual payment and record date. The Q1 report states a 2019-04-25 announcement of a declared dividend, without an explicit separate Board declaration date: https://www.sec.gov/Archives/edgar/data/1420302/000156459019013221/logm-10q_20190331.htm",2019-04-25,issuer_report_confirms_payment,ordinary_regular_cash
yahoo:LOGM,,,2019-08-07,2019-08-23,0.325,https://www.sec.gov/Archives/edgar/data/1420302/000156459019037838/logm-10q_20190930.htm,"Common Stock and Equity confirms actual payment and record date. The Q2 report states a 2019-07-25 announcement of a declared dividend, without an explicit separate Board declaration date: https://www.sec.gov/Archives/edgar/data/1420302/000156459019026254/logm-10q_20190630.htm",2019-07-25,issuer_report_confirms_payment,ordinary_regular_cash
yahoo:LOGM,,,2019-11-13,2019-11-29,0.325,https://www.sec.gov/Archives/edgar/data/1420302/000156459020004769/logm-10k_20191231.htm,"Purchases of Equity Securities footnote (2) confirms actual payment and record date. The Q3 report states a 2019-10-24 announcement of a declared dividend, without an explicit separate Board declaration date: https://www.sec.gov/Archives/edgar/data/1420302/000156459019037838/logm-10q_20190930.htm",2019-10-24,issuer_report_confirms_payment,ordinary_regular_cash
