effective_date,available_date,source,rows,mapped_rows,unresolved_rows,mapped_weight,unresolved_weight,reference_price_date_range_covered_rows,reference_price_date_range_covered_weight
2009-09-30,2010-01-19,QQQ_SEC_annual,100,92,8,0.9553976339035973,0.04460236609640271,0,0.0
2010-09-30,2010-12-31,QQQ_SEC_annual,100,93,7,0.959121032328192,0.040878967671803004,93,0.959121032328192
2011-04-04,2011-04-06,Nasdaq_2011_special_rebalance,100,93,7,0.9576000000000002,0.04240000000000001,93,0.9576000000000002
2011-05-02,2011-04-06,Nasdaq_2011_special_rebalance,100,93,7,0.9593,0.0407,93,0.9593
2011-09-30,2012-01-23,QQQ_SEC_annual,100,94,6,0.9690758941003572,0.0309241058996379,94,0.9690758941003572
2012-09-30,2013-01-29,QQQ_SEC_annual,100,93,7,0.9487067955873945,0.0512932044126009,93,0.9487067955873945
2013-09-30,2014-01-21,QQQ_SEC_annual,100,93,7,0.9573321354028516,0.0426678645971436,93,0.9573321354028516
2014-01-31,2014-02-07,CNDX_monthly,100,94,6,0.9607683047670043,0.039231695232995585,94,0.9607683047670043
2014-02-28,2014-03-07,CNDX_monthly,100,94,6,0.9602241403756709,0.039775859624329155,94,0.9602241403756709
2014-03-31,2014-04-07,CNDX_monthly,100,94,6,0.9610491905776495,0.03895080942235064,94,0.9610491905776495
2014-04-30,2014-05-07,CNDX_monthly,101,95,6,0.9613396680696594,0.03866033193034066,95,0.9613396680696594
2014-05-30,2014-06-06,CNDX_monthly,101,95,6,0.9617197269426115,0.03828027305738828,95,0.9617197269426115
2014-06-30,2014-07-07,CNDX_monthly,101,95,6,0.9627407587615562,0.037259241238443506,95,0.9627407587615562
2014-07-31,2014-08-07,CNDX_monthly,102,95,7,0.9651009251828564,0.03489907481714378,95,0.9651009251828564
2014-08-29,2014-09-05,CNDX_monthly,103,96,7,0.9638650640715385,0.03613493592846153,96,0.9638650640715385
2014-09-30,2014-10-07,CNDX_monthly,103,96,7,0.9644319995373762,0.03556800046262367,96,0.9644319995373762
2014-10-31,2014-11-07,CNDX_monthly,104,97,7,0.9645657015615456,0.03543429843845433,97,0.9645657015615456
2014-11-28,2014-12-05,CNDX_monthly,104,97,7,0.9646818904270356,0.03531810957296442,97,0.9646818904270356
2014-12-31,2015-01-07,CNDX_monthly,107,99,8,0.9592171665531929,0.040782833446807214,99,0.9592171665531929
2015-01-30,2015-02-06,CNDX_monthly,107,99,8,0.9622320458849913,0.037767954115008634,99,0.9622320458849913
2015-02-27,2015-03-06,CNDX_monthly,107,99,8,0.9627182562371845,0.03728174376281536,99,0.9627182562371845
2015-03-31,2015-04-07,CNDX_monthly,107,99,8,0.9601274316408451,0.039872568359154696,99,0.9601274316408451
2015-04-30,2015-05-07,CNDX_monthly,107,99,8,0.9613250929802698,0.03867490701973008,99,0.9613250929802698
2015-05-29,2015-06-05,CNDX_monthly,107,99,8,0.9616089127493425,0.03839108725065775,99,0.9616089127493425
2015-06-30,2015-07-07,CNDX_monthly,107,99,8,0.9623915883346083,0.03760841166539147,99,0.9623915883346083
2015-07-31,2015-08-07,CNDX_monthly,109,100,9,0.9726244668258717,0.02737553317412855,100,0.9726244668258717
2015-08-31,2015-09-07,CNDX_monthly,109,100,9,0.9748749709826079,0.025125029017392202,100,0.9748749709826079
2015-09-30,2015-10-07,CNDX_monthly,109,100,9,0.9753936477331954,0.024606352266804583,100,0.9753936477331954
2015-10-30,2015-11-06,CNDX_monthly,109,101,8,0.9778465388163841,0.022153461183616205,101,0.9778465388163841
2015-11-30,2015-12-07,CNDX_monthly,109,101,8,0.9789231025032854,0.02107689749671464,101,0.9789231025032854
2015-12-31,2016-01-07,CNDX_monthly,106,101,5,0.9814894942538405,0.018510505746159377,101,0.9814894942538405
2016-01-29,2016-02-05,CNDX_monthly,106,101,5,0.9812133693521987,0.018786630647801256,101,0.9812133693521987
2016-02-29,2016-03-07,CNDX_monthly,106,101,5,0.9804709040014822,0.019529095998517786,101,0.9804709040014822
2016-03-31,2016-04-07,CNDX_monthly,106,101,5,0.9803629509740835,0.019637049025916543,101,0.9803629509740835
2016-04-29,2016-05-06,CNDX_monthly,108,103,5,0.9811395796260165,0.01886042037398332,103,0.9811395796260165
2016-05-31,2016-06-07,CNDX_monthly,109,103,6,0.9820666218308776,0.017933378169122677,103,0.9820666218308776
2016-06-30,2016-07-07,CNDX_monthly,107,102,5,0.982190265009923,0.0178097349900768,102,0.982190265009923
2016-07-29,2016-08-05,CNDX_monthly,105,102,3,0.9840850719778543,0.015914928022145645,102,0.9840850719778543
2016-08-31,2016-09-07,CNDX_monthly,105,102,3,0.9841697343881358,0.01583026561186418,102,0.9841697343881358
2016-09-30,2016-10-07,CNDX_monthly,105,102,3,0.9846495123170573,0.015350487682942567,102,0.9846495123170573
2016-10-31,2016-11-07,CNDX_monthly,105,102,3,0.9840759638795155,0.015924036120484552,102,0.9840759638795155
2016-11-30,2016-12-07,CNDX_monthly,105,102,3,0.9836045986697567,0.01639540133024348,102,0.9836045986697567
2016-12-30,2017-01-06,CNDX_monthly,107,102,5,0.9836805508953392,0.016319449104660863,102,0.9836805508953392
2017-07-31,2017-08-07,CNDX_monthly,107,103,4,0.9914621070304803,0.008537892969519723,103,0.9914621070304803
2017-08-31,2017-09-07,CNDX_monthly,107,103,4,0.9920234475996433,0.007976552400356603,103,0.9920234475996433
2017-09-29,2017-10-06,CNDX_monthly,107,103,4,0.9924012678513161,0.007598732148683796,103,0.9924012678513161
2017-10-31,2017-11-07,CNDX_monthly,107,103,4,0.992846718022123,0.0071532819778770025,103,0.992846718022123
2017-11-30,2017-12-07,CNDX_monthly,107,103,4,0.9915562243098202,0.008443775690180007,103,0.9915562243098202
2017-12-29,2018-01-05,CNDX_monthly,104,102,2,0.9914061998208594,0.008593800179140628,102,0.9914061998208594
2018-01-31,2018-02-07,CNDX_monthly,104,102,2,0.9915431460807486,0.008456853919251332,102,0.9915431460807486
2018-02-28,2018-03-07,CNDX_monthly,104,102,2,0.9914421543866296,0.008557845613370306,102,0.9914421543866296
2018-03-30,2018-04-06,CNDX_monthly,103,101,2,0.9910907588828616,0.008909241117138565,101,0.9910907588828616
2018-04-30,2018-05-07,CNDX_monthly,103,101,2,0.9910608432307525,0.008939156769247418,101,0.9910608432307525
2018-05-31,2018-06-07,CNDX_monthly,103,101,2,0.9910500463916517,0.00894995360834812,101,0.9910500463916517
2018-06-29,2018-07-06,CNDX_monthly,103,101,2,0.9884905306329933,0.011509469367006735,101,0.9884905306329933
2018-07-31,2018-08-07,CNDX_monthly,103,101,2,0.9900652908330267,0.009934709166972991,101,0.9900652908330267
2018-08-31,2018-09-07,CNDX_monthly,103,101,2,0.9905214451764683,0.009478554823531344,101,0.9905214451764683
2018-09-28,2018-10-05,CNDX_monthly,103,101,2,0.9902972511714738,0.009702748828526373,101,0.9902972511714738
2018-10-31,2018-11-07,CNDX_monthly,103,101,2,0.9895474162080482,0.010452583791952004,101,0.9895474162080482
2018-11-30,2018-12-07,CNDX_monthly,103,101,2,0.9886279675158617,0.01137203248413838,101,0.9886279675158617
2018-12-31,2019-01-07,CNDX_monthly,103,100,3,0.9843102153605862,0.015689784639413687,100,0.9843102153605862
2019-01-31,2019-02-07,CNDX_monthly,103,100,3,0.9851313758395643,0.014868624160435487,100,0.9851313758395643
2019-02-28,2019-03-07,CNDX_monthly,103,100,3,0.9851035640835601,0.014896435916439667,100,0.9851035640835601
2019-03-29,2019-04-05,CNDX_monthly,104,103,1,0.9971787758554642,0.0028212241445360717,102,0.9971787758554641
2019-04-30,2019-05-07,CNDX_monthly,103,102,1,0.9971926419544129,0.0028073580455869767,102,0.9971926419544129
2019-05-31,2019-06-07,CNDX_monthly,103,102,1,0.9970822273190215,0.0029177726809786926,102,0.9970822273190215
2019-06-28,2019-07-05,CNDX_monthly,103,102,1,0.9970653410612486,0.0029346589387514834,102,0.9970653410612486
2019-07-31,2019-08-07,CNDX_monthly,103,102,1,0.9970100071941259,0.002989992805874252,102,0.9970100071941259
2019-08-30,2019-09-06,CNDX_monthly,103,102,1,0.9969073844720676,0.0030926155279323336,102,0.9969073844720676
2019-09-30,2019-10-07,CNDX_monthly,103,102,1,0.9970108889830538,0.0029891110169462695,102,0.9970108889830538
2019-10-31,2019-11-07,CNDX_monthly,103,102,1,0.9972348960048032,0.0027651039951969024,102,0.9972348960048032
2019-11-29,2019-12-06,CNDX_monthly,103,102,1,0.997252092142305,0.002747907857694814,102,0.997252092142305
2019-12-31,2020-01-07,CNDX_monthly,103,102,1,0.9970650128475738,0.0029349871524259876,102,0.9970650128475738
2020-01-31,2020-02-07,CNDX_monthly,103,102,1,0.9970276647657427,0.0029723352342574273,102,0.9970276647657427
2020-02-28,2020-03-06,CNDX_monthly,103,102,1,0.9971711578692019,0.002828842130797992,102,0.9971711578692019
2020-03-31,2020-04-07,CNDX_monthly,103,102,1,0.9972509699217048,0.002749030078295199,102,0.9972509699217048
2020-04-30,2020-05-07,CNDX_monthly,103,103,0,1.0,0.0,103,1.0
2020-05-29,2020-06-05,CNDX_monthly,103,103,0,0.9999999999999997,0.0,103,0.9999999999999997
2020-06-30,2020-07-07,CNDX_monthly,103,103,0,0.9999999999999999,0.0,103,0.9999999999999999
2020-07-31,2020-08-07,CNDX_monthly,103,103,0,0.9999999999999998,0.0,103,0.9999999999999998
2020-08-31,2020-09-07,CNDX_monthly,103,103,0,1.0,0.0,103,1.0
2020-09-30,2020-10-07,CNDX_monthly,103,103,0,1.0000000000000002,0.0,103,1.0000000000000002
2020-10-30,2020-11-06,CNDX_monthly,103,103,0,1.0,0.0,103,1.0
2020-11-30,2020-12-07,CNDX_monthly,103,103,0,0.9999999999999997,0.0,103,0.9999999999999997
2020-12-31,2021-01-07,CNDX_monthly,102,102,0,1.0,0.0,102,1.0
2021-01-29,2021-02-05,CNDX_monthly,102,102,0,0.9999999999999999,0.0,102,0.9999999999999999
2021-02-26,2021-03-05,CNDX_monthly,102,102,0,1.0,0.0,102,1.0
2021-03-31,2021-04-07,CNDX_monthly,102,102,0,0.9999999999999997,0.0,102,0.9999999999999997
2021-04-30,2021-05-07,CNDX_monthly,102,102,0,0.9999999999999996,0.0,102,0.9999999999999996
2021-05-31,2021-06-07,CNDX_monthly,102,102,0,1.0000000000000002,0.0,102,1.0000000000000002
2021-06-30,2021-07-07,CNDX_monthly,102,102,0,0.9999999999999998,0.0,102,0.9999999999999998
2021-07-30,2021-08-06,CNDX_monthly,102,102,0,1.0000000000000002,0.0,102,1.0000000000000002
2021-08-31,2021-09-07,CNDX_monthly,102,102,0,1.0,0.0,102,1.0
2021-09-30,2021-10-07,CNDX_monthly,102,102,0,1.0,0.0,102,1.0
2021-10-29,2021-11-05,CNDX_monthly,102,102,0,1.0,0.0,102,1.0
2021-11-30,2021-12-07,CNDX_monthly,102,102,0,0.9999999999999999,0.0,102,0.9999999999999999
2021-12-31,2022-01-07,CNDX_monthly,101,101,0,0.9999999999999996,0.0,101,0.9999999999999996
2022-01-31,2022-02-07,CNDX_monthly,101,101,0,1.0000000000000002,0.0,101,1.0000000000000002
2022-02-28,2022-03-07,CNDX_monthly,102,102,0,1.0,0.0,102,1.0
2022-03-31,2022-04-07,CNDX_monthly,102,102,0,1.0,0.0,102,1.0
2022-04-29,2022-05-06,CNDX_monthly,102,102,0,1.0,0.0,102,1.0
2022-05-31,2022-06-07,CNDX_monthly,102,102,0,0.9999999999999999,0.0,102,0.9999999999999999
2022-06-30,2022-07-07,CNDX_monthly,102,102,0,1.0,0.0,102,1.0
2022-07-29,2022-08-05,CNDX_monthly,102,102,0,0.9999999999999999,0.0,102,0.9999999999999999
2022-08-31,2022-09-07,CNDX_monthly,102,102,0,1.0000000000000002,0.0,102,1.0000000000000002
2022-09-30,2022-10-07,CNDX_monthly,102,102,0,1.0000000000000002,0.0,102,1.0000000000000002
2022-10-31,2022-11-07,CNDX_monthly,102,102,0,0.9999999999999999,0.0,102,0.9999999999999999
2022-11-30,2022-12-07,CNDX_monthly,102,102,0,0.9999999999999999,0.0,102,0.9999999999999999
2022-12-30,2023-01-06,CNDX_monthly,101,101,0,0.9999999999999999,0.0,101,0.9999999999999999
2023-01-31,2023-02-07,CNDX_monthly,101,101,0,1.0,0.0,101,1.0
2023-02-28,2023-03-07,CNDX_monthly,101,101,0,1.0,0.0,101,1.0
2023-03-31,2023-04-07,CNDX_monthly,101,101,0,1.0,0.0,101,1.0
2023-04-28,2023-05-05,CNDX_monthly,101,101,0,1.0,0.0,101,1.0
2023-05-31,2023-06-07,CNDX_monthly,101,101,0,1.0,0.0,101,1.0
2023-06-30,2023-07-07,CNDX_monthly,101,101,0,0.9999999999999998,0.0,101,0.9999999999999998
2023-07-31,2023-08-07,CNDX_monthly,101,101,0,0.9999999999999999,0.0,101,0.9999999999999999
2023-08-31,2023-09-07,CNDX_monthly,101,101,0,0.9999999999999999,0.0,101,0.9999999999999999
2023-09-29,2023-10-06,CNDX_monthly,101,101,0,0.9999999999999999,0.0,101,0.9999999999999999
2023-10-31,2023-11-07,CNDX_monthly,101,101,0,1.0000000000000002,0.0,101,1.0000000000000002
2023-11-30,2023-12-07,CNDX_monthly,101,101,0,1.0000000000000002,0.0,101,1.0000000000000002
2023-12-29,2024-01-05,CNDX_monthly,101,101,0,1.0,0.0,101,1.0
2024-01-31,2024-02-07,CNDX_monthly,101,101,0,1.0,0.0,101,1.0
2024-02-29,2024-03-07,CNDX_monthly,101,101,0,1.0,0.0,101,1.0
2024-03-29,2024-04-05,CNDX_monthly,101,101,0,1.0,0.0,101,1.0
2024-04-30,2024-05-07,CNDX_monthly,101,101,0,1.0,0.0,101,1.0
2024-05-31,2024-06-07,CNDX_monthly,101,101,0,0.9999999999999997,0.0,101,0.9999999999999997
2024-06-28,2024-07-05,CNDX_monthly,102,102,0,0.9999999999999999,0.0,102,0.9999999999999999
2024-07-31,2024-08-07,CNDX_monthly,101,101,0,0.9999999999999999,0.0,101,0.9999999999999999
2024-08-30,2024-09-06,CNDX_monthly,101,101,0,1.0000000000000002,0.0,101,1.0000000000000002
2024-09-30,2024-10-07,CNDX_monthly,101,101,0,1.0000000000000004,0.0,101,1.0000000000000004
2024-10-31,2024-11-07,CNDX_monthly,101,101,0,0.9999999999999999,0.0,101,0.9999999999999999
2024-11-29,2024-12-06,CNDX_monthly,101,101,0,1.0,0.0,101,1.0
2024-12-31,2025-01-07,CNDX_monthly,101,101,0,1.0,0.0,101,1.0
2025-01-31,2025-02-07,CNDX_monthly,101,101,0,1.0000000000000002,0.0,101,1.0000000000000002
2025-02-28,2025-03-07,CNDX_monthly,101,101,0,1.0,0.0,101,1.0
2025-03-31,2025-04-07,CNDX_monthly,101,101,0,1.0000000000000002,0.0,101,1.0000000000000002
2025-04-30,2025-05-07,CNDX_monthly,101,101,0,1.0000000000000002,0.0,101,1.0000000000000002
2025-05-30,2025-06-06,CNDX_monthly,101,101,0,1.0,0.0,101,1.0
2025-06-30,2025-07-07,CNDX_monthly,101,101,0,0.9999999999999998,0.0,101,0.9999999999999998
2025-07-31,2025-08-07,CNDX_monthly,101,101,0,0.9999999999999998,0.0,101,0.9999999999999998
2025-08-29,2025-09-05,CNDX_monthly,101,101,0,0.9999999999999998,0.0,101,0.9999999999999998
2025-09-30,2025-10-07,CNDX_monthly,101,101,0,1.0000000000000002,0.0,101,1.0000000000000002
2025-10-31,2025-11-07,CNDX_monthly,102,101,1,0.9996320596001442,0.0003679403998559043,101,0.9996320596001442
2025-11-28,2025-12-05,CNDX_monthly,101,101,0,0.9999999999999997,0.0,101,0.9999999999999997
2025-12-31,2026-01-07,CNDX_monthly,101,101,0,0.9999999999999997,0.0,101,0.9999999999999997
2026-01-30,2026-02-06,CNDX_monthly,101,101,0,1.0000000000000002,0.0,101,1.0000000000000002
2026-02-27,2026-03-06,CNDX_monthly,101,101,0,1.0,0.0,101,1.0
2026-03-31,2026-04-07,CNDX_monthly,101,101,0,0.9999999999999999,0.0,101,0.9999999999999999
2026-04-30,2026-05-07,CNDX_monthly,101,101,0,0.9999999999999999,0.0,101,0.9999999999999999
2026-05-29,2026-06-05,CNDX_monthly,101,101,0,1.0,0.0,101,1.0
2026-06-30,2026-07-07,CNDX_monthly,102,102,0,1.0,0.0,102,1.0
2026-07-31,2026-08-07,CNDX_monthly,103,103,0,1.0,0.0,103,1.0
2026-08-31,2026-09-07,CNDX_monthly,102,102,0,1.0000000000000002,0.0,102,1.0000000000000002
2026-09-30,2026-10-07,CNDX_monthly,101,101,0,0.9999999999999999,0.0,101,0.9999999999999999
