year,settled_on,final_settlement,gains_eur,losses_eur,brought_forward_loss_eur,gross_dividends_eur,dividend_tax_eur,tax_due,losses_used,loss_carry_forward,exemption_used,taxable_gain
2010,2011-01-03,False,250.02984806374502,14.241416743640732,0.0,5.862853381535023,3.069203745233584,0.0,14.241416743640732,0.0,235.78843132010428,0.0
2011,2012-01-03,False,2280.5609976983446,1350.013638671028,0.0,93.59056043736109,48.99465838895851,0.0,1350.013638671028,0.0,930.5473590273166,0.0
2012,2013-01-02,False,3092.763589983199,1836.1907759570763,0.0,342.94693084459374,179.53271829714504,0.0,1836.1907759570763,0.0,1256.5728140261226,0.0
2013,2014-01-02,False,4105.950149128459,2835.9501491284595,0.0,385.9251831440157,202.03183337589223,0.0,2835.9501491284595,0.0,1269.9999999999995,0.0
2014,2015-01-02,False,2872.990456840989,1602.9904568409888,0.0,808.0151254773034,422.99591818736855,0.0,1602.9904568409888,0.0,1270.0,0.0
2015,2016-01-04,False,2858.63559378659,1588.6355937865903,0.0,1215.6377664224356,636.3863707221456,0.0,1588.6355937865903,0.0,1269.9999999999998,0.0
2016,2017-01-03,False,4490.200079090429,3220.200079090429,0.0,1566.6481623544419,820.1403129925501,1.5006662579253317e-13,3220.200079090429,0.0,1270.0,4.547473508864641e-13
2017,2018-01-02,False,3016.8867759082127,1746.886775908212,0.0,1884.3792548034523,986.4725398896073,2.2509993868879974e-13,1746.886775908212,0.0,1270.0,6.821210263296962e-13
2018,2019-01-02,False,4956.603139187871,3686.603139187871,0.0,2145.0901254500636,1122.9546806731084,1.5006662579253317e-13,3686.603139187871,0.0,1270.0,4.547473508864641e-13
2019,2020-01-02,False,3805.2988141689475,2535.2988141689475,0.0,2596.8363139009916,1359.4438103271705,0.0,2535.2988141689475,0.0,1270.0,0.0
2020,2021-01-04,False,4115.93436086808,2845.9343608680792,0.0,2935.8572828566757,1536.9212875754713,3.0013325158506633e-13,2845.9343608680792,0.0,1270.0,9.094947017729282e-13
2021,2022-01-03,False,2223.2736093238,953.2736093238002,0.0,3061.7438906466414,1602.822926753518,0.0,953.2736093238002,0.0,1269.9999999999998,0.0
2022,2023-01-03,False,5632.70557634014,4362.7055763401395,0.0,4090.484074899935,2141.368413210117,3.0013325158506633e-13,4362.7055763401395,0.0,1270.0,9.094947017729282e-13
2023,2024-01-02,False,5038.154863099967,3678.979700121605,0.0,4645.105858891138,2431.7129171295114,29.427803782859343,3678.979700121605,0.0,1270.0,89.17516297836164
2024,2025-01-02,False,4482.206609859219,3212.206609859218,0.0,5433.835819491272,2844.6130515036816,1.5006662579253317e-13,3212.206609859218,0.0,1270.0,4.547473508864641e-13
2025,2026-01-02,False,7402.000215068714,6132.000215068713,0.0,5540.298149565839,2900.34608129772,3.0013325158506633e-13,6132.000215068713,0.0,1270.0,9.094947017729282e-13
2026,2026-09-30,True,1092520.3900253205,13929.096379584082,0.0,4690.499551976782,2455.476515459843,355516.026903093,13929.096379584082,0.0,1270.0,1077321.2936457363
