date,security_id,event_type,source,notes,priority,source_date,ratio,successor_id,cash_eur_per_share,tax_treatment,tax_classification_quality,basis_fraction,stock_value_eur_per_old_share
2011-03-03,tts-832423,split,yahoo_split_field,,0,2011-03-03,0.1,,,,,,
2011-04-11,tts-829049,contingent_right,https://echanges.dila.gouv.fr/OPENDATA/AMF/ECO/2011/04/FCECO020209_20110408.pdf,One GCVRZ per original share. No voluntary trading modelled; zero interim value and zero allocated basis are approximations. Original conditional maximum $14.,5,2011-04-11,1.0,right:GENZ_CVR,,,,,
2011-04-11,tts-829049,cash_merger,https://echanges.dila.gouv.fr/OPENDATA/AMF/ECO/2011/04/FCECO020209_20110408.pdf,April 8 after-close merger. One GCVRZ right tracked separately with zero interim analytical mark and approximately $0.89 settlement in March 2020.,20,2011-04-11,,,51.26783982264099,,,,
2011-05-23,tts-828870,split,yahoo_split_field,,0,2011-05-23,2.0,,,,,,
2011-05-23,tts-831866,split,primary_repair_or_source_verified_by_boundary,,0,2011-05-23,2.0,,,,,,
2011-06-02,tts-20508704,split,yahoo_split_field,,0,2011-06-02,2.0,,,,,,
2011-06-16,tts-98691180,split,yahoo_split_field,,0,2011-06-16,3.0,,,,,,
2011-06-27,tts-832025,split,issuer_verified_split_missing_from_vendor,,0,2011-06-27,2.0,,,,,,
2011-07-12,tts-11159809,split,yahoo_split_field,,0,2011-07-12,2.0,,,,,,
2011-10-14,tts-832024,cash_merger,https://ir.tevapharm.com/news-and-events/press-releases/press-release-details/2011/Teva-Completes-Acquisition-of-Cephalon/default.aspx,"Same-day cash settlement assumed. Mandatory disposal, not a voluntary rebalancing trade.",20,2011-10-14,,,59.02802926052002,,,,
2011-11-22,tts-65832501,spinoff,https://marriott.gcs-web.com/news-releases/news-release-details/marriott-international-board-approves-spin-marriott-vacations,November 21 after-close distribution; first ex-date November 22.,15,2011-11-22,0.1,yahoo:VAC,,rollover,unverified_rollover_or_basis_assumption,0.058965414937687116,
2011-12-16,tts-830361,split,yahoo_split_field,,0,2011-12-16,2.0,,,,,,
2011-12-21,tts-828861,split,https://ir.tripadvisor.com/investor-faqs,Reverse split immediately before TripAdvisor reclassification.,5,2011-12-21,0.5,,,,,,
2011-12-21,tts-828861,spinoff,https://ir.tripadvisor.com/investor-faqs,Ratio is per post-reverse-split EXPE share. Apply .5 parent split FIRST; .5 TRIP per original EXPE. Remove synthetic source cash distribution.,15,2011-12-21,1.0,tts-36804965,,rollover,unverified_rollover_or_basis_assumption,0.4980201645476135,
2012-02-16,tts-37214168,split,yahoo_split_field,,0,2012-02-16,2.0,,,,,,
2012-03-29,tts-828408,split,yahoo_split_field,,0,2012-03-29,2.0,,,,,,
2012-06-27,tts-828632,split,yahoo_split_field,,0,2012-06-27,2.0,,,,,,
2012-09-10,tts-818221,split,yahoo_split_field,,0,2012-09-10,1.5,,,,,,
2012-10-02,tts-51210920,spinoff,https://www.sec.gov/Archives/edgar/data/1103982/000119312512411522/d418430d8k.htm,"Old Kraft Foods/KFT changed name to Mondelez and retained same parent CIK1103982. October 1 after-close spin, October 2 ex-date. KRFT CIK1545158 is separate; do not use present KHC series as its historical daily prices.",15,2012-10-02,0.3333333333333333,yahoo:KRFT,,rollover,unverified_rollover_or_basis_assumption,0.350869059552548,
2013-01-28,tts-829063,split,yahoo_split_field,,0,2013-01-28,2.0,,,,,,
2013-05-30,tts-29400599,split,issuer_verified_split_missing_from_vendor,,0,2013-05-30,2.0,,,,,,
2013-06-07,tts-6191934,spinoff,https://www.sec.gov/Archives/edgar/data/1270400/000127040013000106/vmed-6302013xq2.htm,"First leg of one mandatory multi-class merger. Basis must be apportioned using combined $17.50 cash plus .2582 LBTYA plus .1928 LBTYK value, not an extinct parent quote.",15,2013-06-07,0.1928,tts-3250167,,rollover,unverified_rollover_or_basis_assumption,0.2704827791219913,
2013-06-07,tts-6191934,mixed_merger,https://www.virginmedia.com/corporate/investors-overview,"Second leg of same multi-class merger; cancel all old VMED shares. Contemporaneous class C ratio .1928, not later split-adjusted .6438.",20,2013-06-07,0.2582,tts-1784188,13.197586726998491,rollover,unverified_rollover_or_basis_assumption,,14.845525597545686
2013-07-01,tts-832025,split,issuer_verified_split_missing_from_vendor,,0,2013-07-01,2.0,,,,,,
2013-07-01,tts-161284560,spinoff,https://www.sec.gov/Archives/edgar/data/1564708/000119312513281463/d560987dex991.htm,Retain oldNewsCorp/21CF plus newNewsCorp.,15,2013-07-01,0.25,tts-16784816,,rollover,unverified_rollover_or_basis_assumption,0.11171538610253517,
2013-07-01,tts-161284558,spinoff,https://www.sec.gov/Archives/edgar/data/1564708/000119312513281463/d560987dex991.htm,ClassB sameclass entitlement.,15,2013-07-01,0.25,tts-16784815,,rollover,unverified_rollover_or_basis_assumption,0.111812917500226,
2013-09-10,tts-17914522,cash_merger,https://www.sec.gov/Archives/edgar/data/835729/000119312513364107/d595671d8k.htm,"Same-day cash settlement assumed. Mandatory disposal, not a voluntary rebalancing trade.",20,2013-09-10,,,34.93202416918429,,,,
2013-09-27,tts-830823,split,yahoo_split_field,,0,2013-09-27,2.0,,,,,,
2013-10-01,tts-1839830,stock_exchange,https://www.sec.gov/Archives/edgar/data/1578845/000119312514434971/d826386dex991.htm,"AGN vendor series must be the Actavis plc lineage, not old Allergan Inc.",20,2013-10-01,0.16,tts-823980,,rollover,unverified_rollover_or_basis_assumption,,
2013-10-29,tts-828600,cash_dividend,https://www.sec.gov/Archives/edgar/data/826083/000119312513333740/d580075ddefr14a.htm,Special $0.13 dividend separate from $13.75 merger consideration. Event-date cash accrual approximation; do not duplicate any vendor cash dividend.,10,2013-10-29,,,0.09442184776292853,,,,
2013-10-29,tts-828600,cash_merger,https://www.sec.gov/Archives/edgar/data/826083/000119312513333740/d580075ddefr14a.htm,"Same-day cash settlement assumed. Mandatory disposal, not a voluntary rebalancing trade.",20,2013-10-29,,,9.986926205694363,,,,
2013-12-17,tts-377137730,split,yahoo_split_field,,0,2013-12-17,2.0,,,,,,
2014-02-03,tts-88339869,cash_merger,https://www.sec.gov/Archives/edgar/data/1073431/000119312514033495/d655804d8k.htm,"Same-day cash settlement assumed. Mandatory disposal, not a voluntary rebalancing trade.",20,2014-02-03,,,56.40182145503037,,,,
2014-02-24,tts-17917826,split,https://nasdaqtrader.com/TraderNews.aspx?id=ETA2014-14,Mandatory ADR consolidation. Apply before post-consolidation-unit cash and Verizon entitlement below.,5,2014-02-24,0.5454545454545454,,,,,,
2014-02-24,tts-17917826,cash_dividend,https://nasdaqtrader.com/TraderNews.aspx?id=ETA2014-14,"Cash entitlement $4.928005 per OLD ADR, expressed per consolidated ADR after split. Actual payable date March 4; ex-date accrual approximation. UK scheme/ADR and Irish tax classification unverified.",10,2014-02-24,,,6.577849168790194,,,,
2014-02-24,tts-17917826,spinoff,https://nasdaqtrader.com/TraderNews.aspx?id=ETA2014-14,"Verizon entitlement .263001 shares per OLD Vodafone ADR, expressed after 6/11 parent consolidation. Irish taxation of stock distribution versus rollover unverified; no automatic inference from UK or US tax treatment.",15,2014-02-24,0.4821685,tts-821874,,rollover,unverified_rollover_or_basis_assumption,0.3510855445633499,
2014-03-04,tts-3250167,split,https://www.libertyglobal.com/investors/share-information/share-cost-basis/,One extra sameclassshare per originalClassC.,5,2014-03-04,2.0,,,,,,
2014-03-04,tts-1784188,spinoff,https://www.libertyglobal.com/investors/share-information/share-cost-basis/,ClassA retains its shares and receives one ClassC; ClassC itself doubles separately.,15,2014-03-04,1.0,tts-3250167,,rollover,unverified_rollover_or_basis_assumption,0.49125071633097606,
2014-03-10,tts-828513,split,yahoo_split_field,,0,2014-03-10,2.0,,,,,,
2014-04-03,tts-71625495,spinoff,https://ir.nasdaq.com/node/81631,Prior priority bundle independently repaired hidden2x factor. Remove syntheticcashdividend.,15,2014-04-03,1.0,tts-1947579,,rollover,unverified_rollover_or_basis_assumption,0.49922888178414454,
2014-06-09,tts-831814,split,yahoo_split_field,,0,2014-06-09,7.0,,,,,,
2014-06-26,tts-832022,split,primary_repair_or_source_verified_by_boundary,,0,2014-06-26,2.0,,,,,,
2014-08-07,tts-15427298,split,https://ir.corporate.discovery.com/stock-information/cost-basis-and-debt-information/series-c-dividend/default.aspx,One extra sameclassshare per originalClassC. Process before DISCA adds newCshares.,5,2014-08-07,2.0,,,,,,
2014-08-07,tts-3103596,spinoff,https://ir.corporate.discovery.com/stock-information/cost-basis-and-debt-information/series-c-dividend/default.aspx,Retain ClassA; receive oneClassC. ExistingClassC split2 separately.,15,2014-08-07,1.0,tts-15427298,,rollover,unverified_rollover_or_basis_assumption,0.4926010773326729,
2014-10-01,tts-15888595,spinoff,https://www.nasdaqtrader.com/TraderNews.aspx?id=ETA2014-78,Retain parent+child; remove fakecashdividend.,15,2014-10-01,0.3333333333333333,yahoo:CDK,,rollover,unverified_rollover_or_basis_assumption,0.12639999999999998,
2014-12-08,tts-53833112,split,yahoo_split_field,,0,2014-12-08,2.0,,,,,,
2015-01-02,tts-832326,split,yahoo_split_field,,0,2015-01-02,2.0,,,,,,
2015-01-20,tts-2880955,mixed_merger,https://www.sec.gov/Archives/edgar/data/1328798/000093041316006120/c84401_20f.htm | https://www.sec.gov/Archives/edgar/data/1130385/000110465914080103/a14-20247_6sc14d9a.htm,"No voluntary tender: Jan19 squeezeout, nextUSsessionJan20. Same baseofferterms assumed; actualcash/shareelectionproration unverified.",20,2015-01-20,0.8998,yahoo:AMFW,13.818119008549962,rollover,unverified_rollover_or_basis_assumption,,9.949045686155971
2015-04-09,tts-830408,split,yahoo_split_field,,0,2015-04-09,2.0,,,,,,
2015-04-27,tts-1947579,split,https://www.nasdaqtrader.com/TraderNews.aspx?id=ETA2015-52,ClassC adjustment retained asfractionalstock; actualcash-in-lieu excluded.,5,2015-04-27,1.0027455,,,,,,
2015-06-12,tts-830361,split,yahoo_split_field,,0,2015-06-12,2.0,,,,,,
2015-06-16,tts-832406,split,yahoo_split_field,,0,2015-06-16,2.0,,,,,,
2015-06-25,tts-53833112,split,yahoo_split_field,,0,2015-06-25,2.0,,,,,,
2015-07-02,tts-1784188,spinoff,https://www.nasdaqtrader.com/TraderNews.aspx?id=ETA2015-79,Trackingstock lineage assumed continuous through2017separatecompanysameclass exchange.,15,2015-07-02,0.05,yahoo:LILA,,rollover,unverified_rollover_or_basis_assumption,0.04664303667402529,
2015-07-02,tts-3250167,spinoff,https://www.nasdaqtrader.com/TraderNews.aspx?id=ETA2015-79,Trackingstock lineage assumed continuous through2017separatecompanysameclass exchange.,15,2015-07-02,0.05,yahoo:LILAK,,rollover,unverified_rollover_or_basis_assumption,0.04809519078168863,
2015-07-06,yahoo:KRFT,cash_dividend,https://www.sec.gov/Archives/edgar/data/1545158/000119312515244355/d36612d8k.htm,"SEC legal terms classify $16.50 as a separately declared special dividend to premerger holders, not cash stock-exchange consideration. Ex-date settlement accrual approximation; suppress any vendor duplicate.",10,2015-07-06,,,14.989098837209303,,,,
2015-07-06,yahoo:KRFT,stock_exchange,https://www.sec.gov/Archives/edgar/data/1545158/000119312515244355/d36612d8k.htm,"July 2 completion, first regular KHC trading July 6. Special dividend is separate row.",20,2015-07-06,1.0,tts-90308539,,rollover,unverified_rollover_or_basis_assumption,,
2015-07-15,tts-829933,split,yahoo_split_field,,0,2015-07-15,7.0,,,,,,
2015-07-20,tts-832177,spinoff,https://www.ebayinc.com/stories/news/ebay-inc-board-approves-completion-of-ebay-and-paypal-separation/,Prior priority bundle restored hiddenparentfactor. Remove syntheticcashdistribution38.39.,15,2015-07-20,1.0,tts-91263224,,rollover,unverified_rollover_or_basis_assumption,0.5861819308393541,
2015-07-23,tts-48237584,cash_merger,https://www.sec.gov/Archives/edgar/data/1363851/000119312515261290/d23884dex991.htm,"Same-day cash settlement assumed. Mandatory disposal, not a voluntary rebalancing trade.",20,2015-07-23,,,55.91417401581961,,,,
2015-07-27,tts-203249662,split,yahoo_split_field,,0,2015-07-27,2.0,,,,,,
2015-07-27,tts-12035732,mixed_merger,https://investors.att.com/stockholder-services/cost-basis-guide/worksheet/directv,July24 close; next-session processing.,20,2015-07-27,1.892,tts-821527,25.77319587628866,rollover,unverified_rollover_or_basis_assumption,,58.72078022521322
2015-08-04,tts-92502185,spinoff,https://www.sec.gov/Archives/edgar/data/1633978/000119312515251781/d870553dex991.htm,JDSU renamed VIAVI; retain one parent share and receive 1/5 Lumentum. Vendor synthetic split is not extra parent shares.,15,2015-08-04,0.2,tts-92502189,,rollover,unverified_rollover_or_basis_assumption,0.40401146580712227,
2015-10-28,tts-830379,split,yahoo_split_field,,0,2015-10-28,0.975,,,,,,
2015-11-18,tts-830475,cash_merger,https://www.merckgroup.com/investors/reports-and-financials/earnings-materials/2015-q4/us/2015-Q4-Report-US.pdf,"Same-day cash settlement assumed. Mandatory disposal, not a voluntary rebalancing trade.",20,2015-11-18,,,131.25820363772735,,,,
2015-12-02,tts-177780548,split,yahoo_split_field,,0,2015-12-02,2.0,,,,,,
2015-12-28,tts-130097863,cash_merger,https://www.sec.gov/Archives/edgar/data/768251/000119312515414631/d102231d8k.htm,"Same-day cash settlement assumed. Mandatory disposal, not a voluntary rebalancing trade.",20,2015-12-28,,,49.26108374384236,,,,
2016-01-05,tts-159320127,split,yahoo_split_field,,0,2016-01-05,0.3775,,,,,,
2016-02-01,tts-828037,stock_exchange,https://investors.broadcom.com/news-releases/news-release-details/broadcom-limited-announces-final-broadcom-corporation-merger,Policy elects listed shares before Jan25 deadline. Stock elections were not prorated. Unverified historical broker election support.,20,2016-02-01,0.4378,tts-3685519,,rollover,unverified_rollover_or_basis_assumption,,
2016-03-03,tts-832321,cash_merger,https://news.keuriggreenmountain.com/all-press-releases/press-release-details/2016/JAB-Holding-Company-Led-Investor-Group-Completes-Acquisition-of-Keurig-Green-Mountain-Inc/default.aspx,"Same-day cash settlement assumed. Mandatory disposal, not a voluntary rebalancing trade.",20,2016-03-03,,,84.39592697917622,,,,
2016-05-12,tts-830518,mixed_merger,https://www.sec.gov/Archives/edgar/data/106040/000119312516588382/d154176dex991.htm,Old SanDisk corporation only; different from2025 spin-off.,20,2016-05-12,0.2387,tts-45576417,59.26771446132233,rollover,unverified_rollover_or_basis_assumption,,7.620626636485198
2016-07-05,tts-1784188,spinoff,https://www.libertyglobal.com/wp-content/uploads/2023/10/Form-8937-July-7.pdf,July1 afterclose distribution; nextsessionJuly5.,15,2016-07-05,0.124769,yahoo:LILA,,rollover,unverified_rollover_or_basis_assumption,0.12678487602854685,
2016-07-05,tts-3250167,spinoff,https://www.libertyglobal.com/wp-content/uploads/2023/10/Form-8937-July-7.pdf,July1 afterclose distribution; nextsessionJuly5.,15,2016-07-05,0.124769,yahoo:LILAK,,rollover,unverified_rollover_or_basis_assumption,0.12899328775081514,
2016-10-03,tts-219587327,spinoff,https://investor.honeywell.com/news-releases/news-release-details/honeywell-board-directors-declares-spin-dividend-advansix-shares,October 1 legal completion; first US session October 3.,15,2016-10-03,0.04,yahoo:ASIX,,rollover,unverified_rollover_or_basis_assumption,0.00562437036730281,
2016-11-10,tts-37214168,split,yahoo_split_field,,0,2016-11-10,3.0,,,,,,
2016-12-09,tts-54963811,mixed_merger,https://www.sec.gov/Archives/edgar/data/929351/000157104916020445/t1602966_ex99-1.htm,"December 8 close, December 9 first new-class regular trading. Starz Series A receives only Lionsgate class B, not both classes.",20,2016-12-09,0.6784,yahoo:LGF-B,17.04706885121697,rollover,unverified_rollover_or_basis_assumption,,16.511866654039206
2017-01-25,tts-133282628,split,https://www.nasdaqtrader.com/TraderNews.aspx?id=ETA2017-17,Mandatory synthetic repurchase consolidation. Must override vendor split and not duplicate it.,5,2017-01-25,0.9629629629629628,,,,,,
2017-01-25,tts-133282628,cash_dividend,https://www.nasdaqtrader.com/TraderNews.aspx?id=ETA2017-17,Issuer capital repayment $1.04 per PRE-consolidation share; ledger amount is per POST-consolidation share. Capital-versus-income Irish classification unverified; dividend-rate taxation is a provisional conservative assumption. Cash accrued on ex-date; suppress vendor duplicate.,10,2017-01-25,,,1.005305780508238,,,,
2017-02-01,tts-828516,spinoff,https://www.sec.gov/Archives/edgar/data/1420302/000119312517027557/d339688d8k.htm,Remove syntheticcashdividend18.5716; retainLOGMuntilcashmerger.,15,2017-02-01,0.1718,yahoo:LOGM,,rollover,unverified_rollover_or_basis_assumption,0.20678380226692372,
2017-02-01,tts-827801,cash_merger,https://www.sec.gov/Archives/edgar/data/929887/000119312517026959/d329920dex991.htm,"Same-day cash settlement assumed. Mandatory disposal, not a voluntary rebalancing trade.",20,2017-02-01,,,9.267840593141798,,,,
2017-02-21,tts-828340,split,yahoo_split_field,,0,2017-02-21,2.0,,,,,,
2017-03-13,tts-832500,mixed_merger,https://www.sec.gov/Archives/edgar/data/6281/000115752317000729/a51520851ex99_1.htm | https://www.sec.gov/Archives/edgar/data/6281/000000628117000086/q217exhibit101.htm,March10 closing; next-session processing.,20,2017-03-13,0.2321,tts-41568568,43.139829316327486,rollover,unverified_rollover_or_basis_assumption,,18.01425161382265
2017-04-05,tts-36299719,cash_merger,https://www.komatsu.jp/en/newsroom/2017/20170406 | https://www.komatsu.jp/ja/newsroom/2016/20160721,"Same-day cash settlement assumed. Mandatory disposal, not a voluntary rebalancing trade.",20,2017-04-05,,,26.503090466379472,,,,
2017-04-11,tts-828408,split,yahoo_split_field,,0,2017-04-11,2.0,,,,,,
2017-08-28,tts-29400599,cash_merger,https://www.sec.gov/Archives/edgar/data/1018724/000119312517269093/d448689d8k.htm,"Same-day cash settlement assumed. Mandatory disposal, not a voluntary rebalancing trade.",20,2017-08-28,,,35.56910569105691,,,,
2017-09-12,tts-820309,cash_merger,https://www.nasdaqtrader.com/TraderNews.aspx?id=ECA2017-18,"Same-day cash settlement assumed. Mandatory disposal, not a voluntary rebalancing trade.",20,2017-09-12,,,8.589625408530964,,,,
2017-09-15,tts-829202,split,yahoo_split_field,,0,2017-09-15,2.0,,,,,,
2017-10-06,tts-829383,split,yahoo_split_field,,0,2017-10-06,3.0,,,,,,
2017-10-09,yahoo:AMFW,stock_exchange,https://www.woodgroup.com/news/wood-group-completes-acquisition-of-amec-foster-wheeler | https://www.ice.com/publicdocs/liffe/corporate_actions/2017/CA-2017-639-Lo.pdf,Wood ordinaryshares priced inGBP(pencequotesdivide100). ADS1:1 assumed; actualdepositarytransitionunverified.,20,2017-10-09,0.75,yahoo:WG.L,,rollover,unverified_rollover_or_basis_assumption,,
2018-03-20,tts-377137730,split,yahoo_split_field,,0,2018-03-20,2.0,,,,,,
2018-09-12,tts-53833112,split,yahoo_split_field,,0,2018-09-12,2.0,,,,,,
2018-10-01,tts-219587327,spinoff,https://www.sec.gov/Archives/edgar/data/773840/000077384020000009/R8.htm,Retain Honeywell and Garrett; Garrett later bankruptcy requires separate treatment if held.,15,2018-10-01,0.1,yahoo:GTX,,rollover,unverified_rollover_or_basis_assumption,0.010928279503946653,
2018-10-29,tts-219587327,spinoff,https://www.sec.gov/Archives/edgar/data/773840/000119312518309906/d646107d8k.htm,Retain Honeywell and one Resideo for six shares.,15,2018-10-29,0.1666666666666666,yahoo:REZI,,rollover,unverified_rollover_or_basis_assumption,0.029603980796566728,
2018-11-05,tts-14011355,cash_merger,https://investors.broadcom.com/news-releases/news-release-details/broadcom-inc-completes-acquisition-ca-technologies | https://www.sec.gov/Archives/edgar/data/356028/000119312518216428/d870637d8k.htm,"Same-day cash settlement assumed. Mandatory disposal, not a voluntary rebalancing trade.",20,2018-11-05,,,39.138082673702726,,,,
2018-12-21,tts-828820,mixed_merger,https://www.sec.gov/Archives/edgar/data/1739940/000114036118045479/form8k12b.htm,Dec20 closing; next-session processing.,20,2018-12-21,0.2434,tts-824309,42.710706150341686,rollover,unverified_rollover_or_basis_assumption,,38.66166176870322
2018-12-28,tts-157040141,split,yahoo_split_field,,0,2018-12-28,1.806,,,,,,
2019-01-08,tts-48237583,mixed_merger,https://www.sec.gov/Archives/edgar/data/936402/000119312519004574/d673508d8k.htm,Shire ADS represented3ordinaryshares; Takeda ADS ratio units critical. Depositary fees excluded.,20,2019-01-08,5.034,yahoo:TAK,79.5367132867133,rollover,unverified_rollover_or_basis_assumption,,83.60664335664336
2019-02-08,tts-829202,spinoff,https://investor.henryschein.com/news-releases/news-release-details/2019/Henry-Schein-Announces-New-Distribution-Date-And-Anticipated-When-Issued-Trading-Market-For-Spin-Off-Of-Animal-Health-Business-01-16-2019/default.aspx,February 7 after-close distribution; Covetrus trades regular way February 8.,15,2019-02-08,0.4,yahoo:CVET,,rollover,unverified_rollover_or_basis_assumption,0.219306808665686,
2019-03-19,tts-161284560,split,https://thewaltdisneycompany.com/press-releases/21st-century-fox-and-disney-announce-distribution-adjustment-multiple-in-connection-with-acquisition-and-effect-on-outstanding-shares/,Share shrink in separation; process before spin allocation.,5,2019-03-19,0.736817,,,,,,
2019-03-19,tts-161284558,split,https://thewaltdisneycompany.com/press-releases/21st-century-fox-and-disney-announce-distribution-adjustment-multiple-in-connection-with-acquisition-and-effect-on-outstanding-shares/,Share shrink in separation; process before spin allocation.,5,2019-03-19,0.736817,,,,,,
2019-03-19,tts-161284560,spinoff,https://thewaltdisneycompany.com/press-releases/21st-century-fox-and-disney-announce-distribution-adjustment-multiple-in-connection-with-acquisition-and-effect-on-outstanding-shares/,1/3 newFox peroriginaloldshare. Expressed per .736817oldsharepostshrink.,15,2019-03-19,0.4523963661714283,tts-61149824,,rollover,unverified_rollover_or_basis_assumption,0.2686158119396556,
2019-03-19,tts-161284558,spinoff,https://thewaltdisneycompany.com/press-releases/21st-century-fox-and-disney-announce-distribution-adjustment-multiple-in-connection-with-acquisition-and-effect-on-outstanding-shares/,1/3 newFox peroriginaloldshare. Expressed per .736817oldsharepostshrink.,15,2019-03-19,0.4523963661714283,tts-61149825,,rollover,unverified_rollover_or_basis_assumption,0.26506181737704193,
2019-03-20,tts-161284560,stock_exchange,https://www.sec.gov/Archives/edgar/data/1744489/000095015719000301/form8k-12b.htm,Fixedlisted-stock election; stock/noelection notprorated. Ratio peroldshare afterMar19shrink.,20,2019-03-20,0.4517,tts-828100,,rollover,unverified_rollover_or_basis_assumption,,
2019-03-20,tts-161284558,stock_exchange,https://www.sec.gov/Archives/edgar/data/1744489/000095015719000301/form8k-12b.htm,Fixedlisted-stock election; stock/noelection notprorated. Ratio peroldshare afterMar19shrink.,20,2019-03-20,0.4517,tts-828100,,rollover,unverified_rollover_or_basis_assumption,,
2019-05-23,tts-828870,split,yahoo_split_field,,0,2019-05-23,2.0,,,,,,
2019-10-02,tts-830036,spinoff,https://www.nasdaqtrader.com/TraderNews.aspx?id=ECA2019-178,One Cerence for eight Nuance shares; retain parent. Parent hidden spin factor must be removed from raw prices.,15,2019-10-02,0.125,yahoo:CRNC,,rollover,unverified_rollover_or_basis_assumption,0.11459500065513403,
2019-11-21,tts-832022,contingent_right,https://news.bms.com/news/details/2019/Bristol-Myers-Squibb-Completes-Acquisition-of-Celgene-Creating-a-Leading-Biopharma-Company/default.aspx,"One transferable CVR, conditional maximum $9; contract expired without payment in January 2021, subsequent litigation is a separate unresolved claim.",5,2019-11-21,1.0,right:CELG_CVR,,,,,
2019-11-21,tts-832022,mixed_merger,https://news.bms.com/news/details/2019/Bristol-Myers-Squibb-Completes-Acquisition-of-Celgene-Creating-a-Leading-Biopharma-Company/default.aspx,Also one BMYRT CVR. Retain right with zero interim mark approximation; expired2021-01-01 without payment. Separate litigation unresolved.,20,2019-11-21,1.0,tts-818515,45.081597691822196,rollover,unverified_rollover_or_basis_assumption,,51.25777519982066
2019-12-05,tts-36228692,stock_exchange,https://ir.paramount.com/news-releases/news-release-details/viacomcbs-announces-completion-merger-cbs-and-viacom/,After-close Dec4 transaction; first successor close Dec5. VIAC later renamed PARA.,20,2019-12-05,0.59625,tts-240346757,,rollover,unverified_rollover_or_basis_assumption,,
2020-03-05,right:GENZ_CVR,contingent_cash,https://www.nasdaqtrader.com/TraderNews.aspx?id=ECA2020-40,Exchange gives approximately $0.89 per CVR. Actual broker receipt date and exact net distribution unverified; suspension date used as cash date. Treating receipt as CGT proceeds with zero right basis is provisional.,20,2020-03-05,,,0.795566282291946,,,,
2020-03-25,tts-818221,split,yahoo_split_field,,0,2020-03-25,1.5,,,,,,
2020-05-08,tts-823980,mixed_merger,https://news.abbvie.com/2020-05-08-AbbVie-Completes-Transformative-Acquisition-of-Allergan,,20,2020-05-08,0.866,tts-54471318,111.564499675415,rollover,unverified_rollover_or_basis_assumption,,67.42961996397413
2020-06-11,yahoo:GRPN,split,yahoo_split_field_unclassified,,0,2020-06-11,0.05,,,,,,
2020-07-01,tts-97315627,split,yahoo_split_field,,0,2020-07-01,3.502,,,,,,
2020-08-31,tts-23947362,split,yahoo_split_field,,0,2020-08-31,5.0,,,,,,
2020-08-31,tts-831814,split,yahoo_split_field,,0,2020-08-31,4.0,,,,,,
2020-08-31,yahoo:LOGM,cash_merger,https://www.sec.gov/Archives/edgar/data/1420302/000119312520235656/d137287dex991.htm,,20,2020-08-31,,,72.06867671691792,,,,
2020-09-11,yahoo:LILA,split,yahoo_split_field_unclassified,,0,2020-09-11,1.061,,,,,,
2020-09-11,yahoo:LILAK,split,yahoo_split_field_unclassified,,0,2020-09-11,1.062,,,,,,
2020-09-15,tts-137012693,cash_dividend,https://www.nasdaqtrader.com/TraderNews.aspx?id=ECA2020-154,"Real cash component alongside .03 preferred share dividend. Explicit row must replace, not duplicate, vendor $1.50. Ex-date accrual.",10,2020-09-15,,,1.2613521695257315,,,,
2020-09-15,tts-137012693,spinoff,https://www.nasdaqtrader.com/TraderNews.aspx?id=ECA2020-154,"Preferred share dividend, regular trading September 15. Parent $1.50 cash distribution is retained from vendor. Preferred par/liquidation preference $100 is only a valuation proxy if historical quotes cannot be recovered. Irish issue-date income/CGT basis treatment unverified.",15,2020-09-15,0.03,yahoo:QRTEP,,rollover,unverified_rollover_or_basis_assumption,0.32751091703056767,
2020-10-02,tts-830020,split,yahoo_split_field,,0,2020-10-02,5.0,,,,,,
2020-11-17,tts-16784810,stock_exchange,https://www.nasdaqtrader.com/TraderNews.aspx?id=ECA2020-208,Nov16 after-close economic combination; successor begins regular trading Nov17.,20,2020-11-17,1.0,tts-206812113,,rollover,unverified_rollover_or_basis_assumption,,
2020-12-15,yahoo:QRTEP,cash_dividend,https://www.sec.gov/Archives/edgar/data/1355096/000110465924052082/tm242657d4_ars.pdf | https://investors.qvcgrp.com/investors/sec-filings/post-split-liberty-interactive/xbrl_doc_only/9606,"Documented quarterly preferred cash dividend schedule through March 2025; payable-date recognition. Weekend shifted to Monday, other settlement differences ignored. December 2020 first stub is rounded to $2.00. No dividend paid from June 2025 after suspension.",10,2020-12-15,,,1.6474464579901154,,,,
2021-01-04,right:CELG_CVR,contingent_cash,https://news.bms.com/news/details/2021/Bristol-Myers-Squibb-Provides-Update-on-Status-of-Contingent-Value-Rights/default.aspx,"Agreement terminated January 1, 2021 with no payment; first US session January 4. Separate litigation claim unresolved; do not assume legal release of litigation rights.",20,2021-01-04,,,0.0,,,,
2021-03-15,yahoo:QRTEP,cash_dividend,https://www.sec.gov/Archives/edgar/data/1355096/000110465924052082/tm242657d4_ars.pdf | https://investors.qvcgrp.com/investors/sec-filings/post-split-liberty-interactive/xbrl_doc_only/9606,"Documented quarterly preferred cash dividend schedule through March 2025; payable-date recognition. Weekend shifted to Monday, other settlement differences ignored. December 2020 first stub is rounded to $2.00. No dividend paid from June 2025 after suspension.",10,2021-03-15,,,1.6778523489932886,,,,
2021-05-14,tts-832266,mixed_merger,https://www.teledyne.com/en-us/news/pages/teledyne-completes-acquisition-of-flir.aspx,,20,2021-05-14,0.0718,tts-827362,23.096593252495257,rollover,unverified_rollover_or_basis_assumption,,25.22091209854042
2021-06-15,yahoo:QRTEP,cash_dividend,https://www.sec.gov/Archives/edgar/data/1355096/000110465924052082/tm242657d4_ars.pdf | https://investors.qvcgrp.com/investors/sec-filings/post-split-liberty-interactive/xbrl_doc_only/9606,"Documented quarterly preferred cash dividend schedule through March 2025; payable-date recognition. Weekend shifted to Monday, other settlement differences ignored. December 2020 first stub is rounded to $2.00. No dividend paid from June 2025 after suspension.",10,2021-06-15,,,1.6518004625041294,,,,
2021-06-17,tts-110325346,split,yahoo_split_field,,0,2021-06-17,10.0,,,,,,
2021-06-28,tts-832092,split,yahoo_split_field,,0,2021-06-28,10.0,,,,,,
2021-06-29,tts-98691180,split,yahoo_split_field,,0,2021-06-29,3.0,,,,,,
2021-07-20,tts-830046,split,yahoo_split_field,,0,2021-07-20,4.0,,,,,,
2021-07-21,tts-831866,mixed_merger,https://www.astrazeneca.com/media-centre/press-releases/2021/acquisition-of-alexion-completed.html | https://www.astrazeneca.com/media-centre/press-releases/2020/astrazeneca-to-acquire-alexion.html,ADS successor represents half an ordinary share until2026conversion.,20,2021-07-21,2.1243,tts-203249662,50.9683995922528,rollover,unverified_rollover_or_basis_assumption,,104.24805555555555
2021-08-26,tts-829854,stock_exchange,https://investor.analog.com/news-releases/news-release-details/analog-devices-completes-acquisition-maxim-integrated/,,20,2021-08-26,0.63,tts-41568568,,rollover,unverified_rollover_or_basis_assumption,,
2021-09-15,yahoo:QRTEP,cash_dividend,https://www.sec.gov/Archives/edgar/data/1355096/000110465924052082/tm242657d4_ars.pdf | https://investors.qvcgrp.com/investors/sec-filings/post-split-liberty-interactive/xbrl_doc_only/9606,"Documented quarterly preferred cash dividend schedule through March 2025; payable-date recognition. Weekend shifted to Monday, other settlement differences ignored. December 2020 first stub is rounded to $2.00. No dividend paid from June 2025 after suspension.",10,2021-09-15,,,1.6914749661705009,,,,
2021-10-05,tts-829383,split,yahoo_split_field,,0,2021-10-05,3.0,,,,,,
2021-10-13,tts-829623,split,yahoo_split_field,,0,2021-10-13,2.0,,,,,,
2021-11-02,tts-157040141,spinoff,https://www.sec.gov/Archives/edgar/data/1571996/000119312521315488/d146470d8k.htm,"November 1 distribution, ex-date November 2. New Dell Technologies, not old Dell acquired in 2013.",15,2021-11-02,0.440626,yahoo:VMW,,rollover,unverified_rollover_or_basis_assumption,0.5133364020523841,
2021-11-12,tts-137012693,cash_dividend,https://investors.qvcgrp.com/investors/sec-filings/post-split-liberty-interactive/content/0001355096-21-000042/0001355096-21-000042.pdf,Special common dividend missing in original vendor panel. November 12 ex-date; November 22 payment. Replace any vendor duplicate.,10,2021-11-12,,,1.0918937805730258,,,,
2021-12-15,yahoo:QRTEP,cash_dividend,https://www.sec.gov/Archives/edgar/data/1355096/000110465924052082/tm242657d4_ars.pdf | https://investors.qvcgrp.com/investors/sec-filings/post-split-liberty-interactive/xbrl_doc_only/9606,"Documented quarterly preferred cash dividend schedule through March 2025; payable-date recognition. Weekend shifted to Monday, other settlement differences ignored. December 2020 first stub is rounded to $2.00. No dividend paid from June 2025 after suspension.",10,2021-12-15,,,1.7758835020422659,,,,
2022-02-02,tts-175405676,spinoff,https://www.exeloncorp.com/newsroom/exelon-completes-separation-of-constellation,Retain Exelon and Constellation Energy.,15,2022-02-02,0.3333333333333333,tts-239110702,,rollover,unverified_rollover_or_basis_assumption,0.2919213518199765,
2022-02-14,tts-821283,stock_exchange,https://www.amd.com/en/newsroom/press-releases/2022-2-14-amd-completes-acquisition-of-xilinx.html,,20,2022-02-14,1.7234,tts-80383707,,rollover,unverified_rollover_or_basis_assumption,,
2022-03-04,tts-830036,cash_merger,https://news.microsoft.com/source/2022/03/04/microsoft-completes-acquisition-of-nuance-ushering-in-new-era-of-outcomes-based-ai/,"Same-day cash settlement assumed. Mandatory disposal, not a voluntary rebalancing trade.",20,2022-03-04,,,51.239820660627686,,,,
2022-03-15,yahoo:QRTEP,cash_dividend,https://www.sec.gov/Archives/edgar/data/1355096/000110465924052082/tm242657d4_ars.pdf | https://investors.qvcgrp.com/investors/sec-filings/post-split-liberty-interactive/xbrl_doc_only/9606,"Documented quarterly preferred cash dividend schedule through March 2025; payable-date recognition. Weekend shifted to Monday, other settlement differences ignored. December 2020 first stub is rounded to $2.00. No dividend paid from June 2025 after suspension.",10,2022-03-15,,,1.81967063961423,,,,
2022-04-11,tts-3103596,stock_exchange,https://www.nasdaqtrader.com/TraderNews.aspx?id=ECA2022-63,Apr8 after-close merger; Apr11 regular WBD trading.,20,2022-04-11,1.0,tts-245373754,,rollover,unverified_rollover_or_basis_assumption,,
2022-04-11,tts-15427298,stock_exchange,https://www.nasdaqtrader.com/TraderNews.aspx?id=ECA2022-63,Apr8 after-close merger; Apr11 regular WBD trading.,20,2022-04-11,1.0,tts-245373754,,rollover,unverified_rollover_or_basis_assumption,,
2022-04-11,tts-821527,spinoff,https://investors.att.com/stockholder-services/cost-basis-guide/worksheet/atandt-inc-wbd,Retain AT&T and WBD. Remove vendor synthetic distribution and restore pre-spin parent prices where vendor preadjusted.,20,2022-04-11,0.241917,tts-245373754,,rollover,unverified_rollover_or_basis_assumption,0.23394236111762928,
2022-06-06,tts-827705,split,yahoo_split_field,,0,2022-06-06,20.0,,,,,,
2022-06-08,tts-832025,cash_merger,https://www.oracle.com/corporate/acquisitions/cerner/,"Same-day cash settlement assumed. Mandatory disposal, not a voluntary rebalancing trade.",20,2022-06-08,,,88.46261290622962,,,,
2022-06-13,tts-2711488,split,yahoo_split_field,,0,2022-06-13,4.0,,,,,,
2022-06-15,yahoo:QRTEP,cash_dividend,https://www.sec.gov/Archives/edgar/data/1355096/000110465924052082/tm242657d4_ars.pdf | https://investors.qvcgrp.com/investors/sec-filings/post-split-liberty-interactive/xbrl_doc_only/9606,"Documented quarterly preferred cash dividend schedule through March 2025; payable-date recognition. Weekend shifted to Monday, other settlement differences ignored. December 2020 first stub is rounded to $2.00. No dividend paid from June 2025 after suspension.",10,2022-06-15,,,1.9173617102866458,,,,
2022-06-23,tts-20508704,split,yahoo_split_field,,0,2022-06-23,5.0,,,,,,
2022-06-29,tts-87928298,split,yahoo_split_field,,0,2022-06-29,10.0,,,,,,
2022-07-06,yahoo:CDK,cash_merger,https://www.nasdaqtrader.com/TraderNews.aspx?id=eca2022-164,,20,2022-07-06,,,53.91569224722413,,,,
2022-07-18,tts-1947579,split,primary_repair_or_source_verified_by_boundary,,0,2022-07-18,20.0,,,,,,
2022-07-18,tts-71625495,split,primary_repair_or_source_verified_by_boundary,,0,2022-07-18,20.0,,,,,,
2022-08-25,tts-23947362,split,yahoo_split_field,,0,2022-08-25,3.0,,,,,,
2022-09-14,tts-231697626,split,yahoo_split_field,,0,2022-09-14,3.0,,,,,,
2022-09-15,yahoo:QRTEP,cash_dividend,https://www.sec.gov/Archives/edgar/data/1355096/000110465924052082/tm242657d4_ars.pdf | https://investors.qvcgrp.com/investors/sec-filings/post-split-liberty-interactive/xbrl_doc_only/9606,"Documented quarterly preferred cash dividend schedule through March 2025; payable-date recognition. Weekend shifted to Monday, other settlement differences ignored. December 2020 first stub is rounded to $2.00. No dividend paid from June 2025 after suspension.",10,2022-09-15,,,2.00160128102482,,,,
2022-09-30,tts-828516,cash_merger,https://www.nasdaqtrader.com/TraderNews.aspx?id=eca2022-262,"Same-day cash settlement assumed. Mandatory disposal, not a voluntary rebalancing trade.",20,2022-09-30,,,106.68855149774312,,,,
2022-10-13,yahoo:CVET,cash_merger,https://www.nasdaqtrader.com/TraderNews.aspx?id=eca2022-284 | https://covetrus.com/newsroom/covetrus-to-be-acquired-by-clayton-dubilier-rice-and-tpg-at-an-enterprise-valuation-of-approximately-4-billion/,,20,2022-10-13,,,21.56278878734983,,,,
2022-11-04,tts-828408,split,yahoo_split_field,,0,2022-11-04,2.0,,,,,,
2022-12-15,yahoo:QRTEP,cash_dividend,https://www.sec.gov/Archives/edgar/data/1355096/000110465924052082/tm242657d4_ars.pdf | https://investors.qvcgrp.com/investors/sec-filings/post-split-liberty-interactive/xbrl_doc_only/9606,"Documented quarterly preferred cash dividend schedule through March 2025; payable-date recognition. Weekend shifted to Monday, other settlement differences ignored. December 2020 first stub is rounded to $2.00. No dividend paid from June 2025 after suspension.",10,2022-12-15,,,1.8830618585820544,,,,
2023-02-08,tts-830133,split,yahoo_split_field,,0,2023-02-08,1.5,,,,,,
2023-03-08,tts-120075582,split,yahoo_split_field,,0,2023-03-08,0.04,,,,,,
2023-03-15,yahoo:QRTEP,cash_dividend,https://www.sec.gov/Archives/edgar/data/1355096/000110465924052082/tm242657d4_ars.pdf | https://investors.qvcgrp.com/investors/sec-filings/post-split-liberty-interactive/xbrl_doc_only/9606,"Documented quarterly preferred cash dividend schedule through March 2025; payable-date recognition. Weekend shifted to Monday, other settlement differences ignored. December 2020 first stub is rounded to $2.00. No dividend paid from June 2025 after suspension.",10,2023-03-15,,,1.8959143046734288,,,,
2023-03-28,tts-37214168,split,yahoo_split_field,,0,2023-03-28,2.0,,,,,,
2023-06-15,yahoo:QRTEP,cash_dividend,https://www.sec.gov/Archives/edgar/data/1355096/000110465924052082/tm242657d4_ars.pdf | https://investors.qvcgrp.com/investors/sec-filings/post-split-liberty-interactive/xbrl_doc_only/9606,"Documented quarterly preferred cash dividend schedule through March 2025; payable-date recognition. Weekend shifted to Monday, other settlement differences ignored. December 2020 first stub is rounded to $2.00. No dividend paid from June 2025 after suspension.",10,2023-06-15,,,1.8485996857380533,,,,
2023-06-22,tts-136266149,split,quantiacs_split_cumprod,,0,2023-06-22,0.1071428571428569,,,,,,
2023-06-23,tts-827441,split,yahoo_split_field,,0,2023-06-23,0.963,,,,,,
2023-07-20,tts-117027845,spinoff,https://www.libertymedia.com/investors/news-events/press-releases/detail/503/liberty-media-corporation-announces-completion-of,Both Formula One classes receive Braves Series C. July 19 after-close distribution; exact final ratio replaces provisional announcement.,15,2023-07-20,0.028960604,tts-104028642,,rollover,unverified_rollover_or_basis_assumption,0.01783961414757552,
2023-07-20,tts-117027846,spinoff,https://www.libertymedia.com/investors/news-events/press-releases/detail/503/liberty-media-corporation-announces-completion-of,Both Formula One classes receive Braves Series C. July 19 after-close distribution; exact final ratio replaces provisional announcement.,15,2023-07-20,0.028960604,tts-104028642,,rollover,unverified_rollover_or_basis_assumption,0.01596149651810728,
2023-08-04,tts-117027845,spinoff,https://www.libertymedia.com/investors/stock-data/faq,August 3 after-close tracking-stock reclassification. Retain parent; Liberty Live tracking-stock continuity later requires current listing verification.,15,2023-08-04,0.0428,yahoo:LLYVA,,rollover,unverified_rollover_or_basis_assumption,0.022753476797175366,
2023-08-04,tts-117027846,spinoff,https://www.libertymedia.com/investors/stock-data/faq,August 3 after-close tracking-stock reclassification. Retain parent; Liberty Live tracking-stock continuity later requires current listing verification.,15,2023-08-04,0.0428,yahoo:LLYVK,,rollover,unverified_rollover_or_basis_assumption,0.02130030972457413,
2023-08-04,yahoo:LSXMA,spinoff,https://www.libertymedia.com/investors/stock-data/faq,August 3 after-close tracking-stock reclassification. Retain parent; Liberty Live tracking-stock continuity later requires current listing verification.,15,2023-08-04,0.25,yahoo:LLYVA,,rollover,unverified_rollover_or_basis_assumption,,
2023-08-04,yahoo:LSXMK,spinoff,https://www.libertymedia.com/investors/stock-data/faq,August 3 after-close tracking-stock reclassification. Retain parent; Liberty Live tracking-stock continuity later requires current listing verification.,15,2023-08-04,0.25,yahoo:LLYVK,,rollover,unverified_rollover_or_basis_assumption,,
2023-08-22,tts-828408,split,yahoo_split_field,,0,2023-08-22,2.0,,,,,,
2023-09-15,yahoo:QRTEP,cash_dividend,https://www.sec.gov/Archives/edgar/data/1355096/000110465924052082/tm242657d4_ars.pdf | https://investors.qvcgrp.com/investors/sec-filings/post-split-liberty-interactive/xbrl_doc_only/9606,"Documented quarterly preferred cash dividend schedule through March 2025; payable-date recognition. Weekend shifted to Monday, other settlement differences ignored. December 2020 first stub is rounded to $2.00. No dividend paid from June 2025 after suspension.",10,2023-09-15,,,1.8765246762994932,,,,
2023-09-29,tts-827919,cash_merger,https://www.sec.gov/Archives/edgar/data/886158/000119312523247428/d579010d8k.htm,"Old issuer CIK886158 common stock cancelled for zero. Unquoted interval must remain untradable, not liquidated at stale price.",20,2023-09-29,,,0.0,,,,
2023-10-13,tts-827879,cash_merger,https://www.sec.gov/Archives/edgar/data/789019/000119312523255762/d537928d8k.htm,"Same-day cash settlement assumed. Mandatory disposal, not a voluntary rebalancing trade.",20,2023-10-13,,,90.2698593690612,,,,
2023-11-22,yahoo:VMW,mixed_merger,https://www.broadcom.com/company/news/financial-releases/61501 | https://investors.broadcom.com/news-releases/news-release-details/broadcom-completes-acquisition-vmware,Policy elects stock before October 23 deadline; issuer reports approximately 52.1% stock and 47.9% cash proration for stock elections. Rounded proration approximation; fractional cash-in-lieu excluded.,20,2023-11-22,0.131292,tts-3685519,62.55842727522683,rollover,unverified_rollover_or_basis_assumption,,116.96070020464316
2023-12-14,tts-830459,cash_merger,https://www.pfizer.com/news/press-release/press-release-detail/pfizer-completes-acquisition-seagen,"Same-day cash settlement assumed. Mandatory disposal, not a voluntary rebalancing trade.",20,2023-12-14,,,209.72616539976187,,,,
2023-12-15,yahoo:QRTEP,cash_dividend,https://www.sec.gov/Archives/edgar/data/1355096/000110465924052082/tm242657d4_ars.pdf | https://investors.qvcgrp.com/investors/sec-filings/post-split-liberty-interactive/xbrl_doc_only/9606,"Documented quarterly preferred cash dividend schedule through March 2025; payable-date recognition. Weekend shifted to Monday, other settlement differences ignored. December 2020 first stub is rounded to $2.00. No dividend paid from June 2025 after suspension.",10,2023-12-15,,,1.827151470856934,,,,
2024-01-02,tts-832145,stock_exchange,https://ir.echostar.com/news-releases/news-release-details/echostar-corporation-completes-merger-dish-network-corporation,Legal completion Dec31; first US session Jan2.,20,2024-01-02,0.350877,tts-12361625,,rollover,unverified_rollover_or_basis_assumption,,
2024-01-03,tts-832265,spinoff,https://www.sec.gov/Archives/edgar/data/866374/000086637424000005/flex-8xkexh991pr01022024pe.htm,"Issuer states approximately0.17; ratio rounded approximation, not independently exact.",15,2024-01-03,0.17,yahoo:NXT,,rollover,unverified_rollover_or_basis_assumption,0.24943961016458277,
2024-01-30,tts-133282628,split,https://corporate.qiagen.com/English/newsroom/press-releases/press-release-details/2024/QIAGEN-announces-details-for-completion-of-synthetic-share-repurchase-of-up-to-approximately-300-million/,Mandatory synthetic repurchase consolidation. Must override vendor split and not duplicate it.,5,2024-01-30,0.97,,,,,,
2024-01-30,tts-133282628,cash_dividend,https://corporate.qiagen.com/English/newsroom/press-releases/press-release-details/2024/QIAGEN-announces-details-for-completion-of-synthetic-share-repurchase-of-up-to-approximately-300-million/,Issuer capital repayment $1.28 per PRE-consolidation share; ledger amount is per POST-consolidation share. Capital-versus-income Irish classification unverified; dividend-rate taxation is a provisional conservative assumption. Cash accrued on ex-date; suppress vendor duplicate.,10,2024-01-30,,,1.2166583338244323,,,,
2024-02-26,tts-827665,split,yahoo_split_field,,0,2024-02-26,3.0,,,,,,
2024-03-15,yahoo:QRTEP,cash_dividend,https://www.sec.gov/Archives/edgar/data/1355096/000110465924052082/tm242657d4_ars.pdf | https://investors.qvcgrp.com/investors/sec-filings/post-split-liberty-interactive/xbrl_doc_only/9606,"Documented quarterly preferred cash dividend schedule through March 2025; payable-date recognition. Weekend shifted to Monday, other settlement differences ignored. December 2020 first stub is rounded to $2.00. No dividend paid from June 2025 after suspension.",10,2024-03-15,,,1.8362100624311422,,,,
2024-03-18,tts-41981429,cash_merger,https://newsroom.cisco.com/c/r/newsroom/en/us/a/y2024/m03/cisco-completes-acquisition-of-splunk.html,"Same-day cash settlement assumed. Mandatory disposal, not a voluntary rebalancing trade.",20,2024-03-18,,,144.14248990084465,,,,
2024-03-28,tts-818221,split,yahoo_split_field,,0,2024-03-28,2.0,,,,,,
2024-04-23,tts-828772,cash_merger,https://www.sec.gov/Archives/edgar/data/2008861/000200886125000007/ndoi-20241231.htm,Old Endo plc common shares cancelled under effective plan. No successor common stock for old equity. Irish loss recognition date assumed cancellation.,20,2024-04-23,,,0.0,,,,
2024-06-10,tts-830046,split,yahoo_split_field,,0,2024-06-10,10.0,,,,,,
2024-06-17,yahoo:QRTEP,cash_dividend,https://www.sec.gov/Archives/edgar/data/1355096/000110465924052082/tm242657d4_ars.pdf | https://investors.qvcgrp.com/investors/sec-filings/post-split-liberty-interactive/xbrl_doc_only/9606,"Documented quarterly preferred cash dividend schedule through March 2025; payable-date recognition. Weekend shifted to Monday, other settlement differences ignored. December 2020 first stub is rounded to $2.00. No dividend paid from June 2025 after suspension.",10,2024-06-17,,,1.8670649738610905,,,,
2024-06-25,tts-829281,spinoff,https://www.sec.gov/Archives/edgar/data/1110803/000119312524167025/d851030d8k.htm,"June 24 completion, June 25 first regular session and parent ex-date.",15,2024-06-25,0.1666666666666666,tts-315092541,,rollover,unverified_rollover_or_basis_assumption,0.025146441856301573,
2024-07-15,tts-3685519,split,yahoo_split_field,,0,2024-07-15,10.0,,,,,,
2024-08-08,tts-829808,split,yahoo_split_field,,0,2024-08-08,10.0,,,,,,
2024-09-10,tts-830484,split,yahoo_split_field,,0,2024-09-10,0.1,,,,,,
2024-09-10,yahoo:LSXMA,stock_exchange,https://www.libertymedia.com/investors/financial-information/sec-filings/content/0001225208-24-008597/0001225208-24-008597.pdf,September 9 after-close exchange. Ratio is in new Sirius shares after old SIRI .1 consolidation; process old SIRI split before issuing new shares.,20,2024-09-10,0.8375,tts-830484,,rollover,unverified_rollover_or_basis_assumption,,
2024-09-10,yahoo:LSXMK,stock_exchange,https://www.libertymedia.com/investors/financial-information/sec-filings/content/0001225208-24-008597/0001225208-24-008597.pdf,September 9 after-close exchange. Ratio is in new Sirius shares after old SIRI .1 consolidation; process old SIRI split before issuing new shares.,20,2024-09-10,0.8375,tts-830484,,rollover,unverified_rollover_or_basis_assumption,,
2024-09-12,tts-832098,split,yahoo_split_field,,0,2024-09-12,4.0,,,,,,
2024-09-16,yahoo:QRTEP,cash_dividend,https://www.sec.gov/Archives/edgar/data/1355096/000110465924052082/tm242657d4_ars.pdf | https://investors.qvcgrp.com/investors/sec-filings/post-split-liberty-interactive/xbrl_doc_only/9606,"Documented quarterly preferred cash dividend schedule through March 2025; payable-date recognition. Weekend shifted to Monday, other settlement differences ignored. December 2020 first stub is rounded to $2.00. No dividend paid from June 2025 after suspension.",10,2024-09-16,,,1.7975912277548085,,,,
2024-09-30,tts-830379,split,yahoo_split_field,,0,2024-09-30,2.499,,,,,,
2024-10-01,tts-181976270,split,yahoo_split_field,,0,2024-10-01,10.0,,,,,,
2024-10-03,tts-832505,split,yahoo_split_field,,0,2024-10-03,10.0,,,,,,
2024-11-04,tts-830564,cash_merger,https://investors.wm.com/news-releases/news-release-details/wm-completes-acquisition-stericycle,"Same-day cash settlement assumed. Mandatory disposal, not a voluntary rebalancing trade.",20,2024-11-04,,,56.85986793837124,,,,
2024-11-13,tts-1784188,spinoff,https://www.libertyglobal.com/investors/sunrise-spin-off/,One Sunrise ADS=one Swissordinary. NASDAQ temporary listing; subsequent Swissprice conversion needed.,15,2024-11-13,0.2,yahoo:SUNN.SW,,rollover,unverified_rollover_or_basis_assumption,0.43170965447393345,
2024-11-13,tts-3250167,spinoff,https://www.libertyglobal.com/investors/sunrise-spin-off/,One Sunrise ADS=one Swissordinary. NASDAQ temporary listing; subsequent Swissprice conversion needed.,15,2024-11-13,0.2,yahoo:SUNN.SW,,rollover,unverified_rollover_or_basis_assumption,0.4254117639422037,
2024-12-16,tts-231697626,split,yahoo_split_field,,0,2024-12-16,2.0,,,,,,
2024-12-16,yahoo:QRTEP,cash_dividend,https://www.sec.gov/Archives/edgar/data/1355096/000110465924052082/tm242657d4_ars.pdf | https://investors.qvcgrp.com/investors/sec-filings/post-split-liberty-interactive/xbrl_doc_only/9606,"Documented quarterly preferred cash dividend schedule through March 2025; payable-date recognition. Weekend shifted to Monday, other settlement differences ignored. December 2020 first stub is rounded to $2.00. No dividend paid from June 2025 after suspension.",10,2024-12-16,,,1.9051247856734614,,,,
2024-12-20,tts-830823,split,yahoo_split_field,,0,2024-12-20,5.0,,,,,,
2025-01-28,tts-230505167,split,yahoo_split_field,,0,2025-01-28,0.1,,,,,,
2025-01-29,tts-133282628,split,https://corporate.qiagen.com/English/newsroom/press-releases/press-release-details/2025/QIAGEN-announces-adjustment-of-conversion-price-under-its--US-500000000-Convertible-Bonds-due-2031/default.aspx,Mandatory synthetic repurchase consolidation. Must override vendor split and not duplicate it.,5,2025-01-29,0.9722222222222222,,,,,,
2025-01-29,tts-133282628,cash_dividend,https://corporate.qiagen.com/English/newsroom/press-releases/press-release-details/2025/QIAGEN-announces-adjustment-of-conversion-price-under-its--US-500000000-Convertible-Bonds-due-2031/default.aspx,Issuer capital repayment $1.26 per PRE-consolidation share; ledger amount is per POST-consolidation share. Capital-versus-income Irish classification unverified; dividend-rate taxation is a provisional conservative assumption. Cash accrued on ex-date; suppress vendor duplicate.,10,2025-01-29,,,1.2466333205078877,,,,
2025-02-24,tts-45576417,spinoff,https://investor.sandisk.com/static-files/04748788-0649-42cf-840f-3cd4502bb85a,NewSandisk CIK2023554; notold2016acquiredissuer.,15,2025-02-24,0.3333333333333333,tts-342851559,,rollover,unverified_rollover_or_basis_assumption,0.24839005679250947,
2025-02-24,tts-137012693,stock_exchange,https://www.qvcgrp.com/newsroom/pressrelease/qurate-retail-officially-becomes-qvc-group/,"Same issuer, not a cash disposal. Subsequent reverse split and bankruptcy need separate treatment.",20,2025-02-24,1.0,yahoo:QVCGA,,rollover,unverified_rollover_or_basis_assumption,,
2025-03-17,yahoo:QRTEP,cash_dividend,https://www.sec.gov/Archives/edgar/data/1355096/000110465924052082/tm242657d4_ars.pdf | https://investors.qvcgrp.com/investors/sec-filings/post-split-liberty-interactive/xbrl_doc_only/9606,"Documented quarterly preferred cash dividend schedule through March 2025; payable-date recognition. Weekend shifted to Monday, other settlement differences ignored. December 2020 first stub is rounded to $2.00. No dividend paid from June 2025 after suspension.",10,2025-03-17,,,1.8343575162799228,,,,
2025-04-17,tts-830145,cash_merger,https://www.nasdaqtrader.com/TraderNews.aspx?id=ECA2025-195,"Same-day cash settlement assumed. Mandatory disposal, not a voluntary rebalancing trade.",20,2025-04-17,,,27.596830985915496,,,,
2025-05-07,yahoo:LGF-A,spinoff,https://www.sec.gov/Archives/edgar/data/929351/000092935126000022/starz2025transitionannualr.pdf,"First leg of mandatory two-child separation. Combined basis must use post-separation LION and STRZ values, not stale extinct LGF quote; ratio includes new Starz 1-for-15 consolidation.",15,2025-05-07,0.0746666666666666,yahoo:STRZ,,rollover,unverified_rollover_or_basis_assumption,0.0839265665455565,
2025-05-07,yahoo:LGF-B,spinoff,https://www.sec.gov/Archives/edgar/data/929351/000092935126000022/starz2025transitionannualr.pdf,"First leg of mandatory two-child separation. Combined basis must use post-separation LION and STRZ values, not stale extinct LGF quote; ratio includes new Starz 1-for-15 consolidation.",15,2025-05-07,0.0666666666666666,yahoo:STRZ,,rollover,unverified_rollover_or_basis_assumption,0.08392656654555648,
2025-05-07,yahoo:LGF-A,stock_exchange,https://www.sec.gov/Archives/edgar/data/929351/000092935126000022/starz2025transitionannualr.pdf,"Second leg, cancels old LGF class. May 6 completion; first regular trading May 7.",20,2025-05-07,1.12,yahoo:LION,,rollover,unverified_rollover_or_basis_assumption,,
2025-05-07,yahoo:LGF-B,stock_exchange,https://www.sec.gov/Archives/edgar/data/929351/000092935126000022/starz2025transitionannualr.pdf,"Second leg, cancels old LGF class. May 6 completion; first regular trading May 7.",20,2025-05-07,1.0,yahoo:LION,,rollover,unverified_rollover_or_basis_assumption,,
2025-05-22,tts-828870,split,yahoo_split_field,,0,2025-05-22,2.0,,,,,,
2025-05-23,yahoo:QVCGA,split,https://investors.qvcgrp.com/news-media/press-releases/detail/656/qvc-group-inc-announces-reverse-stock-split-intention-to,May 22 legal effective time after market close; May 23 split-adjusted trading. Fractional shares retained analytically.,5,2025-05-23,0.02,,,,,,
2025-06-10,tts-818315,split,yahoo_split_field,,0,2025-06-10,15.0,,,,,,
2025-07-15,yahoo:LBRDA,spinoff,https://www.libertycapitalcorp.com/investors/financial-information/sec-filings/content/0001104659-25-067808/tm2519293d4_8-k.htm,"July14 after-close distribution; July15 regular trading. New 2025 GCI Liberty CIK2057463, not old GCI Liberty sharing the ticker. May21 2026 name change to Liberty Capital preserves security and CUSIP. Remove vendor synthetic quantity split or cash distribution.",15,2025-07-15,0.2,yahoo:GLIBA,,rollover,unverified_rollover_or_basis_assumption,0.066189297032554,
2025-07-15,yahoo:LBRDK,spinoff,https://www.libertycapitalcorp.com/investors/financial-information/sec-filings/content/0001104659-25-067808/tm2519293d4_8-k.htm,"July14 after-close distribution; July15 regular trading. New 2025 GCI Liberty CIK2057463, not old GCI Liberty sharing the ticker. May21 2026 name change to Liberty Capital preserves security and CUSIP. Remove vendor synthetic quantity split or cash distribution.",15,2025-07-15,0.2,yahoo:GLIBK,,rollover,unverified_rollover_or_basis_assumption,,
2025-07-17,tts-827769,mixed_merger,https://investor.synopsys.com/news/news-details/2025/Synopsys-Completes-Acquisition-of-Ansys/default.aspx | https://ansys.synopsys.com/news-center/press-releases/1-16-24-synopsys-acquires-ansys,,20,2025-07-17,0.345,tts-830523,170.1355902927714,rollover,unverified_rollover_or_basis_assumption,,175.49741201238504
2025-08-07,tts-240346757,stock_exchange,https://ir.paramount.com/static-files/a3510fef-59f6-4615-9a07-96387c979495,"Fixed stock-election policy, no future-price selection. Listed ClassB shares, not $15 cash alternative.",20,2025-08-07,1.0,tts-364559782,,rollover,unverified_rollover_or_basis_assumption,,
2025-08-28,tts-80360010,contingent_right,https://www.sec.gov/Archives/edgar/data/1618921/000119312525190603/d87240d8k.htm,"One non-transferable DAP right, maximum future proceeds $3; no payout verified through analysis endpoint. Zero valuation is an approximation.",5,2025-08-28,1.0,right:WBA_DAP,,,,,
2025-08-28,tts-80360010,cash_merger,https://www.sec.gov/Archives/edgar/data/1618921/000119312525190603/d87240d8k.htm,"Same-day cash settlement assumed. Mandatory disposal, not a voluntary rebalancing trade. Non-transferable DAP right retained but valued at zero; contractual maximum additional $3 per old share is unresolved.",20,2025-08-28,,,9.806440561836245,,,,
2025-09-02,tts-224517911,split,yahoo_split_field,,0,2025-09-02,0.1,,,,,,
2025-10-30,tts-219587327,spinoff,https://www.honeywell.com/us/en/news/press-releases/2025/10/honeywell-completes-spin-off-of-solstice-advanced-materials,Retain parent and listed successor shares. Remove corresponding vendor synthetic cash distribution or split.,15,2025-10-30,0.25,tts-375502573,,rollover,unverified_rollover_or_basis_assumption,0.057396551067668236,
2025-11-17,tts-829933,split,yahoo_split_field,,0,2025-11-17,10.0,,,,,,
2026-01-05,tts-828340,spinoff,https://www.cmcsa.com/node/44806,Retain parent and listed successor shares. Remove corresponding vendor synthetic cash distribution or split.,15,2026-01-05,0.04,yahoo:VSNT,,rollover,unverified_rollover_or_basis_assumption,0.05454276687346689,
2026-01-08,tts-133282628,split,https://corporate.qiagen.com/English/newsroom/press-releases/press-release-details/2026/QIAGEN-announces-adjustment-of-conversion-price-under-its-US-500000000-Convertible-Bonds-due-2027/default.aspx,Mandatory synthetic repurchase consolidation. Must override vendor split and not duplicate it.,5,2026-01-08,0.95,,,,,,
2026-01-08,tts-133282628,cash_dividend,https://corporate.qiagen.com/English/newsroom/press-releases/press-release-details/2026/QIAGEN-announces-adjustment-of-conversion-price-under-its-US-500000000-Convertible-Bonds-due-2027/default.aspx,Issuer capital repayment $2.29 per PRE-consolidation share; ledger amount is per POST-consolidation share. Capital-versus-income Irish classification unverified; dividend-rate taxation is a provisional conservative assumption. Cash accrued on ex-date; suppress vendor duplicate.,10,2026-01-08,,,2.0646906345091853,,,,
2026-02-02,tts-203249662,split,https://www.sec.gov/Archives/edgar/data/901832/000165495426000464/a4875p.htm,TwoADSs becomeoneordinaryshare.,5,2026-02-02,0.5,,,,,,
2026-03-10,yahoo:WG.L,cash_merger,https://www.investegate.co.uk/announcement/rns/wood-group-john---wg./scheme-effective/9466612 | https://www.woodgroup.com/news/court-sanction-of-scheme-of-arrangement | https://www.woodplc.com/investors/pages/sidara-proposal-2025/?a=311259,"Mandatory scheme: 30 PENCE cash per UK ordinary share = GBP0.30, not USD0.30. Convert cash_native_per_share by event-date GBPUSD. Settlement date approximation.",20,2026-03-10,,,0.3459749327483389,,,,
2026-04-06,tts-136266150,split,yahoo_split_field,,0,2026-04-06,25.0,,,,,,
2026-04-07,tts-832375,contingent_right,https://www.hologic.com/about/press-release/blackstone-and-tpg-complete-acquisition-hologic,"One non-transferable CVR, maximum $3 across two up-to-$1.50 revenue-contingent payments. Zero valuation is an approximation.",5,2026-04-07,1.0,right:HOLX_CVR,,,,,
2026-04-07,tts-832375,cash_merger,https://www.hologic.com/about/press-release/blackstone-and-tpg-complete-acquisition-hologic,"Also retain one non-tradable CVR, marked zero provisionally. Maximum additional $3 in two up-to-$1.50 payments tied to FY2026 and FY2027 Breast Health revenue; not asserted worthless.",20,2026-04-07,,,65.76101064290042,,,,
2026-06-12,tts-832472,split,yahoo_split_field,,0,2026-06-12,10.0,,,,,,
2026-06-17,yahoo:LILA,spinoff,https://www.nasdaqtrader.com/TraderNews.aspx?id=ECA2026-363 | https://www.sec.gov/Archives/edgar/data/1712184/000171218426000087/exhibit991pressreleasedate.htm,"One 9% SeriesA preference share per10common, $25 liquidation preference. Ex-date June17. Vendor1.472 price-adjustment factor is NOT a common-share quantity split. Preferred dividends handled by its own cash history. Irish stock-distribution income treatment unverified.",15,2026-06-17,0.1,yahoo:LILAP,,rollover,unverified_rollover_or_basis_assumption,0.29726862220391476,
2026-06-17,yahoo:LILAK,spinoff,https://www.nasdaqtrader.com/TraderNews.aspx?id=ECA2026-363 | https://www.sec.gov/Archives/edgar/data/1712184/000171218426000087/exhibit991pressreleasedate.htm,"One 9% SeriesA preference share per10common, $25 liquidation preference. Ex-date June17. Vendor1.472 price-adjustment factor is NOT a common-share quantity split. Preferred dividends handled by its own cash history. Irish stock-distribution income treatment unverified.",15,2026-06-17,0.1,yahoo:LILAP,,rollover,unverified_rollover_or_basis_assumption,0.2992525367520394,
2026-06-29,tts-219587327,split,https://www.honeywell.com/us/en/press/2026/06/honeywell-board-of-directors-sets-record-date-and-announces-expected-timing-for-spin-off-of-honeywell-aerospace-and-honeywell-reverse-stock-split,Mandatory 1-for-2 parent consolidation. Legally follows distribution; computationally applied first with HONA entitlement scaled to one per consolidated HON.,5,2026-06-29,0.5,,,,,,
2026-06-29,tts-219587327,spinoff,https://www.sec.gov/Archives/edgar/data/773840/000077384026000124/hon-20260630.htm,Retain parent and listed successor shares. Remove corresponding vendor synthetic cash distribution or split. HONA ratio is per POST 1-for-2 consolidated HON share: equivalent to .5 HONA per original HON.,15,2026-06-29,1.0,tts-410496110,,rollover,unverified_rollover_or_basis_assumption,0.49150650626460496,
2026-07-02,tts-167018563,split,yahoo_split_field,,0,2026-07-02,4.0,,,,,,
2026-08-04,yahoo:REZI,split,yahoo_split_field,,0,2026-08-04,1.437,,,,,,
2026-08-04,tts-36769516,cash_merger,https://careers.ea.com/playtesting/news/ea-announces-completion-of-acquisition,"Issuer confirms completion August 4, 2026. Event-date cash settlement assumed.",20,2026-08-04,,,182.37082066869303,,,,
2026-08-06,yahoo:QRTEP,cash_merger,https://www.sec.gov/Archives/edgar/data/1254699/000110465926107125/tm2625133-1_s1.htm,Same old preferred security later QVCGP/QVCPQ. All old common and preferred cancelled for no recovery. Accrued unpaid dividends never treated as cash received.,20,2026-08-06,,,0.0,,,,
2026-08-06,yahoo:QVCGA,cash_merger,https://www.sec.gov/Archives/edgar/data/1254699/000110465926107125/tm2625133-1_s1.htm,Old QVC common and preferred legally cancelled for no consideration. New QVCG common belongs to creditors; no share continuity. QVCGA/QVCAQ treated as one old security.,20,2026-08-06,,,0.0,,,,
2026-08-11,tts-37214168,split,yahoo_split_field,,0,2026-08-11,2.0,,,,,,
2026-08-20,yahoo:LBRDA,stock_exchange,https://www.nasdaqtrader.com/TraderNews.aspx?id=ECA2026-577 | https://corporate.charter.com/newsroom/charter-and-cox-communications-complete-transaction,"Mandatory all-stock merger; last trading August19, announced closing August20, suspension August21. Same-day successor receipt assumption.",20,2026-08-20,0.236,tts-828275,,rollover,unverified_rollover_or_basis_assumption,,
2026-08-20,yahoo:LBRDK,stock_exchange,https://www.nasdaqtrader.com/TraderNews.aspx?id=ECA2026-577 | https://corporate.charter.com/newsroom/charter-and-cox-communications-complete-transaction,"Mandatory all-stock merger; last trading August19, announced closing August20, suspension August21. Same-day successor receipt assumption.",20,2026-08-20,0.236,tts-828275,,rollover,unverified_rollover_or_basis_assumption,,
2026-09-14,yahoo:NFE,split,yahoo_split_field_unclassified,,0,2026-09-14,0.02,,,,,,
