date,github_only,ishares_only,github_count,ishares_equity_count,equity_percent
2014-01-31,"ESRX,GOOG,ILMN,INTC,LINTA,MDLZ,QCOM,VRTX,YHOO","4XS,AABA,GOOGL,ILU,INCO,KTF,QCI,QRTEA,VX1",100,100,100.0
2014-02-28,"ESRX,GOOG,ILMN,INTC,LINTA,MDLZ,QCOM,VRTX,YHOO","4XS,AABA,GOOGL,ILU,INCO,KTF,QCI,QRTEA,VX1",100,100,100.0
2014-03-31,"GOOG,INTC,LINTA,YHOO","AABA,GOOGL,INCO,QRTEA",100,100,100.0
2014-04-30,"GOOG,INTC,LINTA,YHOO","AABA,GGQ7,INCO,QRTEA",101,101,100.0
2014-05-30,"LINTA,YHOO","AABA,QRTEA",101,101,100.00000000000001
2014-06-30,"LINTA,YHOO","AABA,QRTEA",101,101,100.00000000000001
2014-07-31,"LINTA,YHOO","AABA,QRTEA",102,102,99.99999999999999
2014-08-29,"LINTA,YHOO","AABA,QRTEA",103,103,100.0
2014-09-30,"LINTA,YHOO","AABA,QRTEA",103,103,100.0
2014-10-31,"QVCA,YHOO","AABA,LVNTA,QRTEA",103,104,100.0
2014-11-28,"QVCA,YHOO","AABA,LVNTA,QRTEA",103,104,100.0
2014-12-31,,"CMCSK,LVNTA",105,107,99.75864
2015-01-30,,"CMCSK,LVNTA",105,107,99.74329
2015-02-27,,"CMCSK,LVNTA",105,107,99.77779
2015-03-31,,"CMCSK,LVNTA",105,107,99.73975000000002
2015-04-30,,"CMCSK,LVNTA",105,107,99.89215999999999
2015-05-29,,"CMCSK,LVNTA",105,107,99.76898999999999
2015-06-30,,"CMCSK,LVNTA",105,107,99.73673000000002
2015-07-31,SIAL,"CMCSK,LVNTA,SWKS",107,109,99.95092999999999
2015-08-31,,"CMCSK,LVNTA",107,109,99.81083
2015-09-30,,"CMCSK,LVNTA",107,109,99.80878
2015-10-30,,"CMCSK,LVNTA",107,109,99.89183999999999
2015-11-30,,"CMCSK,LVNTA",107,109,99.8368
2015-12-31,,LVNTA,105,106,99.84060000000001
2016-01-29,,LVNTA,105,106,99.94022
2016-02-29,,LVNTA,105,106,99.8505
2016-03-31,,LVNTA,105,106,99.69115
2016-04-29,,LVNTA,107,108,99.71835000000003
2016-05-31,,"BATRR,LVNTA",107,109,99.54844999999999
2016-06-30,,"LILA,LILAK,LVNTA",104,107,99.76117000000002
2016-07-29,,LVNTA,104,105,99.81195
2016-08-31,,LVNTA,104,105,99.65594
2016-09-30,,LVNTA,104,105,99.65286
2016-10-31,,LVNTA,104,105,99.83587
2016-11-30,,LVNTA,104,105,99.68099999999998
2016-12-30,,"LILA,LILAK,LVNTA",104,107,99.84037999999998
2017-07-31,,"LILA,LILAK,LVNTA",104,107,99.78223
2017-08-31,,"LILA,LILAK,LVNTA",104,107,99.98805999999999
2017-09-29,,"LILA,LILAK,LVNTA",104,107,99.57319000000001
2017-10-31,,"LILA,LILAK,LVNTA",104,107,99.72066
2017-11-30,,"LILA,LILAK,LVNTA",104,107,99.58814999999998
2017-12-29,,LVNTA,103,104,99.79869
2018-01-31,,LVNTA,103,104,99.77824000000001
2018-02-28,,LVNTA,103,104,99.65008
2018-03-30,QVCA,QRTEA,103,103,99.41363
2018-04-30,,,103,103,99.42996
2018-05-31,,,103,103,99.30666000000001
2018-06-29,,,103,103,99.81607
2018-07-31,,,103,103,99.97575
2018-08-31,,,103,103,99.87071
2018-09-28,,,103,103,99.89128
2018-10-31,,,103,103,99.95231999999999
2018-11-30,,,103,103,99.84318999999999
2018-12-31,,,103,103,99.87900000000002
2019-01-31,,,103,103,99.88214000000002
2019-02-28,,,103,103,99.73728000000001
2019-03-29,,TFCFA,103,104,99.87153999999998
2019-04-30,,,103,103,99.87326000000002
2019-05-31,,,103,103,99.75759999999998
2019-06-28,,,103,103,99.88895000000001
2019-07-31,,,103,103,99.87315
2019-08-30,,,103,103,99.85399
2019-09-30,,,103,103,99.91933999999998
2019-10-31,,,103,103,99.90221000000001
2019-11-29,,,103,103,99.72314
2019-12-31,,,103,103,99.92548000000001
2020-01-31,,,103,103,99.91806999999999
2020-02-28,,,103,103,99.84297000000001
2020-03-31,,,103,103,99.79155999999999
2020-04-30,,,103,103,99.93795
2020-05-29,,,103,103,99.81046
2020-06-30,,,103,103,99.84447000000003
2020-07-31,,,103,103,99.84738000000002
2020-08-31,,,103,103,99.88636
2020-09-30,,,103,103,99.94910999999999
2020-10-30,,,103,103,99.96292
2020-11-30,,,103,103,99.85333000000003
2020-12-31,,,102,102,99.91539
2021-01-29,,,102,102,99.95067
2021-02-26,,,102,102,99.89186999999998
2021-03-31,,,102,102,99.95679000000001
2021-04-30,,,102,102,99.89303000000002
2021-05-31,,,102,102,99.81857
2021-06-30,,,102,102,99.94161000000001
2021-07-30,,,102,102,99.94914
2021-08-31,,,102,102,99.94341999999999
2021-09-30,,,102,102,99.91201000000002
2021-10-29,,,102,102,99.91564999999999
2021-11-30,,,102,102,99.92350000000002
2021-12-31,,,101,101,99.83314000000001
2022-01-31,,,101,101,99.87976999999998
2022-02-28,,,102,102,99.89252
2022-03-31,,,102,102,99.90056
2022-04-29,,,102,102,99.97776999999999
2022-05-31,,,102,102,99.84743
2022-06-30,,,102,102,99.86103000000001
2022-07-29,,,102,102,99.95255
2022-08-31,,,102,102,100.02579
2022-09-30,,,102,102,99.91864999999999
2022-10-31,,,102,102,99.80621000000001
2022-11-30,,,102,102,99.74629000000002
2022-12-30,,,101,101,99.48958
2023-01-31,,,101,101,99.85941000000003
2023-02-28,,,101,101,99.92464999999999
2023-03-31,,,101,101,99.76333
2023-04-28,,,101,101,99.64645
2023-05-31,,,101,101,99.78741
2023-06-30,,,101,101,99.75855000000001
2023-07-31,,,101,101,99.58211
2023-08-31,,,101,101,99.61844
2023-09-29,,,101,101,99.91461
2023-10-31,,,101,101,99.88262999999998
2023-11-30,,,101,101,99.61798999999999
2023-12-29,,,101,101,99.72133
2024-01-31,,,101,101,99.86905
2024-02-29,,,101,101,99.82974
2024-03-29,,,101,101,99.86395000000002
2024-04-30,,,101,101,99.92491
2024-05-31,,,101,101,99.80620000000002
2024-06-28,,GRAL,101,102,99.85832
2024-07-31,,,101,101,99.86372
2024-08-30,,,101,101,99.72501
2024-09-30,,,101,101,99.86222999999997
2024-10-31,,,101,101,99.94428
2024-11-29,,,101,101,99.90778
2024-12-31,,,101,101,99.9233
2025-01-31,,,101,101,99.92648999999997
2025-02-28,,,101,101,99.88108999999999
2025-03-31,,,101,101,99.94139999999997
2025-04-30,,,101,101,99.69153999999999
2025-05-30,,,101,101,99.81483999999999
2025-06-30,,,101,101,99.73173
2025-07-31,,,101,101,99.97451000000001
2025-08-29,,,101,101,99.78201000000001
2025-09-30,,,101,101,99.93612999999999
2025-10-31,,,102,102,99.98901999999998
2025-11-28,,,101,101,99.82612000000002
2025-12-31,,,101,101,99.58861000000002
2026-01-30,,,101,101,99.91332999999997
2026-02-27,,,101,101,99.92617000000001
2026-03-31,,,101,101,99.93336000000001
2026-04-30,,,101,101,99.77822000000002
2026-05-29,,,101,101,99.72108000000001
2026-06-30,,,102,102,99.89185
2026-07-31,,,103,103,99.81186
2026-08-31,,,102,102,99.51406999999999
2026-09-30,,,101,101,99.95332
