date,ticker,name,shares,value_usd,equity_weight
2010-09-30,AAPL,"Apple, Inc.",14811955,4202892231,0.19794352217191621
2010-09-30,QCOM,"QUALCOMM, Inc.",22504425,1015399656,0.04782225507432767
2010-09-30,GOOG,"Google, Inc., Class A",1742953,916427258,0.04316095424119652
2010-09-30,MSFT,Microsoft Corp.,34619884,847840959,0.03993074683862271
2010-09-30,ORCL,Oracle Corp.,24361785,654113927,0.030806789109907036
2010-09-30,AMZN,"Amazon.Com, Inc.",3456381,542859200,0.02556702770031809
2010-09-30,CSCO,"Cisco Systems, Inc.",23718244,519429544,0.02446356171141908
2010-09-30,TEVA,Teva Pharmaceutical Industries Ltd. ADR,8514145,449121149,0.021152248791734003
2010-09-30,INTC,Intel Corp.,22664461,435837585,0.0205266330726913
2010-09-30,GILD,"Gilead Sciences, Inc.",9600329,341867716,0.016100936236903562
2010-09-30,BIDU,"Baidu, Inc. ADR",3187108,327061023,0.015403585745134967
2010-09-30,SBUX,Starbucks Corp.,11961752,305981616,0.014410809381254094
2010-09-30,DTV,"DIRECTV, Class A",7336790,305430568,0.014384856685821826
2010-09-30,CELG,Celgene Corp.,5295593,305079113,0.014368304217483047
2010-09-30,CMCSA,"Comcast Corp., Class A",16837670,304425074,0.014337500957208397
2010-09-30,RIMM,Research In Motion Ltd.,6139643,298939218,0.014079133718867485
2010-09-30,AMGN,"Amgen, Inc.",5193025,286187608,0.013478571425562604
2010-09-30,EBAY,"eBay, Inc.",11375764,277568642,0.013072644175052528
2010-09-30,ESRX,"Express Scripts, Inc., Class A",5626332,274002368,0.012904683447584109
2010-09-30,GENZ,Genzyme Corp.,3713761,262897141,0.012381660817909009
2010-09-30,PCAR,"PACCAR, Inc.",4749701,228698103,0.010770989483849955
2010-09-30,CTSH,"Cognizant Technology Solutions Corp., Class A",3408703,219759082,0.010349988610104562
2010-09-30,NWSA,"News Corp., Class A",16563242,216315941,0.01018782707480572
2010-09-30,NTAP,"NetApp, Inc.",4340328,216104931,0.010177889141516492
2010-09-30,PCLN,"priceline.com, Inc.",595013,207266828,0.009761641200578465
2010-09-30,VOD,Vodafone Group PLC ADR,8223292,204019875,0.009608719527163644
2010-09-30,INTU,"Intuit, Inc.",4599714,201513470,0.00949067542647747
2010-09-30,BBBY,"Bed Bath & Beyond, Inc.",4125187,179074368,0.008433861537343303
2010-09-30,CTXS,"Citrix Systems, Inc.",2581737,176177733,0.008297438783003484
2010-09-30,COST,Costco Wholesale Corp.,2688672,173392457,0.00816626070101642
2010-09-30,BIIB,"Biogen IDEC, Inc.",3056910,171553789,0.008079664995007039
2010-09-30,ADP,"Automatic Data Processing, Inc.",4041873,169879922,0.008000830918038925
2010-09-30,BRCM,"Broadcom Corp., Class A",4754426,168259136,0.007924496795750332
2010-09-30,ADBE,"Adobe Systems, Inc.",5983521,156469074,0.007369220507271722
2010-09-30,ALTR,Altera Corp.,5022885,151490212,0.007134731154102316
2010-09-30,SYMC,Symantec Corp.,9594484,145548322,0.006854886092579469
2010-09-30,ATVI,"Activision Blizzard, Inc.",12708954,137510882,0.006476346959191577
2010-09-30,WYNN,Wynn Resorts Ltd.,1565120,135805462,0.0063960268312823945
2010-09-30,CHRW,"CH Robinson Worldwide, Inc.",1905683,133245355,0.006275453528693476
2010-09-30,ISRG,"Intuitive Surgical, Inc.",456982,129664073,0.006106785969781974
2010-09-30,FSLR,"First Solar, Inc.",870906,128327999,0.006043860922241701
2010-09-30,MRVL,Marvell Technology Group Ltd.,7210189,126250409,0.005946012712098253
2010-09-30,CA,"CA, Inc.",5760914,121670504,0.005730313027907905
2010-09-30,SPLS,"Staples, Inc.",5700939,119263644,0.005616957195878554
2010-09-30,MICC,Millicom International Cellular SA,1224430,117484059,0.005533144120609552
2010-09-30,FISV,"Fiserv, Inc.",2182601,117467586,0.005532368292093967
2010-09-30,MAT,"Mattel, Inc.",4782019,112186166,0.005283629371510114
2010-09-30,EXPD,"Expeditors International of Washington, Inc.",2421443,111943310,0.005272191587865316
2010-09-30,PAYX,"Paychex, Inc.",3986163,109579621,0.005160868979465316
2010-09-30,DELL,"Dell, Inc.",8316389,107780401,0.005076131155036871
2010-09-30,LLTC,Linear Technology Corp.,3487162,107160488,0.005046935126227213
2010-09-30,YHOO,"Yahoo!, Inc.",7534058,106757602,0.005027960413222312
2010-09-30,XLNX,"Xilinx, Inc.",3991412,106211473,0.005002239387823927
2010-09-30,SNDK,SanDisk Corp.,2753696,100922958,0.004753166314182461
2010-09-30,LIFE,Life Technologies Corp.,2156678,100695296,0.004742444122018618
2010-09-30,BMC,"BMC Software, Inc.",2414114,97723335,0.004602473740727733
2010-09-30,SHLD,Sears Holdings Corp.,1345121,97037029,0.0045701508022698515
2010-09-30,AMAT,"Applied Materials, Inc.",8073369,94296950,0.004441101362389198
2010-09-30,EXPE,"Expedia, Inc.",3249475,91667690,0.004317271162493279
2010-09-30,VMED,"Virgin Media, Inc.",3946596,90850640,0.004278790576767653
2010-09-30,APOL,"Apollo Group, Inc., Class A",1733370,89008550,0.00419203370490018
2010-09-30,CHKP,Check Point Software Technologies Ltd.,2384078,88044001,0.004146606362043479
2010-09-30,ADSK,"Autodesk, Inc.",2751846,87976517,0.004143428069592457
2010-09-30,LINTA,Liberty Media Corp. - Interactive,6375471,87407707,0.004116638837640197
2010-09-30,FAST,Fastenal Co.,1638354,87144049,0.004104221342662843
2010-09-30,INFY,Infosys Technologies Ltd. ADR,1272582,85657494,0.0040342090948036445
2010-09-30,ORLY,"O'Reilly Automotive, Inc.",1608047,85548100,0.004029056968012298
2010-09-30,VRTX,"Vertex Pharmaceuticals, Inc.",2465879,85245437,0.004014802455415181
2010-09-30,KLAC,KLA-Tencor Corp.,2364180,83290061,0.0039227101553186965
2010-09-30,JOYG,"Joy Global, Inc.",1177864,82827396,0.003900920032076855
2010-09-30,SIAL,Sigma-Aldrich Corp.,1354480,81783502,0.0038517557795152407
2010-09-30,CERN,Cerner Corp.,955114,80220025,0.0037781207379283793
2010-09-30,ROST,"Ross Stores, Inc.",1435449,78404224,0.0036926019985107452
2010-09-30,NIHD,"NII Holdings, Inc.",1902535,78194189,0.0036827099847748885
2010-09-30,NVDA,NVIDIA Corp.,6552058,76528037,0.0036042392609906358
2010-09-30,SRCL,"Stericycle, Inc.",1041708,72377872,0.0034087790320474942
2010-09-30,ILMN,"Illumina, Inc.",1418152,69773078,0.003286101106810854
2010-09-30,MYL,"Mylan, Inc.",3653549,68723257,0.0032366577104617164
2010-09-30,WCRX,"Warner Chilcott PLC, Class A",2921456,65557473,0.0030875588516393482
2010-09-30,STX,Seagate Technology PLC,5468751,64421887,0.00303407618298771
2010-09-30,GRMN,Garmin Ltd.,2098124,63678063,0.0029990443205597335
2010-09-30,ERTS,"Electronic Arts, Inc.",3870584,63593695,0.0029950708427352434
2010-09-30,MXIM,"Maxim Integrated Products, Inc.",3412789,63170724,0.0029751501869308816
2010-09-30,LRCX,Lam Research Corp.,1490536,62378932,0.0029378591766709644
2010-09-30,HSIC,"Henry Schein, Inc.",1060572,62128308,0.0029260555437024814
2010-09-30,URBN,"Urban Outfitters, Inc.",1933345,60784367,0.002862759984237719
2010-09-30,VRSN,"VeriSign, Inc.",1908552,60577440,0.0028530143479089183
2010-09-30,FLEX,Flextronics International Ltd.,9905436,59828833,0.0028177572206360417
2010-09-30,CTAS,Cintas Corp.,2131991,58736352,0.002766304667213218
2010-09-30,MCHP,"Microchip Technology, Inc.",1796819,56509958,0.0026614482383826446
2010-09-30,CEPH,"Cephalon, Inc.",851403,53161603,0.002503750837223194
2010-09-30,XRAY,"DENTSPLY International, Inc.",1593756,50952379,0.002399703063501744
2010-09-30,HOLX,"Hologic, Inc.",3167434,50710618,0.002388316851047655
2010-09-30,JBHT,"JB Hunt Transport Services, Inc.",1432491,49707438,0.0023410701048408944
2010-09-30,FLIR,"FLIR Systems, Inc.",1923514,49434310,0.0023282066014836105
2010-09-30,QGEN,QIAGEN NV,2737530,48563782,0.0022872073635782707
2010-09-30,DISH,"DISH Network Corp., Class A",2512036,48130610,0.002266806271503194
2010-09-30,PDCO,"Patterson Cos., Inc.",1382206,39600202,0.0018650498351546624
2010-09-30,FWLT,Foster Wheeler AG,1548506,37876457,0.0017838666551269777
2010-09-30,LOGI,Logitech International SA,1996564,34740214,0.0016361590881263104
