asset,key,scenario,extra_cost_per_side,fx_fee,fund_tax_rate,deemed_disposal,contributions,final_cash,total_tax,transaction_costs,difference_vs_published_same_strategy_eur,cash_reconciliation_error_eur,difference_vs_same_cost_baseline_eur,rank_among_four_stock_cases
stock,baseline,extra_cost_0bp,0.0,0.0015,,,210936.4799999998,951256.195514393,374915.73309412913,2328.331612884453,0.0,-1.1641532182693481e-10,0.0,3.0
stock,monthly_tlh,extra_cost_0bp,0.0,0.0015,,,210936.4799999998,981373.4964677965,391788.181952254,2979.2311809714224,0.0,0.0,30117.300953403465,2.0
stock,monthly_hybrid,extra_cost_0bp,0.0,0.0015,,,210936.4799999998,993123.1253538546,389013.5556745698,3202.712639721089,0.0,3.4924596548080444e-10,41866.929839461576,1.0
stock,weekly_annual,extra_cost_0bp,0.0,0.0015,,,210936.4799999998,950304.0361326155,367703.7415037964,3050.4157470331465,0.0,-4.656612873077393e-10,-952.1593817775138,4.0
stock,baseline,extra_cost_5bp,0.0005,0.0015,,,210936.4799999998,950341.2667728583,374460.19229911704,3102.740974473289,-914.9287415347062,-3.4924596548080444e-10,0.0,3.0
stock,monthly_tlh,extra_cost_5bp,0.0005,0.0015,,,210936.4799999998,978604.6617870354,390426.99444238696,3979.4189601396506,-2768.834680761094,-2.3283064365386963e-10,28263.395014177077,2.0
stock,monthly_hybrid,extra_cost_5bp,0.0005,0.0015,,,210936.4799999998,991302.8064694989,388100.00558372634,4265.5664040670035,-1820.3188843557145,1.1641532182693481e-10,40961.53969664057,1.0
stock,weekly_annual,extra_cost_5bp,0.0005,0.0015,,,210936.4799999998,942651.988047315,363974.05044514773,4046.6985140250545,-7652.048085300485,9.313225746154785e-10,-7689.278725543292,4.0
stock,baseline,extra_cost_25bp,0.0025,0.0015,,,210936.4799999998,946691.7449801042,372643.1033688935,6191.911486551371,-4564.450534288888,-5.820766091346741e-10,0.0,3.0
stock,monthly_tlh,extra_cost_25bp,0.0025,0.0015,,,210936.4799999998,973644.2731839874,387972.17505813943,7942.100607142383,-7729.223283809144,-2.3283064365386963e-10,26952.52820388321,2.0
stock,monthly_hybrid,extra_cost_25bp,0.0025,0.0015,,,210936.4799999998,983626.9046353824,384245.22988679394,8523.21185630316,-9496.220718472265,0.0,36935.1596552782,1.0
stock,weekly_annual,extra_cost_25bp,0.0025,0.0015,,,210936.4799999998,940408.7970157416,362888.2056593107,8022.889884300572,-9895.239116873941,2.3283064365386963e-10,-6282.947964362567,4.0
etf,etf,fund_tax_38_dd_1,0.0,0.0,0.38,True,210936.4799999998,754335.1502193639,333050.7978763842,0.0,0.0,,,
etf,etf,fund_tax_41_dd_1,0.0,0.0,0.41,True,210936.4799999998,718263.0136552588,352548.9471163663,0.0,-36072.13656410505,,,
etf,etf,fund_tax_38_dd_0,0.0,0.0,0.38,False,210936.4799999998,870577.7411120844,404296.25681063236,0.0,116242.5908927205,,,
etf,etf,fund_tax_41_before_2026_38_from_2026,0.0,0.0,,True,210936.4799999998,741524.3209984308,329492.73603858915,0.0,-12810.829220933025,,,
