cohort,nominal_years,start,end,key,scenario,status,weight_availability_lag_business_days,contribution_count,contributions_eur,initial_contribution_eur,final_contribution_eur,contribution_date_mismatch_count,final_cash_eur,total_tax_eur,transaction_costs_eur,money_weighted_annual_return,cash_reconciliation_error_eur,exposure_date,prefinal_top10_share_of_stock_value,last_known_target_top10_weight,target_effective_date,target_available_date,mean_outside_weight,mean_unknown_weight,rebalance_sale_count,unavailable_reason,difference_vs_cohort_etf_eur,difference_vs_matched_stock_baseline_eur,rank_among_four_stock_cases,difference_vs_original_availability_eur,difference_vs_unrebalanced_same_strategy_eur
16y_2010_2026,16,2010-09-30,2026-09-30,baseline,fixed_rule,COMPLETE,0,192.0,210936.4799999998,1000.0,1301.28,3.0,951256.195514393,374915.73309412913,2328.331612884453,0.17376941662991563,-1.1641532182693481e-10,2026-09-29,0.6583125254195878,0.4637668824117027,2026-08-31,2026-09-07,0.047104518577599654,0.005922571575833246,0.0,,196921.04529502918,0.0,3.0,,
16y_2010_2026,16,2010-09-30,2026-09-30,monthly_tlh,fixed_rule,COMPLETE,0,192.0,210936.4799999998,1000.0,1301.28,3.0,981373.4964677965,391788.181952254,2979.2311809714224,0.17710825813617792,0.0,2026-09-29,0.6954703050119908,0.4637668824117027,2026-08-31,2026-09-07,0.0019672907992221308,0.006053478987629924,0.0,,227038.34624843264,30117.300953403465,2.0,,
16y_2010_2026,16,2010-09-30,2026-09-30,monthly_hybrid,fixed_rule,COMPLETE,0,192.0,210936.4799999998,1000.0,1301.28,3.0,993123.1253538546,389013.5556745698,3202.712639721089,0.17838184423689774,3.4924596548080444e-10,2026-09-29,0.6934417577704869,0.4637668824117027,2026-08-31,2026-09-07,0.0028228638483001234,0.006051728910469593,0.0,,238787.97513449076,41866.929839461576,1.0,,
16y_2010_2026,16,2010-09-30,2026-09-30,weekly_annual,fixed_rule,COMPLETE,0,192.0,210936.4799999998,1000.0,1301.28,3.0,950304.0361326155,367703.7415037964,3050.4157470331465,0.17366206050149213,-4.656612873077393e-10,2026-09-29,0.6948865399647481,0.4637668824117027,2026-08-31,2026-09-07,0.0023253290267848383,0.006093585907135237,0.0,,195968.88591325167,-952.1593817775138,4.0,,
8y_2010_2018,8,2010-09-30,2018-09-28,baseline,fixed_rule,DATA_UNAVAILABLE,0,,,,,,,,,,,,,,,,,,,Fresh final liquidation price required: yahoo:CDK,,,,,
8y_2010_2018,8,2010-09-30,2018-09-28,monthly_tlh,fixed_rule,DATA_UNAVAILABLE,0,,,,,,,,,,,,,,,,,,,Fresh final liquidation price required: yahoo:CDK,,,,,
8y_2010_2018,8,2010-09-30,2018-09-28,monthly_hybrid,fixed_rule,DATA_UNAVAILABLE,0,,,,,,,,,,,,,,,,,,,Fresh final liquidation price required: yahoo:CDK,,,,,
8y_2010_2018,8,2010-09-30,2018-09-28,weekly_annual,fixed_rule,DATA_UNAVAILABLE,0,,,,,,,,,,,,,,,,,,,Fresh final liquidation price required: yahoo:CDK,,,,,
8y_2018_2026,8,2018-09-28,2026-09-30,baseline,fixed_rule,COMPLETE,0,96.0,111309.23999999986,1057.9,1301.28,2.0,212858.68743345843,50802.4427941981,565.2329568159894,0.16418184554639892,0.0,2026-09-29,0.5488056436443124,0.4637668824117027,2026-08-31,2026-09-07,0.02025872398312382,0.0017316897736013711,0.0,,13127.891862684919,0.0,4.0,,
8y_2018_2026,8,2018-09-28,2026-09-30,monthly_tlh,fixed_rule,COMPLETE,0,96.0,111309.23999999986,1057.9,1301.28,2.0,213603.42804472573,51300.67735845458,831.5657468748826,0.1650528892474027,2.3283064365386963e-10,2026-09-29,0.578405744931275,0.4637668824117027,2026-08-31,2026-09-07,0.0011967139563236633,0.0017315078875437032,0.0,,13872.632473952224,744.7406112673052,3.0,,
8y_2018_2026,8,2018-09-28,2026-09-30,monthly_hybrid,fixed_rule,COMPLETE,0,96.0,111309.23999999986,1057.9,1301.28,2.0,213982.6499486138,47890.30501957864,975.3082551027621,0.16549523161097734,8.731149137020111e-11,2026-09-29,0.5778550193463153,0.4637668824117027,2026-08-31,2026-09-07,0.001443420839969849,0.0017388397566841512,0.0,,14251.854377840296,1123.9625151553773,2.0,,
8y_2018_2026,8,2018-09-28,2026-09-30,weekly_annual,fixed_rule,COMPLETE,0,96.0,111309.23999999986,1057.9,1301.28,2.0,215682.86123883518,48722.42765167731,996.7825136473303,0.16746863398568534,1.4551915228366852e-10,2026-09-29,0.5747568336099887,0.4637668824117027,2026-08-31,2026-09-07,0.0014177230807470738,0.0017189632721549923,0.0,,15952.065668061667,2824.1738053767476,1.0,,
5y_2010_2015,5,2010-09-30,2015-09-30,baseline,fixed_rule,DATA_UNAVAILABLE,0,,,,,,,,,,,,,,,,,,,Fresh final liquidation price required: yahoo:AMFW,,,,,
5y_2010_2015,5,2010-09-30,2015-09-30,monthly_tlh,fixed_rule,DATA_UNAVAILABLE,0,,,,,,,,,,,,,,,,,,,Fresh final liquidation price required: yahoo:CDK,,,,,
5y_2010_2015,5,2010-09-30,2015-09-30,monthly_hybrid,fixed_rule,DATA_UNAVAILABLE,0,,,,,,,,,,,,,,,,,,,Fresh final liquidation price required: yahoo:CDK,,,,,
5y_2010_2015,5,2010-09-30,2015-09-30,weekly_annual,fixed_rule,DATA_UNAVAILABLE,0,,,,,,,,,,,,,,,,,,,Fresh final liquidation price required: yahoo:CDK,,,,,
5y_2015_2020,5,2015-09-30,2020-09-30,baseline,fixed_rule,DATA_UNAVAILABLE,0,,,,,,,,,,,,,,,,,,,Fresh final liquidation price required: yahoo:CVET,,,,,
5y_2015_2020,5,2015-09-30,2020-09-30,monthly_tlh,fixed_rule,DATA_UNAVAILABLE,0,,,,,,,,,,,,,,,,,,,Fresh final liquidation price required: yahoo:CVET,,,,,
5y_2015_2020,5,2015-09-30,2020-09-30,monthly_hybrid,fixed_rule,DATA_UNAVAILABLE,0,,,,,,,,,,,,,,,,,,,Fresh final liquidation price required: yahoo:CVET,,,,,
5y_2015_2020,5,2015-09-30,2020-09-30,weekly_annual,fixed_rule,DATA_UNAVAILABLE,0,,,,,,,,,,,,,,,,,,,Fresh final liquidation price required: yahoo:CVET,,,,,
5y_2020_2025,5,2020-09-30,2025-09-30,baseline,fixed_rule,COMPLETE,0,60.0,70210.07999999996,1054.96,1275.76,2.0,97571.25994170512,13301.784520923844,272.4860890725013,0.13653962163703393,-4.3655745685100555e-11,2025-09-29,0.5473931612273777,0.5210689782657209,2025-08-29,2025-09-05,0.012041826345610154,1.5919141248531987e-06,0.0,,4063.078580558795,0.0,2.0,,
5y_2020_2025,5,2020-09-30,2025-09-30,monthly_tlh,fixed_rule,COMPLETE,0,60.0,70210.07999999996,1054.96,1275.76,2.0,96434.98307174441,12792.562371254095,381.82203738289826,0.13161795569866774,-2.9103830456733704e-11,2025-09-29,0.5628950566472327,0.5210689782657209,2025-08-29,2025-09-05,0.0011858031336493687,0.0,0.0,,2926.8017105980834,-1136.2768699607113,4.0,,
5y_2020_2025,5,2020-09-30,2025-09-30,monthly_hybrid,fixed_rule,COMPLETE,0,60.0,70210.07999999996,1054.96,1275.76,2.0,99293.37501166016,12467.115605195733,491.6501305263851,0.14390005425943964,-1.4551915228366852e-11,2025-09-29,0.5683825730492176,0.5210689782657209,2025-08-29,2025-09-05,0.001576524186467753,0.0,0.0,,5785.193650513829,1722.1150699550344,1.0,,
5y_2020_2025,5,2020-09-30,2025-09-30,weekly_annual,fixed_rule,COMPLETE,0,60.0,70210.07999999996,1054.96,1275.76,2.0,96487.50245565418,11060.185960511928,519.3474623163881,0.1318466015801717,2.9103830456733704e-11,2025-09-29,0.5655235470838892,0.5210689782657209,2025-08-29,2025-09-05,0.000996776113606173,0.0,0.0,,2979.3210945078463,-1083.7574860509485,3.0,,
11y_2015_2026,11,2015-09-30,2026-09-30,baseline,fixed_rule,COMPLETE,0,132.0,149075.75999999998,1048.09,1301.28,3.0,381624.9244578338,117293.78951822995,978.696557050469,0.16702156397281775,3.4924596548080444e-10,2026-09-29,0.5938451250096198,0.4637668824117027,2026-08-31,2026-09-07,0.024864294221001393,0.0034197283955330286,0.0,,41798.493747862696,0.0,2.0,,
11y_2015_2026,11,2015-09-30,2026-09-30,monthly_tlh,fixed_rule,COMPLETE,0,132.0,149075.75999999998,1048.09,1301.28,3.0,384578.63084871555,119040.16934295328,1404.7703467850415,0.16833501152203467,1.1641532182693481e-10,2026-09-29,0.6303643822647166,0.4637668824117027,2026-08-31,2026-09-07,0.0012342030247594082,0.0034672728109516994,0.0,,44752.20013874443,2953.7063908817363,1.0,,
11y_2015_2026,11,2015-09-30,2026-09-30,monthly_hybrid,fixed_rule,COMPLETE,0,132.0,149075.75999999998,1048.09,1301.28,3.0,376999.0732697418,109655.6430788864,1601.0862432224217,0.16494288812855984,-5.820766091346741e-11,2026-09-29,0.6218935200126677,0.4637668824117027,2026-08-31,2026-09-07,0.0016809823256641013,0.0037040404329354774,0.0,,37172.64255977067,-4625.851188092027,4.0,,
11y_2015_2026,11,2015-09-30,2026-09-30,weekly_annual,fixed_rule,COMPLETE,0,132.0,149075.75999999998,1048.09,1301.28,3.0,381182.4670915435,112350.23449663002,1569.8888560762946,0.16682389189802127,1.1641532182693481e-10,2026-09-29,0.6378605857540375,0.4637668824117027,2026-08-31,2026-09-07,0.0016563510031482418,0.0019568226206235413,0.0,,41356.03638157237,-442.4573662903276,3.0,,
5y_2021_2026,5,2021-09-30,2026-09-30,baseline,fixed_rule,COMPLETE,0,60.0,73165.92,1086.36,1301.28,1.0,108853.38066857055,17445.7559779139,300.1156079510691,0.1642909241952174,0.0,2026-09-29,0.5029729809738722,0.4637668824117027,2026-08-31,2026-09-07,0.012628287372373813,0.0,0.0,,3836.310442490343,0.0,4.0,,
5y_2021_2026,5,2021-09-30,2026-09-30,monthly_tlh,fixed_rule,COMPLETE,0,60.0,73165.92,1086.36,1301.28,1.0,109739.15609147477,17904.97250274033,462.05498575025314,0.16770286166436732,2.9103830456733704e-11,2026-09-29,0.5337832983477128,0.4637668824117027,2026-08-31,2026-09-07,0.0008590882782529687,0.0,0.0,,4722.085865394562,885.7754229042184,3.0,,
5y_2021_2026,5,2021-09-30,2026-09-30,monthly_hybrid,fixed_rule,COMPLETE,0,60.0,73165.92,1086.36,1301.28,1.0,111098.31407726441,16705.85770120407,568.1238385832401,0.17289024838221134,1.4551915228366852e-11,2026-09-29,0.5103223391962595,0.4637668824117027,2026-08-31,2026-09-07,0.0012120691028081204,0.0,0.0,,6081.243851184205,2244.9334086938616,1.0,,
5y_2021_2026,5,2021-09-30,2026-09-30,weekly_annual,fixed_rule,COMPLETE,0,60.0,73165.92,1086.36,1301.28,1.0,110070.0265065704,16234.477790126979,548.2093797995428,0.16897097904657266,1.4551915228366852e-11,2026-09-29,0.5196531759411077,0.4637668824117027,2026-08-31,2026-09-07,0.0010166373827367838,0.0,0.0,,5052.956280490194,1216.6458379998512,2.0,,
16y_2010_2026,16,2010-09-30,2026-09-30,baseline,fixed_rule,COMPLETE,5,192.0,210936.4799999998,1000.0,1301.28,3.0,952261.9722744565,375416.73774812877,2330.6093974838477,0.17388269582899885,1.1641532182693481e-10,2026-09-29,0.6583186985819572,0.4637668824117027,2026-08-31,2026-09-14,0.04765995760925282,0.005902625198684731,0.0,,197926.82205509266,0.0,4.0,1005.7767600634834,
16y_2010_2026,16,2010-09-30,2026-09-30,monthly_tlh,fixed_rule,COMPLETE,5,192.0,210936.4799999998,1000.0,1301.28,3.0,976616.5979827573,389481.69928620197,2939.5611454275263,0.17658809706467882,-2.3283064365386963e-10,2026-09-29,0.6988083914751493,0.4637668824117027,2026-08-31,2026-09-14,0.00193446085442104,0.006076642642569233,0.0,,222281.4477633934,24354.625708300737,3.0,-4756.898485039244,
16y_2010_2026,16,2010-09-30,2026-09-30,monthly_hybrid,fixed_rule,COMPLETE,5,192.0,210936.4799999998,1000.0,1301.28,3.0,982945.036579005,383747.0437225532,3133.8681029747722,0.17727952451298112,3.4924596548080444e-10,2026-09-29,0.6943757085313528,0.4637668824117027,2026-08-31,2026-09-14,0.0026813981350995663,0.006024178167814489,0.0,,228609.8863596411,30683.064304548432,2.0,-10178.08877484966,
16y_2010_2026,16,2010-09-30,2026-09-30,weekly_annual,fixed_rule,COMPLETE,5,192.0,210936.4799999998,1000.0,1301.28,3.0,995389.2968337333,390113.46009365155,3091.2714069915446,0.17862566972895666,4.656612873077393e-10,2026-09-29,0.7004814357613105,0.4637668824117027,2026-08-31,2026-09-14,0.0027676470462221696,0.006034100018962162,0.0,,241054.14661436947,43127.32455927681,1.0,45085.260701117804,
16y_2010_2026,16,2010-09-30,2026-09-30,baseline,quarterly_target_rebalance,COMPLETE,0,192.0,210936.4799999998,1000.0,1301.28,3.0,832014.175237625,309176.7385997559,3917.5575951348046,0.15936214683065109,-4.656612873077393e-10,2026-09-29,0.4991020500055477,0.4637668824117027,2026-08-31,2026-09-07,0.00206011240451934,0.005973696938721929,2279.0,,77679.02501826116,0.0,,,-119242.02027676802
16y_2010_2026,16,2010-09-30,2026-09-30,weekly_annual,quarterly_target_rebalance,COMPLETE,0,192.0,210936.4799999998,1000.0,1301.28,3.0,840907.6854058637,312915.08934562263,5808.235540153569,0.1605097348397636,0.0,2026-09-29,0.508901013607962,0.4637668824117027,2026-08-31,2026-09-07,0.0025155356174059768,0.006100447439876568,2005.0,,86572.53518649982,8893.51016823866,,,-109396.35072675184
16y_2010_2026,16,2010-09-30,2026-09-30,etf,fixed_rule,COMPLETE,0,192.0,210936.4799999998,1000.0,1301.28,0.0,754335.1502193639,333050.7978763842,0.0,0.148747488712499,,,,,,,,,,,0.0,-196921.04529502918,,,
8y_2010_2018,8,2010-09-30,2018-09-28,etf,fixed_rule,COMPLETE,0,96.0,99627.23999999986,1000.0,1052.01,0.0,188830.0434984025,54672.68601514992,0.0,0.15685956538962753,,,,,,,,,,,0.0,,,,
8y_2018_2026,8,2018-09-28,2026-09-30,etf,fixed_rule,COMPLETE,0,96.0,111309.23999999986,1057.9,1301.28,0.0,199730.7955707735,54193.85664015151,0.0,0.14828887057807727,,,,,,,,,,,0.0,-13127.891862684919,,,
5y_2010_2015,5,2010-09-30,2015-09-30,etf,fixed_rule,COMPLETE,0,60.0,61860.71999999996,1000.0,1048.09,0.0,88892.01612126082,16848.223796688417,0.0,0.146019673175681,,,,,,,,,,,0.0,,,,
5y_2015_2020,5,2015-09-30,2020-09-30,etf,fixed_rule,COMPLETE,0,60.0,63250.32000000002,1048.09,1065.75,0.0,94851.83260618047,19393.725323476203,0.0,0.1624830536270393,,,,,,,,,,,0.0,,,,
5y_2020_2025,5,2020-09-30,2025-09-30,etf,fixed_rule,COMPLETE,0,60.0,70210.07999999996,1054.96,1275.76,0.0,93508.18136114633,14279.481479412267,0.0,0.11868412419195817,,,,,,,,,,,0.0,-4063.078580558795,,,
11y_2015_2026,11,2015-09-30,2026-09-30,etf,fixed_rule,COMPLETE,0,132.0,149075.75999999998,1048.09,1301.28,0.0,339826.4307099711,116911.7014028855,0.0,0.1471873629179573,,,,,,,,,,,0.0,-41798.493747862696,,,
5y_2021_2026,5,2021-09-30,2026-09-30,etf,fixed_rule,COMPLETE,0,60.0,73165.92,1086.36,1301.28,0.0,105017.0702260802,19521.672719210448,0.0,0.1492100197459737,,,,,,,,,,,0.0,-3836.310442490343,,,
