date,nav_usd
2010-01-26,95.0
2010-01-27,95.79
2010-01-28,93.28
2010-01-29,91.7
2010-02-01,92.73
2010-02-02,93.58
2010-02-03,94.01
2010-02-04,91.28
2010-02-05,91.97
2010-02-08,91.39
2010-02-09,92.38
2010-02-10,92.18
2010-02-11,93.55
2010-02-12,93.72
2010-02-16,94.95
2010-02-17,95.42
2010-02-18,96.09
2010-02-19,96.09
2010-02-22,95.79
2010-02-23,94.54
2010-02-24,95.54
2010-02-25,95.56
2010-02-26,95.86
2010-03-01,97.32
2010-03-02,97.57
2010-03-03,97.59
2010-03-04,98.02
2010-03-05,99.54
2010-03-08,99.66
2010-03-09,100.21
2010-03-10,101.06
2010-03-11,101.4
2010-03-12,101.43
2010-03-15,101.2
2010-03-16,101.84
2010-03-17,102.05
2010-03-18,102.45
2010-03-19,101.84
2010-03-22,102.74
2010-03-23,103.46
2010-03-24,102.86
2010-03-25,102.72
2010-03-26,102.9
2010-03-29,103.35
2010-03-30,103.71
2010-03-31,103.2
2010-04-01,103.26
2010-04-06,104.45
2010-04-07,104.2
2010-04-08,104.38
2010-04-09,105.1
2010-04-12,105.17
2010-04-13,105.61
2010-04-14,106.93
2010-04-15,107.44
2010-04-16,106.08
2010-04-19,106.12
2010-04-20,106.65
2010-04-21,107.22
2010-04-22,107.78
2010-04-23,108.31
2010-04-26,107.98
2010-04-27,105.72
2010-04-28,105.79
2010-04-29,107.65
2010-04-30,105.43
2010-05-03,107.06
2010-05-04,103.76
2010-05-05,103.21
2010-05-06,99.81
2010-05-07,97.48
2010-05-10,102.39
2010-05-11,102.28
2010-05-12,104.13
2010-05-14,100.52
2010-05-17,100.97
2010-05-18,99.49
2010-05-19,98.78
2010-05-20,94.92
2010-05-21,96.11
2010-05-24,95.71
2010-05-25,95.73
2010-05-26,94.74
2010-05-27,98.23
2010-05-28,97.69
2010-05-31,97.68
2010-06-01,96.77
2010-06-02,99.15
2010-06-03,100.0
2010-06-04,96.65
2010-06-07,94.86
2010-06-08,94.73
2010-06-09,93.85
2010-06-10,96.55
2010-06-11,97.44
2010-06-14,97.35
2010-06-15,100.08
2010-06-16,100.49
2010-06-17,100.77
2010-06-18,100.91
2010-06-21,99.98
2010-06-22,99.18
2010-06-23,98.86
2010-06-24,97.28
2010-06-25,96.96
2010-06-28,96.83
2010-06-29,93.04
2010-06-30,91.72
2010-07-01,91.48
2010-07-02,91.16
2010-07-06,91.49
2010-07-07,94.39
2010-07-08,94.84
2010-07-09,95.71
2010-07-12,96.04
2010-07-13,97.3
2010-07-14,97.74
2010-07-15,97.89
2010-07-16,95.12
2010-07-19,95.95
2010-07-20,97.07
2010-07-21,95.84
2010-07-22,98.25
2010-07-23,98.9
2010-07-26,99.69
2010-07-27,99.6
2010-07-28,98.75
2010-07-29,98.1
2010-07-30,98.3
2010-08-02,100.15
2010-08-03,99.78
2010-08-04,100.71
2010-08-05,100.48
2010-08-06,100.38
2010-08-09,101.02
2010-08-10,100.19
2010-08-11,97.35
2010-08-12,96.65
2010-08-13,95.95
2010-08-16,96.09
2010-08-17,97.37
2010-08-18,97.66
2010-08-19,96.19
2010-08-20,96.34
2010-08-23,95.42
2010-08-24,93.68
2010-08-25,94.52
2010-08-26,93.37
2010-08-27,94.56
2010-08-30,93.53
2010-08-31,93.28
2010-09-01,96.06
2010-09-02,97.14
2010-09-03,98.71
2010-09-07,97.98
2010-09-08,99.22
2010-09-09,99.54
2010-09-10,99.87
2010-09-13,101.41
2010-09-14,101.78
2010-09-15,102.36
2010-09-16,102.8
2010-09-17,103.21
2010-09-20,104.97
2010-09-21,104.96
2010-09-22,104.62
2010-09-23,104.59
2010-09-24,106.79
2010-09-27,106.11
2010-09-28,106.18
2010-09-29,106.0
2010-09-30,105.42
2010-10-01,105.34
2010-10-04,104.23
2010-10-05,106.83
2010-10-06,105.87
2010-10-07,106.14
2010-10-08,106.95
2010-10-11,106.95
2010-10-12,107.71
2010-10-13,108.54
2010-10-14,108.39
2010-10-15,110.67
2010-10-18,111.01
2010-10-19,109.2
2010-10-20,110.04
2010-10-21,110.27
2010-10-22,111.01
2010-10-25,111.5
2010-10-26,111.79
2010-10-27,112.15
2010-10-28,112.36
2010-10-29,112.08
2010-11-01,112.29
2010-11-02,113.52
2010-11-03,113.88
2010-11-04,115.43
2010-11-05,115.37
2010-11-08,115.5
2010-11-09,114.87
2010-11-10,115.44
2010-11-11,114.67
2010-11-12,112.82
2010-11-15,112.47
2010-11-16,110.51
2010-11-17,110.86
2010-11-18,112.7
2010-11-19,112.78
2010-11-22,113.62
2010-11-23,111.81
2010-11-24,114.13
2010-11-26,113.78
2010-11-29,113.28
2010-11-30,111.85
2010-12-01,114.26
2010-12-02,115.45
2010-12-03,115.76
2010-12-06,115.68
2010-12-07,115.66
2010-12-08,116.26
2010-12-09,116.31
2010-12-10,117.04
2010-12-13,116.62
2010-12-14,116.89
2010-12-15,116.36
2010-12-16,117.17
2010-12-17,117.19
2010-12-20,117.44
2010-12-21,118.04
2010-12-22,118.11
2010-12-23,117.81
2010-12-27,117.79
2010-12-28,117.66
2010-12-29,117.88
2010-12-30,117.56
2010-12-31,117.15
2011-01-03,119.07
2011-01-04,118.92
2011-01-05,119.92
2011-01-06,120.3
2011-01-07,120.26
2011-01-10,120.66
2011-01-11,120.89
2011-01-12,121.75
2011-01-13,121.78
2011-01-14,122.73
2011-01-18,123.01
2011-01-19,121.66
2011-01-20,120.75
2011-01-21,119.81
2011-01-24,121.5
2011-01-25,121.69
2011-01-26,122.23
2011-01-27,123.07
2011-01-28,119.93
2011-01-31,120.53
2011-02-01,122.8
2011-02-02,122.6
2011-02-03,122.72
2011-02-04,123.52
2011-02-07,124.11
2011-02-08,124.87
2011-02-09,124.73
2011-02-10,124.91
2011-02-11,125.69
2011-02-14,126.03
2011-02-15,125.86
2011-02-16,126.71
2011-02-17,126.7
2011-02-18,126.42
2011-02-21,126.42
2011-02-22,122.75
2011-02-23,121.61
2011-02-24,122.26
2011-02-25,124.0
2011-02-28,124.25
2011-03-01,122.36
2011-03-02,122.97
2011-03-03,125.35
2011-03-04,124.72
2011-03-07,123.03
2011-03-08,123.53
2011-03-09,122.75
2011-03-10,120.72
2011-03-11,121.51
2011-03-14,121.07
2011-03-15,119.43
2011-03-16,116.44
2011-03-17,117.61
2011-03-18,117.39
2011-03-21,119.59
2011-03-22,119.34
2011-03-23,120.0
2011-03-24,122.19
2011-03-25,122.42
2011-03-28,121.71
2011-03-29,122.9
2011-03-30,123.48
2011-03-31,123.61
2011-04-01,123.82
2011-04-04,123.38
2011-04-05,123.03
2011-04-06,123.26
2011-04-07,123.29
2011-04-08,122.67
2011-04-11,122.32
2011-04-12,121.46
2011-04-13,122.43
2011-04-14,122.15
2011-04-15,121.95
2011-04-18,121.14
2011-04-19,121.9
2011-04-20,124.6
2011-04-21,125.63
2011-04-26,126.61
2011-04-27,127.54
2011-04-28,127.35
2011-04-29,127.05
2011-05-02,127.05
2011-05-03,126.44
2011-05-04,126.2
2011-05-05,125.55
2011-05-06,125.97
2011-05-09,126.38
2011-05-10,127.46
2011-05-11,126.5
2011-05-12,127.28
2011-05-13,125.76
2011-05-16,123.57
2011-05-17,123.93
2011-05-18,124.96
2011-05-19,125.32
2011-05-20,124.36
2011-05-23,122.53
2011-05-24,121.83
2011-05-25,122.24
2011-05-26,123.03
2011-05-27,123.57
2011-05-30,123.57
2011-05-31,125.49
2011-06-01,122.88
2011-06-02,123.1
2011-06-03,121.28
2011-06-06,120.34
2011-06-07,120.04
2011-06-08,119.2
2011-06-09,119.4
2011-06-10,117.52
2011-06-13,117.58
2011-06-14,119.07
2011-06-15,116.88
2011-06-16,116.4
2011-06-17,116.03
2011-06-20,116.63
2011-06-21,119.14
2011-06-22,118.29
2011-06-23,119.31
2011-06-24,117.3
2011-06-27,119.15
2011-06-28,120.92
2011-06-29,121.38
2011-06-30,123.0
2011-07-01,124.93
2011-07-04,124.92
2011-07-05,125.46
2011-07-06,125.85
2011-07-07,127.66
2011-07-08,127.29
2011-07-11,124.98
2011-07-12,124.02
2011-07-13,124.47
2011-07-14,123.02
2011-07-15,124.69
2011-07-18,124.02
2011-07-19,126.88
2011-07-20,126.33
2011-07-21,127.2
2011-07-22,128.54
2011-07-25,128.25
2011-07-26,128.53
2011-07-27,125.23
2011-07-28,125.48
2011-07-29,125.0
2011-08-01,124.54
2011-08-02,121.3
2011-08-03,122.4
2011-08-04,116.83
2011-08-05,116.15
2011-08-08,109.06
2011-08-09,114.38
2011-08-10,109.74
2011-08-11,114.71
2011-08-12,115.5
2011-08-15,117.2
2011-08-16,116.22
2011-08-17,115.55
2011-08-18,109.8
2011-08-19,107.96
2011-08-22,108.3
2011-08-23,112.78
2011-08-24,113.63
2011-08-25,111.68
2011-08-26,114.52
2011-08-29,117.81
2011-08-30,118.53
2011-08-31,118.71
2011-09-01,117.55
2011-09-02,114.83
2011-09-05,114.83
2011-09-06,114.82
2011-09-07,117.8
2011-09-08,117.3
2011-09-09,114.61
2011-09-12,116.11
2011-09-13,117.63
2011-09-14,119.34
2011-09-15,121.13
2011-09-16,122.16
2011-09-19,122.3
2011-09-20,121.61
2011-09-21,119.62
2011-09-22,115.72
2011-09-23,116.9
2011-09-26,118.35
2011-09-27,119.36
2011-09-28,117.63
2011-09-29,116.41
2011-09-30,113.31
2011-10-03,110.45
2011-10-04,112.8
2011-10-05,115.64
2011-10-06,117.5
2011-10-07,116.71
2011-10-10,120.72
2011-10-11,121.58
2011-10-12,122.23
2011-10-13,123.27
2011-10-14,125.66
2011-10-17,123.67
2011-10-18,125.28
2011-10-19,122.73
2011-10-20,122.17
2011-10-21,123.74
2011-10-24,126.31
2011-10-25,123.74
2011-10-26,123.68
2011-10-27,127.12
2011-10-28,127.2
2011-10-31,125.02
2011-11-01,121.75
2011-11-02,122.81
2011-11-03,125.47
2011-11-04,124.86
2011-11-07,125.64
2011-11-08,127.18
2011-11-09,122.64
2011-11-10,122.53
2011-11-11,124.84
2011-11-14,124.07
2011-11-15,125.47
2011-11-16,123.27
2011-11-17,120.51
2011-11-18,119.55
2011-11-21,117.33
2011-11-22,117.6
2011-11-23,114.96
2011-11-24,114.96
2011-11-25,114.13
2011-11-28,118.02
2011-11-29,117.34
2011-11-30,121.78
2011-12-01,122.52
2011-12-02,122.14
2011-12-05,123.46
2011-12-06,123.17
2011-12-07,123.12
2011-12-08,121.11
2011-12-09,123.03
2011-12-12,121.62
2011-12-13,120.35
2011-12-14,118.48
2011-12-15,118.15
2011-12-16,118.76
2011-12-19,117.54
2011-12-20,121.08
2011-12-21,119.32
2011-12-22,120.24
2011-12-23,121.35
2011-12-27,121.64
2011-12-28,120.25
2011-12-29,121.21
2011-12-30,120.83
2012-01-02,120.83
2012-01-03,123.19
2012-01-04,123.6
2012-01-05,124.61
2012-01-06,124.99
2012-01-09,124.71
2012-01-10,125.6
2012-01-11,125.86
2012-01-12,126.37
2012-01-13,125.84
2012-01-16,125.83
2012-01-17,126.96
2012-01-18,128.69
2012-01-19,129.53
2012-01-20,129.28
2012-01-23,129.29
2012-01-24,129.11
2012-01-25,130.79
2012-01-26,130.21
2012-01-27,130.58
2012-01-30,130.77
2012-01-31,130.91
2012-02-01,131.98
2012-02-02,132.38
2012-02-03,134.19
2012-02-06,134.15
2012-02-07,134.35
2012-02-08,135.08
2012-02-09,136.04
2012-02-10,135.17
2012-02-13,136.36
2012-02-14,136.73
2012-02-15,135.72
2012-02-16,137.65
2012-02-17,137.22
2012-02-20,137.22
2012-02-21,137.54
2012-02-22,136.99
2012-02-23,137.8
2012-02-24,138.29
2012-02-27,138.42
2012-02-28,139.84
2012-02-29,139.31
2012-03-01,140.39
2012-03-02,140.29
2012-03-05,138.87
2012-03-06,137.49
2012-03-07,138.5
2012-03-08,140.05
2012-03-09,140.56
2012-03-12,140.57
2012-03-13,143.25
2012-03-14,143.83
2012-03-15,144.17
2012-03-16,144.06
2012-03-19,145.15
2012-03-20,145.39
2012-03-21,145.35
2012-03-22,145.06
2012-03-23,144.91
2012-03-26,147.53
2012-03-27,147.74
2012-03-28,147.15
2012-03-29,146.67
2012-03-30,146.31
2012-04-02,147.87
2012-04-03,147.8
2012-04-04,145.8
2012-04-05,146.72
2012-04-10,143.15
2012-04-11,143.84
2012-04-12,145.55
2012-04-13,143.35
2012-04-16,141.82
2012-04-17,144.65
2012-04-18,144.24
2012-04-19,142.7
2012-04-20,142.13
2012-04-23,140.93
2012-04-24,140.14
2012-04-25,143.9
2012-04-26,144.74
2012-04-27,145.59
2012-04-30,144.66
2012-05-01,144.83
2012-05-02,145.24
2012-05-03,143.68
2012-05-04,140.14
2012-05-07,140.22
2012-05-08,139.71
2012-05-09,139.26
2012-05-10,138.99
2012-05-11,138.98
2012-05-14,137.62
2012-05-15,137.18
2012-05-16,136.17
2012-05-17,133.39
2012-05-18,131.77
2012-05-21,135.33
2012-05-22,135.0
2012-05-23,135.42
2012-05-24,134.59
2012-05-25,134.36
2012-05-28,134.35
2012-05-29,136.05
2012-05-30,134.92
2012-05-31,134.26
2012-06-01,130.75
2012-06-04,131.77
2012-06-05,132.27
2012-06-06,135.44
2012-06-07,134.86
2012-06-08,136.12
2012-06-11,133.89
2012-06-12,135.43
2012-06-13,134.44
2012-06-14,135.1
2012-06-15,136.76
2012-06-18,137.89
2012-06-19,139.4
2012-06-20,139.53
2012-06-21,136.0
2012-06-22,137.52
2012-06-25,134.75
2012-06-26,135.62
2012-06-27,136.45
2012-06-28,134.91
2012-06-29,139.13
2012-07-02,139.64
2012-07-03,140.75
2012-07-04,140.75
2012-07-05,140.83
2012-07-06,138.96
2012-07-09,138.85
2012-07-10,137.53
2012-07-11,136.77
2012-07-12,135.4
2012-07-13,137.51
2012-07-16,137.09
2012-07-17,137.86
2012-07-18,139.68
2012-07-19,141.27
2012-07-20,139.26
2012-07-23,137.76
2012-07-24,136.56
2012-07-25,135.59
2012-07-26,137.48
2012-07-27,140.8
2012-07-30,140.54
2012-07-31,140.56
2012-08-01,140.16
2012-08-02,139.66
2012-08-03,142.38
2012-08-06,143.35
2012-08-07,144.57
2012-08-08,144.41
2012-08-09,144.81
2012-08-10,145.0
2012-08-13,145.3
2012-08-14,145.33
2012-08-15,145.73
2012-08-16,147.47
2012-08-17,148.12
2012-08-20,148.33
2012-08-21,147.69
2012-08-22,148.29
2012-08-23,147.15
2012-08-24,148.0
2012-08-27,148.24
2012-08-28,148.25
2012-08-29,148.32
2012-08-30,146.71
2012-08-31,147.69
2012-09-03,147.69
2012-09-04,147.67
2012-09-05,147.42
2012-09-06,150.76
2012-09-07,150.52
2012-09-10,148.56
2012-09-11,148.38
2012-09-12,148.76
2012-09-13,150.87
2012-09-14,152.14
2012-09-17,152.22
2012-09-18,152.27
2012-09-19,152.62
2012-09-20,152.5
2012-09-21,152.49
2012-09-24,151.55
2012-09-25,149.45
2012-09-26,148.23
2012-09-27,150.36
2012-09-28,149.17
2012-10-01,148.92
2012-10-02,149.25
2012-10-03,150.26
2012-10-04,150.83
2012-10-05,149.97
2012-10-08,148.64
2012-10-09,146.24
2012-10-10,145.54
2012-10-11,145.04
2012-10-12,145.08
2012-10-15,146.13
2012-10-16,148.18
2012-10-17,148.04
2012-10-18,146.36
2012-10-19,142.84
2012-10-22,143.69
2012-10-23,142.17
2012-10-24,141.61
2012-10-25,141.72
2012-10-26,142.15
2012-10-29,142.15
2012-10-30,142.15
2012-10-31,141.21
2012-11-01,143.32
2012-11-02,141.65
2012-11-05,142.58
2012-11-06,143.01
2012-11-07,139.47
2012-11-08,137.33
2012-11-09,137.95
2012-11-12,137.88
2012-11-13,136.85
2012-11-14,135.26
2012-11-15,134.86
2012-11-16,135.39
2012-11-19,138.68
2012-11-20,138.65
2012-11-21,138.95
2012-11-22,138.95
2012-11-23,141.04
2012-11-26,141.68
2012-11-27,141.17
2012-11-28,142.44
2012-11-29,143.23
2012-11-30,143.11
2012-12-03,142.79
2012-12-04,142.58
2012-12-05,140.99
2012-12-06,141.95
2012-12-07,141.1
2012-12-10,141.48
2012-12-11,143.32
2012-12-12,142.97
2012-12-13,141.88
2012-12-14,140.49
2012-12-17,142.42
2012-12-18,144.63
2012-12-19,143.86
2012-12-20,143.99
2012-12-24,142.09
2012-12-27,140.75
2012-12-28,139.35
2012-12-31,142.26
2013-01-02,146.83
2013-01-03,146.07
2013-01-04,145.65
2013-01-07,145.64
2013-01-08,145.34
2013-01-09,145.82
2013-01-10,146.7
2013-01-11,146.92
2013-01-14,146.24
2013-01-15,145.57
2013-01-16,146.19
2013-01-17,146.86
2013-01-18,146.65
2013-01-21,146.64
2013-01-22,146.8
2013-01-23,147.65
2013-01-24,145.59
2013-01-25,146.29
2013-01-28,146.59
2013-01-29,146.66
2013-01-30,146.4
2013-01-31,146.01
2013-02-01,147.74
2013-02-04,145.16
2013-02-05,147.31
2013-02-06,146.85
2013-02-07,146.96
2013-02-08,148.51
2013-02-11,148.47
2013-02-12,147.84
2013-02-13,148.44
2013-02-14,148.31
2013-02-15,147.96
2013-02-18,147.95
2013-02-19,149.01
2013-02-20,146.72
2013-02-21,145.19
2013-02-22,146.57
2013-02-25,144.62
2013-02-26,145.27
2013-02-27,146.79
2013-02-28,146.64
2013-03-01,147.13
2013-03-04,147.76
2013-03-05,149.88
2013-03-06,149.55
2013-03-07,149.92
2013-03-08,150.16
2013-03-11,150.58
2013-03-12,149.99
2013-03-13,149.88
2013-03-14,150.34
2013-03-15,149.91
2013-03-18,149.54
2013-03-19,149.27
2013-03-20,150.26
2013-03-21,148.6
2013-03-22,149.99
2013-03-25,149.38
2013-03-26,150.3
2013-03-27,150.5
2013-03-28,150.97
2013-04-02,151.08
2013-04-03,149.71
2013-04-04,149.74
2013-04-05,148.5
2013-04-08,149.27
2013-04-09,150.26
2013-04-10,153.18
2013-04-11,153.17
2013-04-12,153.03
2013-04-15,149.86
2013-04-16,152.05
2013-04-17,149.03
2013-04-18,146.89
2013-04-19,148.95
2013-04-22,150.53
2013-04-23,151.88
2013-04-24,151.81
2013-04-25,152.59
2013-04-26,152.16
2013-04-29,153.57
2013-04-30,154.67
2013-05-01,153.92
2013-05-02,155.94
2013-05-03,157.77
2013-05-06,158.34
2013-05-07,158.22
2013-05-08,159.05
2013-05-09,158.78
2013-05-10,159.84
2013-05-13,159.9
2013-05-14,160.74
2013-05-15,161.1
2013-05-16,160.92
2013-05-17,162.51
2013-05-20,162.08
2013-05-21,162.39
2013-05-22,160.92
2013-05-23,160.51
2013-05-24,160.49
2013-05-27,160.48
2013-05-28,161.6
2013-05-29,160.69
2013-05-30,161.6
2013-05-31,159.99
2013-06-03,160.49
2013-06-04,159.57
2013-06-05,157.61
2013-06-06,158.32
2013-06-07,160.49
2013-06-10,160.47
2013-06-11,158.82
2013-06-12,157.07
2013-06-13,159.04
2013-06-14,158.02
2013-06-17,159.49
2013-06-18,160.82
2013-06-19,158.86
2013-06-20,155.14
2013-06-21,154.47
2013-06-24,152.88
2013-06-25,153.86
2013-06-27,156.05
2013-06-28,156.19
2013-07-01,157.19
2013-07-02,157.31
2013-07-03,157.94
2013-07-04,157.94
2013-07-05,159.12
2013-07-08,159.28
2013-07-09,160.25
2013-07-10,161.14
2013-07-11,164.29
2013-07-12,165.34
2013-07-15,165.37
2013-07-16,165.25
2013-07-17,165.66
2013-07-18,165.26
2013-07-19,163.5
2013-07-22,164.04
2013-07-23,162.76
2013-07-24,163.29
2013-07-25,164.39
2013-07-26,165.17
2013-07-29,164.79
2013-07-30,165.67
2013-07-31,165.93
2013-08-01,167.86
2013-08-02,168.79
2013-08-06,167.7
2013-08-07,167.51
2013-08-08,168.25
2013-08-09,167.63
2013-08-12,168.02
2013-08-13,168.91
2013-08-14,168.31
2013-08-15,165.45
2013-08-16,165.32
2013-08-19,165.1
2013-08-20,165.78
2013-08-21,165.2
2013-08-22,166.83
2013-08-23,168.04
2013-08-26,167.95
2013-08-27,164.56
2013-08-28,165.24
2013-08-29,166.38
2013-08-30,165.36
2013-09-02,165.35
2013-09-03,166.31
2013-09-04,168.08
2013-09-05,168.37
2013-09-06,168.55
2013-09-09,170.52
2013-09-10,171.33
2013-09-11,171.06
2013-09-12,170.83
2013-09-13,170.98
2013-09-16,170.46
2013-09-17,171.65
2013-09-18,173.82
2013-09-19,174.16
2013-09-20,173.46
2013-09-23,173.17
2013-09-24,173.13
2013-09-25,172.59
2013-09-26,173.97
2013-09-27,173.78
2013-09-30,173.14
2013-10-01,175.05
2013-10-02,175.06
2013-10-03,172.94
2013-10-04,174.48
2013-10-07,173.03
2013-10-08,169.71
2013-10-09,169.11
2013-10-10,172.78
2013-10-11,174.01
2013-10-14,175.2
2013-10-15,174.59
2013-10-16,176.58
2013-10-17,177.64
2013-10-18,180.46
2013-10-21,180.85
2013-10-22,181.16
2013-10-23,180.04
2013-10-24,180.91
2013-10-25,182.06
2013-10-28,182.0
2013-10-29,182.49
2013-10-30,182.16
2013-10-31,181.74
2013-11-01,181.85
2013-11-04,182.12
2013-11-05,182.38
2013-11-06,182.31
2013-11-07,178.88
2013-11-08,181.32
2013-11-11,181.11
2013-11-12,181.25
2013-11-13,183.43
2013-11-14,183.98
2013-11-15,184.38
2013-11-18,182.56
2013-11-19,182.1
2013-11-20,181.53
2013-11-21,183.45
2013-11-22,184.49
2013-11-25,184.78
2013-11-26,185.77
2013-11-27,187.12
2013-11-28,187.12
2013-11-29,188.05
2013-12-02,187.69
2013-12-03,187.59
2013-12-04,187.79
2013-12-05,187.5
2013-12-06,188.93
2013-12-09,189.57
2013-12-10,189.46
2013-12-11,187.04
2013-12-12,186.57
2013-12-13,186.36
2013-12-16,187.4
2013-12-17,187.05
2013-12-18,189.22
2013-12-19,188.63
2013-12-20,190.38
2013-12-23,192.43
2013-12-27,192.7
2013-12-30,192.5
2013-12-31,193.68
2014-01-02,192.18
2014-01-03,190.84
2014-01-06,190.2
2014-01-07,191.87
2014-01-08,192.39
2014-01-09,191.58
2014-01-10,192.25
2014-01-13,189.43
2014-01-14,193.09
2014-01-15,194.66
2014-01-16,194.74
2014-01-17,193.66
2014-01-20,193.65
2014-01-21,195.07
2014-01-22,195.61
2014-01-23,194.86
2014-01-24,190.96
2014-01-27,189.21
2014-01-28,189.03
2014-01-29,187.0
2014-01-30,190.48
2014-01-31,189.92
2014-02-03,185.52
2014-02-04,187.13
2014-02-05,186.35
2014-02-06,188.77
2014-02-07,192.24
2014-02-10,193.32
2014-02-11,195.48
2014-02-12,195.79
2014-02-13,197.54
2014-02-14,197.77
2014-02-17,197.77
2014-02-18,198.71
2014-02-19,197.28
2014-02-20,198.31
2014-02-21,197.8
2014-02-24,199.05
2014-02-25,198.69
2014-02-26,198.56
2014-02-27,199.81
2014-02-28,199.61
2014-03-03,198.13
2014-03-04,200.91
2014-03-05,201.31
2014-03-06,200.97
2014-03-07,200.02
2014-03-10,200.18
2014-03-11,199.38
2014-03-12,200.23
2014-03-13,197.23
2014-03-14,195.95
2014-03-17,197.82
2014-03-18,200.21
2014-03-19,198.92
2014-03-20,199.52
2014-03-21,197.31
2014-03-24,195.38
2014-03-25,196.04
2014-03-26,193.52
2014-03-27,192.46
2014-03-28,192.91
2014-03-31,194.23
2014-04-01,197.65
2014-04-02,198.07
2014-04-03,196.53
2014-04-04,191.22
2014-04-07,189.51
2014-04-08,191.16
2014-04-09,194.53
2014-04-10,188.44
2014-04-11,186.23
2014-04-14,187.73
2014-04-15,188.44
2014-04-16,190.88
2014-04-17,190.96
2014-04-21,190.96
2014-04-22,193.88
2014-04-23,192.17
2014-04-24,194.0
2014-04-25,190.87
2014-04-28,191.52
2014-04-29,193.09
2014-04-30,193.52
2014-05-01,194.18
2014-05-02,193.82
2014-05-05,193.82
2014-05-06,192.19
2014-05-07,191.64
2014-05-08,191.44
2014-05-09,192.26
2014-05-12,195.35
2014-05-13,195.38
2014-05-14,194.42
2014-05-15,192.91
2014-05-16,194.1
2014-05-19,195.63
2014-05-20,194.81
2014-05-21,196.73
2014-05-22,197.55
2014-05-23,198.98
2014-05-26,198.98
2014-05-27,201.45
2014-05-28,200.88
2014-05-29,202.15
2014-05-30,202.2
2014-06-02,202.02
2014-06-03,201.86
2014-06-04,202.59
2014-06-05,204.4
2014-06-06,205.35
2014-06-09,205.41
2014-06-10,205.69
2014-06-11,205.57
2014-06-12,203.72
2014-06-13,204.36
2014-06-16,204.59
2014-06-17,204.67
2014-06-18,205.92
2014-06-19,205.72
2014-06-20,205.81
2014-06-23,205.95
2014-06-24,205.64
2014-06-25,207.15
2014-06-26,207.13
2014-06-27,208.08
2014-06-30,208.37
2014-07-01,210.8
2014-07-02,211.11
2014-07-03,212.39
2014-07-04,212.39
2014-07-07,211.71
2014-07-08,209.19
2014-07-09,210.77
2014-07-10,210.07
2014-07-11,211.4
2014-07-14,212.74
2014-07-15,211.93
2014-07-16,212.89
2014-07-17,209.95
2014-07-18,213.3
2014-07-21,212.98
2014-07-22,214.46
2014-07-23,215.8
2014-07-24,215.63
2014-07-25,214.65
2014-07-28,214.76
2014-07-29,214.33
2014-07-30,215.25
2014-07-31,210.73
2014-08-01,210.03
2014-08-04,211.61
2014-08-05,209.83
2014-08-06,209.8
2014-08-07,209.03
2014-08-08,210.66
2014-08-11,211.87
2014-08-12,211.6
2014-08-13,213.99
2014-08-14,215.07
2014-08-15,216.07
2014-08-18,217.85
2014-08-19,219.02
2014-08-20,219.05
2014-08-21,219.39
2014-08-22,219.7
2014-08-26,220.73
2014-08-27,220.81
2014-08-28,220.44
2014-08-29,221.35
2014-09-01,221.34
2014-09-02,222.06
2014-09-03,220.72
2014-09-04,220.45
2014-09-05,221.74
2014-09-08,222.04
2014-09-09,220.22
2014-09-10,222.02
2014-09-11,221.9
2014-09-12,220.63
2014-09-15,218.49
2014-09-16,220.51
2014-09-17,220.86
2014-09-18,222.45
2014-09-19,222.29
2014-09-22,220.18
2014-09-23,219.65
2014-09-24,221.97
2014-09-25,217.28
2014-09-26,219.78
2014-09-29,219.44
2014-09-30,219.6
2014-10-01,216.1
2014-10-02,216.16
2014-10-03,218.39
2014-10-06,217.79
2014-10-07,214.65
2014-10-08,219.12
2014-10-09,215.23
2014-10-10,209.88
2014-10-13,206.47
2014-10-14,206.61
2014-10-15,205.29
2014-10-16,204.16
2014-10-17,206.89
2014-10-20,209.85
2014-10-21,215.34
2014-10-22,214.16
2014-10-23,217.55
2014-10-24,219.16
2014-10-27,219.37
2014-10-28,222.65
2014-10-29,221.79
2014-10-30,222.35
2014-10-31,225.47
2014-11-03,226.06
2014-11-04,225.35
2014-11-05,225.25
2014-11-06,225.96
2014-11-07,225.77
2014-11-10,226.62
2014-11-11,227.22
2014-11-12,227.67
2014-11-13,228.66
2014-11-14,229.28
2014-11-17,228.67
2014-11-18,230.33
2014-11-19,229.27
2014-11-20,230.34
2014-11-21,230.84
2014-11-24,232.63
2014-11-25,232.84
2014-11-26,234.47
2014-11-27,234.46
2014-11-28,235.54
2014-12-01,232.81
2014-12-02,233.8
2014-12-03,234.18
2014-12-04,234.12
2014-12-05,234.1
2014-12-08,232.29
2014-12-09,233.18
2014-12-10,229.4
2014-12-11,230.57
2014-12-12,228.01
2014-12-15,225.74
2014-12-16,222.05
2014-12-17,226.15
2014-12-18,231.72
2014-12-19,232.48
2014-12-22,233.12
2014-12-23,232.35
2014-12-24,232.55
2014-12-26,232.55
2014-12-29,234.16
2014-12-30,232.52
2014-12-31,230.01
2015-01-01,230.01
2015-01-02,229.72
2015-01-05,225.98
2015-01-06,223.25
2015-01-07,225.92
2015-01-08,230.3
2015-01-09,228.82
2015-01-12,226.46
2015-01-13,226.25
2015-01-14,225.15
2015-01-15,222.09
2015-01-16,224.94
2015-01-19,224.93
2015-01-20,226.51
2015-01-21,227.64
2015-01-22,231.89
2015-01-23,232.31
2015-01-26,232.17
2015-01-27,226.19
2015-01-28,224.84
2015-01-29,227.07
2015-01-30,225.28
2015-02-02,227.46
2015-02-03,229.66
2015-02-04,229.28
2015-02-05,231.27
2015-02-06,229.79
2015-02-09,229.1
2015-02-10,232.66
2015-02-11,233.55
2015-02-12,236.31
2015-02-13,238.27
2015-02-16,238.26
2015-02-17,238.44
2015-02-18,238.75
2015-02-19,239.88
2015-02-20,241.58
2015-02-23,241.92
2015-02-24,242.01
2015-02-25,241.45
2015-02-26,242.63
2015-02-27,241.45
2015-03-02,243.77
2015-03-03,242.45
2015-03-04,241.72
2015-03-05,242.09
2015-03-06,239.22
2015-03-09,239.98
2015-03-10,235.41
2015-03-11,234.13
2015-03-12,235.81
2015-03-13,234.65
2015-03-16,237.66
2015-03-17,237.94
2015-03-18,240.51
2015-03-19,240.74
2015-03-20,242.46
2015-03-23,241.75
2015-03-24,240.96
2015-03-25,235.42
2015-03-26,234.67
2015-03-27,235.63
2015-03-30,238.37
2015-03-31,235.74
2015-04-01,234.52
2015-04-02,234.78
2015-04-06,234.78
2015-04-07,236.29
2015-04-08,238.05
2015-04-09,239.57
2015-04-10,240.55
2015-04-13,239.84
2015-04-14,239.21
2015-04-15,240.67
2015-04-16,240.36
2015-04-17,236.71
2015-04-20,240.27
2015-04-21,241.28
2015-04-22,242.63
2015-04-23,243.51
2015-04-24,246.76
2015-04-27,246.12
2015-04-28,245.6
2015-04-29,244.13
2015-04-30,240.12
2015-05-01,243.64
2015-05-04,243.64
2015-05-05,239.9
2015-05-06,238.28
2015-05-07,239.6
2015-05-08,242.7
2015-05-11,241.61
2015-05-12,240.66
2015-05-13,240.98
2015-05-14,244.71
2015-05-15,244.67
2015-05-18,245.68
2015-05-19,245.3
2015-05-20,245.39
2015-05-21,246.7
2015-05-22,246.57
2015-05-25,246.57
2015-05-26,243.62
2015-05-27,247.6
2015-05-28,247.04
2015-05-29,245.55
2015-06-01,246.31
2015-06-02,245.6
2015-06-03,246.2
2015-06-04,244.41
2015-06-05,243.87
2015-06-08,241.39
2015-06-09,241.17
2015-06-10,244.35
2015-06-11,244.52
2015-06-12,242.66
2015-06-15,241.51
2015-06-16,242.76
2015-06-17,243.48
2015-06-18,246.9
2015-06-19,245.9
2015-06-22,247.56
2015-06-23,247.81
2015-06-24,246.5
2015-06-25,245.92
2015-06-26,244.31
2015-06-29,238.64
2015-06-30,239.56
2015-07-01,241.37
2015-07-02,241.6
2015-07-03,241.6
2015-07-06,240.79
2015-07-07,241.35
2015-07-08,237.14
2015-07-09,237.16
2015-07-10,240.87
2015-07-13,244.91
2015-07-14,246.48
2015-07-15,246.75
2015-07-16,250.37
2015-07-17,254.01
2015-07-20,254.99
2015-07-21,254.7
2015-07-22,251.9
2015-07-23,250.82
2015-07-24,248.34
2015-07-27,246.25
2015-07-28,248.49
2015-07-29,249.66
2015-07-30,250.59
2015-07-31,250.06
2015-08-03,249.59
2015-08-04,248.9
2015-08-05,250.83
2015-08-06,246.94
2015-08-07,246.49
2015-08-10,249.37
2015-08-11,246.15
2015-08-12,246.93
2015-08-13,246.47
2015-08-14,247.09
2015-08-17,249.05
2015-08-18,247.83
2015-08-19,246.13
2015-08-20,239.26
2015-08-21,229.01
2015-08-24,220.35
2015-08-25,219.15
2015-08-26,230.24
2015-08-27,235.98
2015-08-28,236.21
2015-08-31,233.26
2015-09-01,226.06
2015-09-02,232.26
2015-09-03,231.08
2015-09-04,228.37
2015-09-07,228.37
2015-09-08,234.84
2015-09-09,232.12
2015-09-10,234.45
2015-09-11,235.93
2015-09-14,235.16
2015-09-15,237.97
2015-09-16,239.25
2015-09-17,239.31
2015-09-18,235.98
2015-09-21,236.65
2015-09-22,233.26
2015-09-23,233.23
2015-09-24,232.55
2015-09-25,230.57
2015-09-28,223.96
2015-09-29,222.86
2015-09-30,228.19
2015-10-01,228.89
2015-10-02,232.95
2015-10-05,236.46
2015-10-06,235.12
2015-10-07,236.58
2015-10-08,237.5
2015-10-09,238.58
2015-10-12,239.26
2015-10-13,237.65
2015-10-14,237.31
2015-10-15,241.2
2015-10-16,242.31
2015-10-19,243.58
2015-10-20,242.28
2015-10-21,240.93
2015-10-22,245.83
2015-10-23,252.42
2015-10-26,252.79
2015-10-27,253.23
2015-10-28,255.39
2015-10-29,254.98
2015-10-30,253.78
2015-11-02,256.77
2015-11-03,257.61
2015-11-04,257.57
2015-11-05,256.89
2015-11-06,257.13
2015-11-09,254.31
2015-11-10,253.57
2015-11-11,253.3
2015-11-12,250.75
2015-11-13,246.01
2015-11-16,249.46
2015-11-17,249.6
2015-11-18,254.4
2015-11-19,254.51
2015-11-20,256.2
2015-11-23,255.57
2015-11-24,255.27
2015-11-25,255.45
2015-11-26,255.45
2015-11-27,255.9
2015-11-30,255.02
2015-12-01,257.84
2015-12-02,256.21
2015-12-03,251.86
2015-12-04,257.84
2015-12-07,256.61
2015-12-08,256.66
2015-12-09,252.7
2015-12-10,253.84
2015-12-11,248.09
2015-12-14,249.89
2015-12-15,251.37
2015-12-16,255.04
2015-12-17,251.41
2015-12-18,246.85
2015-12-21,249.37
2015-12-22,250.94
2015-12-23,252.87
2015-12-24,252.77
2015-12-28,252.77
2015-12-29,256.5
2015-12-30,254.37
2015-12-31,251.15
2016-01-01,251.15
2016-01-04,246.0
2016-01-05,245.25
2016-01-06,243.05
2016-01-07,235.49
2016-01-08,233.58
2016-01-11,234.28
2016-01-12,237.02
2016-01-13,228.78
2016-01-14,233.69
2016-01-15,226.48
2016-01-18,226.47
2016-01-19,226.8
2016-01-20,226.21
2016-01-21,226.55
2016-01-22,232.96
2016-01-25,229.5
2016-01-26,231.53
2016-01-27,225.79
2016-01-28,228.94
2016-01-29,234.03
2016-02-01,234.43
2016-02-02,229.33
2016-02-03,228.22
2016-02-04,228.1
2016-02-05,220.27
2016-02-08,216.77
2016-02-09,216.07
2016-02-10,217.09
2016-02-11,216.9
2016-02-12,220.02
2016-02-15,220.02
2016-02-16,224.81
2016-02-17,230.0
2016-02-18,227.4
2016-02-19,228.08
2016-02-22,231.75
2016-02-23,228.0
2016-02-24,230.09
2016-02-25,232.31
2016-02-26,232.01
2016-02-29,230.15
2016-03-01,237.4
2016-03-02,237.44
2016-03-03,236.97
2016-03-04,237.12
2016-03-07,235.72
2016-03-08,233.65
2016-03-09,235.18
2016-03-10,234.84
2016-03-11,238.94
2016-03-14,239.26
2016-03-15,239.25
2016-03-16,241.31
2016-03-17,241.1
2016-03-18,241.67
2016-03-21,242.55
2016-03-22,243.13
2016-03-23,241.21
2016-03-24,241.37
2016-03-28,241.37
2016-03-29,244.78
2016-03-30,246.06
2016-03-31,245.66
2016-04-01,248.31
2016-04-04,247.26
2016-04-05,245.02
2016-04-06,249.02
2016-04-07,245.27
2016-04-08,245.25
2016-04-11,244.35
2016-04-12,246.4
2016-04-13,249.61
2016-04-14,249.6
2016-04-15,248.98
2016-04-18,250.19
2016-04-19,248.63
2016-04-20,248.82
2016-04-21,248.83
2016-04-22,245.19
2016-04-25,245.18
2016-04-26,244.01
2016-04-27,242.03
2016-04-28,239.16
2016-04-29,237.91
2016-05-03,237.93
2016-05-04,236.36
2016-05-05,236.36
2016-05-06,237.49
2016-05-09,238.09
2016-05-10,241.43
2016-05-11,239.18
2016-05-12,238.18
2016-05-13,237.32
2016-05-16,240.29
2016-05-17,237.24
2016-05-18,238.1
2016-05-19,236.85
2016-05-20,239.44
2016-05-23,239.01
2016-05-24,243.92
2016-05-25,245.71
2016-05-26,246.35
2016-05-27,247.72
2016-05-31,248.34
2016-06-01,248.13
2016-06-02,248.74
2016-06-03,247.56
2016-06-06,248.32
2016-06-07,247.73
2016-06-08,248.18
2016-06-09,247.74
2016-06-10,244.91
2016-06-13,242.8
2016-06-14,242.94
2016-06-15,242.11
2016-06-16,242.91
2016-06-17,240.17
2016-06-20,241.58
2016-06-21,242.3
2016-06-22,241.82
2016-06-23,245.27
2016-06-24,235.28
2016-06-27,230.62
2016-06-28,235.53
2016-06-29,239.62
2016-06-30,242.52
2016-07-01,243.63
2016-07-04,243.63
2016-07-05,242.2
2016-07-06,244.07
2016-07-07,244.89
2016-07-08,248.67
2016-07-11,250.11
2016-07-12,251.36
2016-07-13,250.71
2016-07-14,252.39
2016-07-15,252.02
2016-07-18,253.66
2016-07-19,252.75
2016-07-20,255.71
2016-07-21,255.15
2016-07-22,256.2
2016-07-25,256.18
2016-07-26,256.52
2016-07-27,258.21
2016-07-28,259.25
2016-07-29,259.73
2016-08-01,261.14
2016-08-02,259.13
2016-08-03,260.01
2016-08-04,260.65
2016-08-05,263.25
2016-08-08,262.89
2016-08-09,263.5
2016-08-10,262.83
2016-08-11,263.93
2016-08-12,264.13
2016-08-15,265.26
2016-08-16,263.73
2016-08-17,264.2
2016-08-18,264.38
2016-08-19,264.24
2016-08-22,264.37
2016-08-23,264.92
2016-08-24,263.04
2016-08-25,262.59
2016-08-26,263.04
2016-08-30,262.65
2016-08-31,262.38
2016-09-01,263.08
2016-09-02,263.9
2016-09-05,263.89
2016-09-06,265.58
2016-09-07,265.71
2016-09-08,264.18
2016-09-09,257.44
2016-09-12,262.02
2016-09-13,259.72
2016-09-14,261.02
2016-09-15,265.09
2016-09-16,264.98
2016-09-19,263.78
2016-09-20,264.28
2016-09-21,266.95
2016-09-22,269.02
2016-09-23,267.23
2016-09-26,264.93
2016-09-27,267.65
2016-09-28,268.14
2016-09-29,266.1
2016-09-30,268.16
2016-10-03,267.73
2016-10-04,267.34
2016-10-05,268.35
2016-10-06,268.13
2016-10-07,267.61
2016-10-10,269.21
2016-10-11,265.26
2016-10-12,265.13
2016-10-13,264.22
2016-10-14,264.51
2016-10-17,263.83
2016-10-18,266.22
2016-10-19,266.05
2016-10-20,265.83
2016-10-21,266.89
2016-10-24,270.08
2016-10-25,269.06
2016-10-26,267.36
2016-10-27,266.03
2016-10-28,264.34
2016-10-31,264.09
2016-11-01,262.2
2016-11-02,260.01
2016-11-03,257.57
2016-11-04,256.55
2016-11-07,262.78
2016-11-08,264.49
2016-11-09,265.6
2016-11-10,261.3
2016-11-11,261.57
2016-11-14,258.84
2016-11-15,262.44
2016-11-16,263.97
2016-11-17,265.86
2016-11-18,264.84
2016-11-21,267.65
2016-11-22,268.48
2016-11-23,267.38
2016-11-24,267.38
2016-11-25,268.27
2016-11-28,267.58
2016-11-29,268.48
2016-11-30,265.07
2016-12-01,260.85
2016-12-02,261.13
2016-12-05,263.26
2016-12-06,263.84
2016-12-07,267.33
2016-12-08,267.73
2016-12-09,269.75
2016-12-12,268.56
2016-12-13,271.97
2016-12-14,271.18
2016-12-15,271.85
2016-12-16,270.82
2016-12-19,271.93
2016-12-20,272.97
2016-12-21,272.7
2016-12-22,271.89
2016-12-23,272.2
2016-12-28,271.45
2016-12-29,271.01
2016-12-30,268.02
2017-01-03,270.64
2017-01-04,272.11
2017-01-05,273.64
2017-01-06,275.96
2017-01-09,276.94
2017-01-10,277.5
2017-01-11,278.33
2017-01-12,277.84
2017-01-13,278.83
2017-01-16,278.83
2017-01-17,278.01
2017-01-18,278.62
2017-01-19,278.36
2017-01-20,279.02
2017-01-23,279.15
2017-01-24,281.1
2017-01-25,283.87
2017-01-26,284.17
2017-01-27,284.8
2017-01-30,282.67
2017-01-31,281.98
2017-02-01,283.95
2017-02-02,283.67
2017-02-03,284.49
2017-02-06,284.83
2017-02-07,285.83
2017-02-08,286.43
2017-02-09,287.41
2017-02-10,288.21
2017-02-13,289.92
2017-02-14,290.83
2017-02-15,292.56
2017-02-16,292.46
2017-02-17,293.8
2017-02-20,293.79
2017-02-21,295.22
2017-02-22,295.31
2017-02-23,294.22
2017-02-24,294.82
2017-02-27,295.08
2017-02-28,294.13
2017-03-01,297.51
2017-03-02,295.98
2017-03-03,296.54
2017-03-06,295.81
2017-03-07,295.31
2017-03-08,295.82
2017-03-09,296.05
2017-03-10,297.25
2017-03-13,297.74
2017-03-14,297.08
2017-03-15,298.96
2017-03-16,298.74
2017-03-17,298.56
2017-03-20,298.81
2017-03-21,294.35
2017-03-22,296.28
2017-03-23,295.59
2017-03-24,296.09
2017-03-27,296.64
2017-03-28,298.46
2017-03-29,299.75
2017-03-30,300.27
2017-03-31,300.08
2017-04-03,299.87
2017-04-04,300.38
2017-04-05,299.17
2017-04-06,299.3
2017-04-07,299.16
2017-04-10,299.33
2017-04-11,298.05
2017-04-12,296.86
2017-04-13,295.57
2017-04-18,297.66
2017-04-19,298.1
2017-04-20,300.52
2017-04-21,300.43
2017-04-24,304.07
2017-04-25,306.28
2017-04-26,305.88
2017-04-27,307.57
2017-04-28,308.24
2017-05-02,311.57
2017-05-03,310.57
2017-05-04,310.64
2017-05-05,311.73
2017-05-08,312.42
2017-05-09,313.5
2017-05-10,313.69
2017-05-11,313.41
2017-05-12,314.11
2017-05-15,315.11
2017-05-16,316.35
2017-05-17,308.44
2017-05-18,310.97
2017-05-19,312.37
2017-05-22,315.01
2017-05-23,315.23
2017-05-24,316.72
2017-05-25,319.38
2017-05-26,319.97
2017-05-30,320.3
2017-05-31,319.98
2017-06-01,321.52
2017-06-02,325.1
2017-06-05,324.92
2017-06-06,323.73
2017-06-07,324.92
2017-06-08,325.34
2017-06-09,317.42
2017-06-12,315.55
2017-06-13,317.96
2017-06-14,316.61
2017-06-15,315.19
2017-06-16,314.11
2017-06-19,319.13
2017-06-20,316.58
2017-06-21,319.68
2017-06-22,319.54
2017-06-23,320.82
2017-06-26,319.4
2017-06-27,313.55
2017-06-28,318.06
2017-06-29,312.54
2017-06-30,312.23
2017-07-03,309.46
2017-07-04,309.46
2017-07-05,312.38
2017-07-06,309.56
2017-07-07,312.79
2017-07-10,314.87
2017-07-11,315.73
2017-07-12,319.55
2017-07-13,320.35
2017-07-14,322.81
2017-07-17,322.9
2017-07-18,325.13
2017-07-19,327.11
2017-07-20,327.38
2017-07-21,327.4
2017-07-24,328.49
2017-07-25,327.9
2017-07-26,329.01
2017-07-27,327.16
2017-07-28,326.72
2017-07-31,325.14
2017-08-01,325.96
2017-08-02,327.0
2017-08-03,325.79
2017-08-04,326.27
2017-08-07,328.18
2017-08-08,327.74
2017-08-09,327.35
2017-08-10,320.23
2017-08-11,322.63
2017-08-14,326.86
2017-08-15,326.99
2017-08-16,327.58
2017-08-17,320.89
2017-08-18,320.59
2017-08-21,320.34
2017-08-22,325.16
2017-08-23,323.96
2017-08-24,323.0
2017-08-25,322.34
2017-08-29,324.57
2017-08-30,328.48
2017-08-31,331.56
2017-09-01,331.52
2017-09-04,331.51
2017-09-05,328.45
2017-09-06,329.47
2017-09-07,330.22
2017-09-08,327.4
2017-09-11,331.1
2017-09-12,331.96
2017-09-13,332.44
2017-09-14,330.5
2017-09-15,331.56
2017-09-18,331.18
2017-09-19,331.74
2017-09-20,330.77
2017-09-21,328.63
2017-09-22,328.48
2017-09-25,324.88
2017-09-26,325.65
2017-09-27,328.77
2017-09-28,328.52
2017-09-29,331.08
2017-10-02,331.21
2017-10-03,331.97
2017-10-04,332.23
2017-10-05,335.45
2017-10-06,335.86
2017-10-09,335.52
2017-10-10,335.8
2017-10-11,336.77
2017-10-12,336.15
2017-10-13,337.39
2017-10-16,338.6
2017-10-17,339.05
2017-10-18,338.59
2017-10-19,337.38
2017-10-20,338.27
2017-10-23,335.99
2017-10-24,336.68
2017-10-25,335.28
2017-10-26,334.33
2017-10-27,344.05
2017-10-30,344.85
2017-10-31,346.02
2017-11-01,346.01
2017-11-02,345.33
2017-11-03,348.61
2017-11-06,349.65
2017-11-07,350.04
2017-11-08,351.42
2017-11-09,349.56
2017-11-10,349.54
2017-11-13,349.93
2017-11-14,348.68
2017-11-15,346.88
2017-11-16,351.43
2017-11-17,350.06
2017-11-20,349.73
2017-11-21,353.61
2017-11-22,354.05
2017-11-23,354.05
2017-11-24,355.33
2017-11-27,355.14
2017-11-28,356.09
2017-11-29,349.94
2017-11-30,352.96
2017-12-01,351.43
2017-12-04,347.31
2017-12-05,347.39
2017-12-06,348.93
2017-12-07,350.23
2017-12-08,351.79
2017-12-11,354.52
2017-12-12,353.95
2017-12-13,354.55
2017-12-14,354.31
2017-12-15,358.55
2017-12-18,361.17
2017-12-19,359.38
2017-12-20,358.92
2017-12-21,358.93
2017-12-22,358.51
2017-12-27,356.84
2017-12-28,357.2
2017-12-29,354.71
2018-01-02,361.08
2018-01-03,364.66
2018-01-04,365.2
2018-01-05,369.01
2018-01-08,370.29
2018-01-09,370.36
2018-01-10,369.52
2018-01-11,372.06
2018-01-12,374.83
2018-01-15,374.82
2018-01-16,373.62
2018-01-17,377.68
2018-01-18,377.74
2018-01-19,379.01
2018-01-22,382.99
2018-01-23,386.15
2018-01-24,383.7
2018-01-25,383.53
2018-01-26,389.44
2018-01-29,387.51
2018-01-30,384.34
2018-01-31,385.42
2018-02-01,382.73
2018-02-02,374.9
2018-02-05,360.23
2018-02-06,369.72
2018-02-07,365.07
2018-02-08,349.79
2018-02-09,355.83
2018-02-12,361.99
2018-02-13,363.66
2018-02-14,370.57
2018-02-15,377.23
2018-02-16,375.87
2018-02-19,375.86
2018-02-20,376.37
2018-02-21,375.24
2018-02-22,375.4
2018-02-26,387.99
2018-02-27,383.1
2018-02-28,380.57
2018-03-01,374.8
2018-03-02,378.15
2018-03-05,382.04
2018-03-06,383.8
2018-03-07,384.71
2018-03-08,386.82
2018-03-09,394.29
2018-03-12,395.94
2018-03-13,391.26
2018-03-14,390.94
2018-03-15,390.42
2018-03-16,389.81
2018-03-19,381.21
2018-03-20,382.37
2018-03-21,380.6
2018-03-22,371.09
2018-03-23,361.43
2018-03-26,375.06
2018-03-27,362.62
2018-03-28,358.81
2018-03-29,365.49
2018-03-30,365.49
2018-03-31,365.49
2018-04-03,358.72
2018-04-04,364.41
2018-04-05,366.33
2018-04-06,357.36
2018-04-09,359.53
2018-04-10,367.49
2018-04-11,365.69
2018-04-12,369.73
2018-04-13,368.17
2018-04-16,370.77
2018-04-17,378.61
2018-04-18,379.54
2018-04-19,376.3
2018-04-20,370.35
2018-04-23,369.29
2018-04-24,361.53
2018-04-25,361.81
2018-04-26,369.35
2018-04-27,369.7
2018-04-30,366.87
2018-05-01,371.11
2018-05-02,369.02
2018-05-03,368.97
2018-05-04,376.03
2018-05-08,378.6
2018-05-09,382.93
2018-05-10,386.84
2018-05-11,386.39
2018-05-14,387.05
2018-05-15,382.83
2018-05-16,385.3
2018-05-17,383.78
2018-05-18,381.81
2018-05-21,384.0
2018-05-22,383.33
2018-05-23,386.68
2018-05-24,386.46
2018-05-25,387.07
2018-05-29,385.19
2018-05-30,387.97
2018-05-31,387.49
2018-06-01,393.94
2018-06-04,397.25
2018-06-05,398.55
2018-06-06,400.95
2018-06-07,397.82
2018-06-08,397.8
2018-06-11,398.68
2018-06-12,400.93
2018-06-13,400.71
2018-06-14,404.88
2018-06-15,403.55
2018-06-18,403.29
2018-06-19,402.03
2018-06-20,404.95
2018-06-21,401.44
2018-06-22,400.32
2018-06-25,391.45
2018-06-26,393.12
2018-06-27,387.64
2018-06-28,391.1
2018-06-29,391.6
2018-06-30,391.6
2018-07-02,394.8
2018-07-03,390.17
2018-07-04,390.16
2018-07-05,395.04
2018-07-06,400.94
2018-07-09,404.76
2018-07-10,405.12
2018-07-11,402.97
2018-07-12,409.76
2018-07-13,410.29
2018-07-16,409.28
2018-07-17,411.84
2018-07-18,411.07
2018-07-19,408.97
2018-07-20,408.84
2018-07-23,410.03
2018-07-24,411.95
2018-07-25,417.64
2018-07-26,411.64
2018-07-27,405.85
2018-07-30,400.1
2018-07-31,402.27
2018-08-01,404.54
2018-08-02,410.05
2018-08-03,411.35
2018-08-06,413.82
2018-08-07,415.13
2018-08-08,415.53
2018-08-09,415.39
2018-08-10,412.27
2018-08-13,411.87
2018-08-14,414.43
2018-08-15,409.41
2018-08-16,410.57
2018-08-17,410.76
2018-08-20,410.42
2018-08-21,411.85
2018-08-22,413.39
2018-08-23,412.79
2018-08-24,416.77
2018-08-28,421.48
2018-08-29,426.49
2018-08-30,425.53
2018-08-31,426.19
2018-09-03,426.18
2018-09-04,424.42
2018-09-05,418.9
2018-09-06,415.05
2018-09-07,413.77
2018-09-10,414.73
2018-09-11,418.1
2018-09-12,417.0
2018-09-13,421.14
2018-09-14,420.23
2018-09-17,414.05
2018-09-18,417.41
2018-09-19,417.18
2018-09-20,421.56
2018-09-21,419.44
2018-09-24,420.42
2018-09-25,421.22
2018-09-26,421.21
2018-09-27,424.93
2018-09-28,424.81
2018-09-30,424.81
2018-10-01,425.79
2018-10-02,424.87
2018-10-03,425.38
2018-10-04,417.23
2018-10-05,412.16
2018-10-08,409.57
2018-10-09,410.62
2018-10-10,392.39
2018-10-11,387.92
2018-10-12,398.67
2018-10-15,393.73
2018-10-16,405.3
2018-10-17,405.42
2018-10-18,396.36
2018-10-19,395.86
2018-10-22,397.74
2018-10-23,396.49
2018-10-24,378.14
2018-10-25,390.78
2018-10-26,381.65
2018-10-29,373.93
2018-10-30,379.31
2018-10-31,388.06
2018-11-01,393.74
2018-11-02,387.96
2018-11-05,386.37
2018-11-06,389.31
2018-11-07,401.24
2018-11-08,398.94
2018-11-09,392.28
2018-11-12,380.57
2018-11-13,380.67
2018-11-14,377.43
2018-11-15,384.22
2018-11-16,382.91
2018-11-19,370.41
2018-11-20,363.95
2018-11-21,366.68
2018-11-22,366.67
2018-11-23,363.98
2018-11-26,372.39
2018-11-27,373.65
2018-11-28,385.5
2018-11-29,384.34
2018-11-30,387.5
2018-12-03,393.79
2018-12-04,378.91
2018-12-05,378.91
2018-12-06,381.43
2018-12-07,368.84
2018-12-10,372.71
2018-12-11,373.9
2018-12-12,377.23
2018-12-13,377.49
2018-12-14,367.84
2018-12-17,359.66
2018-12-18,362.11
2018-12-19,353.83
2018-12-20,348.27
2018-12-21,337.29
2018-12-24,329.07
2018-12-27,350.77
2018-12-28,350.62
2018-12-31,353.14
2019-01-02,354.86
2019-01-03,343.01
2019-01-04,358.37
2019-01-07,362.02
2019-01-08,365.56
2019-01-09,368.29
2019-01-10,369.41
2019-01-11,368.32
2019-01-14,364.95
2019-01-15,372.12
2019-01-16,372.05
2019-01-17,374.83
2019-01-18,378.52
2019-01-21,378.51
2019-01-22,370.82
2019-01-23,371.48
2019-01-24,373.92
2019-01-25,378.65
2019-01-28,373.61
2019-01-29,370.02
2019-01-30,379.83
2019-01-31,385.35
2019-02-01,383.6
2019-02-04,388.3
2019-02-05,391.84
2019-02-06,390.48
2019-02-07,385.32
2019-02-08,385.9
2019-02-11,385.66
2019-02-12,391.54
2019-02-13,391.61
2019-02-14,392.03
2019-02-15,393.86
2019-02-18,393.85
2019-02-19,394.49
2019-02-20,394.4
2019-02-21,392.88
2019-02-22,395.97
2019-02-25,397.35
2019-02-26,397.78
2019-02-27,397.44
2019-02-28,396.43
2019-03-01,399.45
2019-03-04,399.39
2019-03-05,399.72
2019-03-06,397.28
2019-03-07,392.54
2019-03-08,391.91
2019-03-11,400.18
2019-03-12,402.26
2019-03-13,405.37
2019-03-14,404.63
2019-03-15,408.21
2019-03-18,409.27
2019-03-19,410.59
2019-03-20,412.39
2019-03-21,418.68
2019-03-22,409.33
2019-03-25,408.81
2019-03-26,410.71
2019-03-27,408.32
2019-03-28,409.03
2019-03-29,412.29
2019-03-31,412.29
2019-04-01,417.84
2019-04-02,419.06
2019-04-03,421.6
2019-04-04,421.41
2019-04-05,423.55
2019-04-08,424.7
2019-04-09,422.96
2019-04-10,425.36
2019-04-11,424.43
2019-04-12,426.28
2019-04-15,426.32
2019-04-16,427.75
2019-04-17,429.2
2019-04-18,429.69
2019-04-23,436.43
2019-04-24,434.96
2019-04-25,436.77
2019-04-26,437.32
2019-04-29,438.0
2019-04-30,434.78
2019-05-01,433.12
2019-05-02,431.57
2019-05-03,438.4
2019-05-07,426.96
2019-05-08,425.71
2019-05-09,423.78
2019-05-10,424.13
2019-05-13,409.46
2019-05-14,413.81
2019-05-15,419.62
2019-05-16,423.96
2019-05-17,419.7
2019-05-20,412.6
2019-05-21,416.76
2019-05-22,415.07
2019-05-23,408.77
2019-05-24,408.38
2019-05-28,407.1
2019-05-29,403.66
2019-05-30,405.3
2019-05-31,398.73
2019-06-03,390.34
2019-06-04,400.89
2019-06-05,403.95
2019-06-06,407.08
2019-06-07,414.99
2019-06-10,419.72
2019-06-11,420.39
2019-06-12,418.06
2019-06-13,420.27
2019-06-14,418.49
2019-06-17,421.14
2019-06-18,427.23
2019-06-19,429.03
2019-06-20,432.96
2019-06-21,432.48
2019-06-24,432.15
2019-06-25,424.79
2019-06-26,426.78
2019-06-27,428.48
2019-06-28,429.26
2019-07-01,434.68
2019-07-02,436.49
2019-07-03,439.8
2019-07-04,439.79
2019-07-05,438.87
2019-07-08,435.76
2019-07-09,438.06
2019-07-10,442.34
2019-07-11,441.97
2019-07-12,444.57
2019-07-15,445.88
2019-07-16,443.64
2019-07-17,441.49
2019-07-18,442.35
2019-07-19,438.47
2019-07-22,442.39
2019-07-23,445.16
2019-07-24,448.3
2019-07-25,443.78
2019-07-26,448.64
2019-07-29,447.07
2019-07-30,445.05
2019-07-31,439.25
2019-08-01,436.58
2019-08-02,430.52
2019-08-05,415.0
2019-08-06,420.97
2019-08-07,422.7
2019-08-08,432.37
2019-08-09,428.11
2019-08-12,423.37
2019-08-13,432.69
2019-08-14,419.54
2019-08-15,419.25
2019-08-16,425.92
2019-08-19,432.38
2019-08-20,429.33
2019-08-21,433.2
2019-08-22,431.76
2019-08-23,418.18
2019-08-27,423.82
2019-08-28,425.05
2019-08-29,431.49
2019-08-30,430.85
2019-09-02,430.84
2019-09-03,426.28
2019-09-04,432.42
2019-09-05,440.5
2019-09-06,439.94
2019-09-09,438.8
2019-09-10,437.8
2019-09-11,441.92
2019-09-12,443.64
2019-09-13,442.28
2019-09-16,439.99
2019-09-17,442.03
2019-09-18,442.01
2019-09-19,442.75
2019-09-20,438.4
2019-09-23,438.12
2019-09-24,432.03
2019-09-25,437.27
2019-09-26,435.49
2019-09-27,430.45
2019-09-30,434.25
2019-10-01,430.63
2019-10-02,423.15
2019-10-03,428.13
2019-10-04,434.61
2019-10-07,432.98
2019-10-08,426.2
2019-10-09,431.04
2019-10-10,433.83
2019-10-11,439.62
2019-10-14,439.52
2019-10-15,445.15
2019-10-16,443.88
2019-10-17,445.11
2019-10-18,440.98
2019-10-21,444.99
2019-10-22,441.3
2019-10-23,442.13
2019-10-24,446.46
2019-10-25,449.97
2019-10-28,454.52
2019-10-29,450.98
2019-10-30,453.01
2019-10-31,453.07
2019-11-01,457.4
2019-11-04,460.16
2019-11-05,460.13
2019-11-06,459.4
2019-11-07,460.88
2019-11-08,462.91
2019-11-11,462.12
2019-11-12,463.37
2019-11-13,463.14
2019-11-14,463.09
2019-11-15,466.34
2019-11-18,467.07
2019-11-19,467.64
2019-11-20,464.73
2019-11-21,463.7
2019-11-22,464.06
2019-11-25,469.65
2019-11-26,470.43
2019-11-27,473.74
2019-11-28,473.74
2019-11-29,471.44
2019-12-02,466.13
2019-12-03,463.07
2019-12-04,465.44
2019-12-05,466.2
2019-12-06,471.18
2019-12-09,469.23
2019-12-10,468.76
2019-12-11,471.47
2019-12-12,475.12
2019-12-13,476.29
2019-12-16,480.91
2019-12-17,481.21
2019-12-18,481.48
2019-12-19,484.87
2019-12-20,487.01
2019-12-23,487.98
2019-12-24,488.18
2019-12-27,492.18
2019-12-30,488.75
2019-12-31,490.06
2020-01-02,497.94
2020-01-03,493.54
2020-01-06,496.59
2020-01-07,496.52
2020-01-08,500.21
2020-01-09,504.55
2020-01-10,503.25
2020-01-13,509.08
2020-01-14,506.98
2020-01-15,507.11
2020-01-16,512.11
2020-01-17,514.84
2020-01-20,514.83
2020-01-21,514.43
2020-01-22,515.65
2020-01-23,517.24
2020-01-24,513.0
2020-01-27,502.37
2020-01-28,510.15
2020-01-29,510.74
2020-01-30,512.72
2020-01-31,504.61
2020-02-03,512.16
2020-02-04,523.82
2020-02-05,525.71
2020-02-06,530.19
2020-02-07,527.79
2020-02-10,534.29
2020-02-11,534.34
2020-02-12,539.69
2020-02-13,538.75
2020-02-14,540.32
2020-02-17,540.3
2020-02-18,540.68
2020-02-19,545.83
2020-02-20,540.73
2020-02-21,530.55
2020-02-24,509.93
2020-02-25,496.19
2020-02-26,498.37
2020-02-27,473.85
2020-02-28,475.27
2020-03-02,498.62
2020-03-03,482.71
2020-03-04,502.66
2020-03-05,487.14
2020-03-06,479.2
2020-03-09,446.49
2020-03-10,470.3
2020-03-11,449.74
2020-03-12,408.14
2020-03-13,449.23
2020-03-16,394.47
2020-03-17,419.93
2020-03-18,403.16
2020-03-19,409.52
2020-03-20,393.05
2020-03-23,393.75
2020-03-24,424.47
2020-03-25,419.74
2020-03-26,443.75
2020-03-27,426.4
2020-03-30,443.3
2020-03-31,439.11
2020-04-01,420.72
2020-04-02,429.2
2020-04-03,423.15
2020-04-06,454.25
2020-04-07,452.43
2020-04-08,462.55
2020-04-09,463.06
2020-04-14,488.55
2020-04-15,482.91
2020-04-16,492.23
2020-04-17,496.41
2020-04-20,490.45
2020-04-21,472.26
2020-04-22,486.96
2020-04-23,485.66
2020-04-24,493.81
2020-04-27,496.67
2020-04-28,487.68
2020-04-29,504.82
2020-04-30,505.83
2020-05-01,490.0
2020-05-04,496.5
2020-05-05,501.91
2020-05-06,505.01
2020-05-07,511.61
2020-05-11,522.8
2020-05-12,512.31
2020-05-13,505.99
2020-05-14,511.32
2020-05-15,514.63
2020-05-18,524.71
2020-05-19,522.85
2020-05-20,533.49
2020-05-21,527.46
2020-05-22,529.48
2020-05-26,528.11
2020-05-27,531.04
2020-05-28,529.66
2020-05-29,537.46
2020-06-01,539.88
2020-06-02,543.16
2020-06-03,545.86
2020-06-04,541.72
2020-06-05,552.67
2020-06-08,556.99
2020-06-09,560.67
2020-06-10,567.81
2020-06-11,539.41
2020-06-12,543.66
2020-06-15,550.01
2020-06-16,559.71
2020-06-17,561.57
2020-06-18,563.22
2020-06-19,563.08
2020-06-22,569.92
2020-06-23,574.38
2020-06-24,562.75
2020-06-25,568.33
2020-06-26,554.11
2020-06-29,560.4
2020-06-30,571.45
2020-07-01,578.33
2020-07-02,581.92
2020-07-03,581.92
2020-07-06,596.65
2020-07-07,592.14
2020-07-08,600.16
2020-07-09,605.11
2020-07-10,609.7
2020-07-13,596.52
2020-07-14,601.42
2020-07-15,602.1
2020-07-16,597.86
2020-07-17,598.91
2020-07-20,616.17
2020-07-21,609.47
2020-07-22,611.58
2020-07-23,595.26
2020-07-24,589.77
2020-07-27,600.52
2020-07-28,592.53
2020-07-29,599.87
2020-07-30,602.87
2020-07-31,613.59
2020-08-03,621.96
2020-08-04,624.29
2020-08-05,625.91
2020-08-06,633.97
2020-08-07,626.91
2020-08-10,623.86
2020-08-11,612.1
2020-08-12,627.94
2020-08-13,629.11
2020-08-14,628.37
2020-08-17,635.33
2020-08-18,641.56
2020-08-19,637.19
2020-08-20,646.1
2020-08-21,650.49
2020-08-24,654.48
2020-08-25,659.85
2020-08-26,673.93
2020-08-27,671.38
2020-08-28,675.31
2020-08-31,681.75
2020-09-01,692.0
2020-09-02,699.21
2020-09-03,662.74
2020-09-04,654.33
2020-09-07,654.31
2020-09-08,623.13
2020-09-09,641.57
2020-09-10,627.98
2020-09-11,624.21
2020-09-14,634.97
2020-09-15,644.03
2020-09-16,633.26
2020-09-17,623.88
2020-09-18,615.76
2020-09-21,618.24
2020-09-22,629.83
2020-09-23,609.95
2020-09-24,613.5
2020-09-25,627.83
2020-09-28,639.83
2020-09-29,637.51
2020-09-30,642.86
2020-10-01,652.22
2020-10-02,633.78
2020-10-05,648.02
2020-10-06,635.81
2020-10-07,647.73
2020-10-08,650.42
2020-10-09,660.26
2020-10-12,680.64
2020-10-13,680.35
2020-10-14,674.84
2020-10-15,669.95
2020-10-16,667.33
2020-10-19,655.05
2020-10-20,657.49
2020-10-21,656.78
2020-10-22,656.64
2020-10-23,658.31
2020-10-26,647.71
2020-10-27,653.01
2020-10-28,627.32
2020-10-29,639.08
2020-10-30,622.33
2020-11-02,624.11
2020-11-03,635.09
2020-11-04,663.07
2020-11-05,680.11
2020-11-06,680.98
2020-11-09,666.28
2020-11-10,654.7
2020-11-11,669.82
2020-11-12,666.11
2020-11-13,672.41
2020-11-16,676.64
2020-11-17,674.61
2020-11-18,670.14
2020-11-19,675.25
2020-11-20,670.79
2020-11-23,670.75
2020-11-24,680.54
2020-11-25,684.64
2020-11-26,684.63
2020-11-27,690.6
2020-11-30,691.16
2020-12-01,701.64
2020-12-02,701.73
2020-12-03,702.42
2020-12-04,705.87
2020-12-07,709.68
2020-12-08,711.89
2020-12-09,696.62
2020-12-10,698.72
2020-12-11,697.23
2020-12-14,702.15
2020-12-15,709.67
2020-12-16,713.73
2020-12-17,718.45
2020-12-18,717.73
2020-12-21,715.0
2020-12-22,716.55
2020-12-23,712.91
2020-12-24,716.17
2020-12-29,723.6
2020-12-30,723.72
2020-12-31,726.13
2021-01-04,715.28
2021-01-05,721.39
2021-01-06,711.29
2021-01-07,729.11
2021-01-08,738.45
2021-01-11,727.01
2021-01-12,726.42
2021-01-13,731.01
2021-01-14,726.78
2021-01-15,721.43
2021-01-18,721.41
2021-01-19,732.26
2021-01-20,749.15
2021-01-21,755.26
2021-01-22,753.08
2021-01-25,759.64
2021-01-26,760.02
2021-01-27,738.74
2021-01-28,743.74
2021-01-29,728.24
2021-02-01,746.44
2021-02-02,758.12
2021-02-03,755.09
2021-02-04,764.09
2021-02-05,766.62
2021-02-08,771.74
2021-02-09,771.31
2021-02-10,769.51
2021-02-11,774.01
2021-02-12,778.14
2021-02-15,778.12
2021-02-16,776.21
2021-02-17,772.2
2021-02-18,768.72
2021-02-19,765.52
2021-02-22,745.37
2021-02-23,743.73
2021-02-24,749.8
2021-02-25,723.11
2021-02-26,727.68
2021-03-01,748.71
2021-03-02,736.13
2021-03-03,714.93
2021-03-04,702.63
2021-03-05,714.17
2021-03-08,693.33
2021-03-09,721.26
2021-03-10,718.86
2021-03-11,735.86
2021-03-12,729.4
2021-03-15,737.57
2021-03-16,741.51
2021-03-17,744.33
2021-03-18,721.03
2021-03-19,725.48
2021-03-22,737.83
2021-03-23,733.95
2021-03-24,721.61
2021-03-25,720.57
2021-03-26,731.77
2021-03-29,731.0
2021-03-30,727.12
2021-03-31,738.11
2021-04-01,751.52
2021-04-06,765.66
2021-04-07,767.81
2021-04-08,775.8
2021-04-09,780.68
2021-04-12,779.21
2021-04-13,788.63
2021-04-14,778.34
2021-04-15,790.86
2021-04-16,791.74
2021-04-19,784.16
2021-04-20,778.61
2021-04-21,785.69
2021-04-22,775.94
2021-04-23,786.04
2021-04-26,790.79
2021-04-27,787.07
2021-04-28,783.76
2021-04-29,787.64
2021-04-30,781.51
2021-05-04,763.68
2021-05-05,761.34
2021-05-06,767.63
2021-05-07,773.73
2021-05-10,753.39
2021-05-11,752.96
2021-05-12,733.27
2021-05-13,739.35
2021-05-14,755.41
2021-05-17,750.87
2021-05-18,745.49
2021-05-19,746.77
2021-05-20,761.24
2021-05-21,756.58
2021-05-24,769.53
2021-05-25,770.42
2021-05-26,772.96
2021-05-27,770.47
2021-05-28,772.08
2021-05-31,772.06
2021-06-01,770.26
2021-06-02,771.49
2021-06-03,763.32
2021-06-04,776.9
2021-06-07,778.71
2021-06-08,779.15
2021-06-09,779.38
2021-06-10,787.59
2021-06-11,789.72
2021-06-14,797.1
2021-06-15,791.59
2021-06-16,788.91
2021-06-17,799.1
2021-06-18,792.65
2021-06-21,797.65
2021-06-22,805.15
2021-06-23,805.36
2021-06-24,810.52
2021-06-25,809.34
2021-06-28,819.46
2021-06-29,822.17
2021-06-30,821.17
2021-07-01,821.46
2021-07-02,830.98
2021-07-05,830.96
2021-07-06,834.33
2021-07-07,835.69
2021-07-08,830.7
2021-07-09,836.56
2021-07-12,839.46
2021-07-13,839.26
2021-07-14,840.72
2021-07-15,834.74
2021-07-16,828.34
2021-07-19,820.86
2021-07-20,830.95
2021-07-21,837.4
2021-07-22,842.9
2021-07-23,852.61
2021-07-26,853.4
2021-07-27,843.86
2021-07-28,847.3
2021-07-29,849.01
2021-07-30,844.01
2021-08-02,844.2
2021-08-03,849.7
2021-08-04,850.92
2021-08-05,856.54
2021-08-06,852.57
2021-08-09,853.9
2021-08-10,849.42
2021-08-11,847.98
2021-08-12,851.49
2021-08-13,854.18
2021-08-16,854.44
2021-08-17,846.64
2021-08-18,838.6
2021-08-19,842.92
2021-08-20,851.86
2021-08-23,864.26
2021-08-24,866.79
2021-08-25,867.43
2021-08-26,862.34
2021-08-27,871.05
2021-08-31,879.52
2021-09-01,881.19
2021-09-02,880.84
2021-09-03,883.58
2021-09-06,883.56
2021-09-07,884.84
2021-09-08,881.73
2021-09-09,878.37
2021-09-10,871.58
2021-09-13,871.21
2021-09-14,868.36
2021-09-15,875.16
2021-09-16,875.85
2021-09-17,865.55
2021-09-20,847.4
2021-09-21,848.34
2021-09-22,856.73
2021-09-23,864.63
2021-09-24,865.36
2021-09-27,858.31
2021-09-28,833.79
2021-09-29,832.83
2021-09-30,829.26
2021-10-01,835.03
2021-10-04,817.04
2021-10-05,828.49
2021-10-06,833.72
2021-10-07,841.08
2021-10-08,836.76
2021-10-11,830.69
2021-10-12,827.77
2021-10-13,834.11
2021-10-14,849.78
2021-10-15,855.11
2021-10-18,863.79
2021-10-19,869.98
2021-10-20,868.73
2021-10-21,874.41
2021-10-22,866.82
2021-10-25,875.79
2021-10-26,878.34
2021-10-27,880.53
2021-10-28,890.69
2021-10-29,894.84
2021-11-01,897.91
2021-11-02,901.71
2021-11-03,911.4
2021-11-04,922.87
2021-11-05,923.74
2021-11-08,922.4
2021-11-09,915.85
2021-11-10,902.68
2021-11-11,905.32
2021-11-12,914.81
2021-11-15,914.24
2021-11-16,921.05
2021-11-17,921.09
2021-11-18,930.97
2021-11-19,936.06
2021-11-22,925.17
2021-11-23,920.97
2021-11-24,924.45
2021-11-25,924.44
2021-11-26,905.1
2021-11-29,926.18
2021-11-30,911.31
2021-12-01,896.77
2021-12-02,903.24
2021-12-03,887.52
2021-12-06,895.08
2021-12-07,922.15
2021-12-08,926.02
2021-12-09,912.22
2021-12-10,922.51
2021-12-13,908.4
2021-12-14,898.98
2021-12-15,920.13
2021-12-16,896.08
2021-12-17,892.54
2021-12-20,882.7
2021-12-21,903.05
2021-12-22,913.99
2021-12-23,921.21
2021-12-24,921.2
2021-12-29,931.49
2021-12-30,928.01
2021-12-31,921.85
2022-01-04,919.67
2022-01-05,890.99
2022-01-06,890.62
2022-01-07,880.85
2022-01-10,882.08
2022-01-11,895.05
2022-01-12,898.48
2022-01-13,875.34
2022-01-14,881.88
2022-01-17,881.86
2022-01-18,859.22
2022-01-19,850.01
2022-01-20,838.64
2022-01-21,815.58
2022-01-24,819.58
2022-01-25,799.21
2022-01-26,800.54
2022-01-27,790.94
2022-01-28,816.5
2022-01-31,843.34
2022-02-01,848.4
2022-02-02,855.18
2022-02-03,819.13
2022-02-04,830.24
2022-02-07,823.28
2022-02-08,833.2
2022-02-09,850.73
2022-02-10,830.9
2022-02-11,805.38
2022-02-14,806.25
2022-02-15,826.15
2022-02-16,825.31
2022-02-17,800.92
2022-02-18,791.75
2022-02-21,791.73
2022-02-22,783.88
2022-02-23,763.47
2022-02-24,789.87
2022-02-25,802.0
2022-02-28,804.73
2022-03-01,791.63
2022-03-02,805.09
2022-03-03,793.37
2022-03-04,782.21
2022-03-07,752.9
2022-03-08,749.97
2022-03-09,776.79
2022-03-10,768.29
2022-03-11,751.94
2022-03-14,737.58
2022-03-15,760.87
2022-03-16,789.02
2022-03-17,798.17
2022-03-18,815.21
2022-03-21,812.79
2022-03-22,828.5
2022-03-23,816.81
2022-03-24,834.78
2022-03-25,834.13
2022-03-28,847.28
2022-03-29,861.51
2022-03-30,852.05
2022-03-31,838.88
2022-04-01,840.16
2022-04-04,857.0
2022-04-05,837.98
2022-04-06,819.79
2022-04-07,821.65
2022-04-08,810.09
2022-04-11,791.02
2022-04-12,788.19
2022-04-13,803.86
2022-04-14,785.54
2022-04-19,803.42
2022-04-20,791.45
2022-04-21,775.73
2022-04-22,755.17
2022-04-25,765.12
2022-04-26,735.53
2022-04-27,735.16
2022-04-28,760.76
2022-04-29,726.77
2022-05-03,740.05
2022-05-04,765.25
2022-05-05,726.6
2022-05-06,717.89
2022-05-09,689.29
2022-05-10,698.23
2022-05-11,676.85
2022-05-12,675.68
2022-05-13,700.68
2022-05-16,692.58
2022-05-17,710.71
2022-05-18,674.89
2022-05-19,671.93
2022-05-20,669.66
2022-05-23,680.89
2022-05-24,665.93
2022-05-25,675.78
2022-05-26,694.64
2022-05-27,717.55
2022-05-30,717.53
2022-05-31,715.31
2022-06-01,710.04
2022-06-06,713.0
2022-06-07,719.34
2022-06-08,713.87
2022-06-09,694.36
2022-06-10,669.63
2022-06-13,638.81
2022-06-14,640.22
2022-06-15,656.17
2022-06-16,629.79
2022-06-17,637.61
2022-06-20,637.59
2022-06-21,653.57
2022-06-22,652.48
2022-06-23,662.1
2022-06-24,685.19
2022-06-27,679.65
2022-06-28,658.68
2022-06-29,659.86
2022-06-30,651.12
2022-07-01,655.75
2022-07-04,655.74
2022-07-05,666.87
2022-07-06,670.98
2022-07-07,685.49
2022-07-08,686.44
2022-07-11,671.41
2022-07-12,664.87
2022-07-13,663.94
2022-07-14,666.19
2022-07-15,678.36
2022-07-18,672.34
2022-07-19,693.38
2022-07-20,704.14
2022-07-21,714.31
2022-07-22,701.68
2022-07-25,697.82
2022-07-26,684.16
2022-07-27,713.28
2022-07-28,719.88
2022-07-29,732.97
2022-08-01,732.54
2022-08-02,730.31
2022-08-03,750.2
2022-08-04,753.56
2022-08-05,747.83
2022-08-08,745.06
2022-08-09,736.54
2022-08-10,757.5
2022-08-11,752.69
2022-08-12,768.22
2022-08-15,773.93
2022-08-16,772.12
2022-08-17,763.02
2022-08-18,765.04
2022-08-19,750.14
2022-08-22,730.17
2022-08-23,729.67
2022-08-24,731.72
2022-08-25,744.52
2022-08-26,714.02
2022-08-30,699.16
2022-08-31,695.21
2022-09-01,695.44
2022-09-02,685.46
2022-09-05,685.44
2022-09-06,680.51
2022-09-07,694.55
2022-09-08,698.06
2022-09-09,713.18
2022-09-12,721.74
2022-09-13,681.75
2022-09-14,687.53
2022-09-15,675.81
2022-09-16,672.06
2022-09-20,671.48
2022-09-21,659.45
2022-09-22,651.74
2022-09-23,640.95
2022-09-26,637.7
2022-09-27,638.69
2022-09-28,651.27
2022-09-29,632.67
2022-09-30,621.7
2022-10-03,636.32
2022-10-04,656.45
2022-10-05,655.91
2022-10-06,650.95
2022-10-07,625.68
2022-10-10,619.29
2022-10-11,611.6
2022-10-12,611.26
2022-10-13,625.32
2022-10-14,605.96
2022-10-17,626.94
2022-10-18,631.76
2022-10-19,629.24
2022-10-20,626.02
2022-10-21,640.96
2022-10-24,647.75
2022-10-25,661.32
2022-10-26,646.35
2022-10-27,634.23
2022-10-28,654.38
2022-10-31,646.39
2022-11-01,639.78
2022-11-02,618.09
2022-11-03,605.86
2022-11-04,615.5
2022-11-07,622.28
2022-11-08,626.97
2022-11-09,612.21
2022-11-10,658.03
2022-11-11,670.0
2022-11-14,663.46
2022-11-15,673.11
2022-11-16,663.56
2022-11-17,662.3
2022-11-18,662.3
2022-11-21,655.29
2022-11-22,665.02
2022-11-23,671.51
2022-11-24,671.5
2022-11-25,666.81
2022-11-28,657.25
2022-11-29,652.48
2022-11-30,682.39
2022-12-01,683.15
2022-12-02,680.47
2022-12-05,668.69
2022-12-06,655.24
2022-12-07,652.27
2022-12-08,660.23
2022-12-09,656.02
2022-12-12,664.12
2022-12-13,671.37
2022-12-14,666.13
2022-12-15,643.67
2022-12-16,637.91
2022-12-19,628.95
2022-12-20,628.25
2022-12-21,637.52
2022-12-22,621.64
2022-12-23,623.3
2022-12-28,605.92
2022-12-29,621.36
2022-12-30,620.72
2023-01-03,616.37
2023-01-04,619.41
2023-01-05,609.57
2023-01-06,626.53
2023-01-09,630.39
2023-01-10,635.91
2023-01-11,647.06
2023-01-12,650.3
2023-01-13,654.93
2023-01-16,654.92
2023-01-17,655.8
2023-01-18,647.47
2023-01-19,640.96
2023-01-20,659.3
2023-01-23,673.66
2023-01-24,672.19
2023-01-25,670.37
2023-01-26,683.8
2023-01-27,690.32
2023-01-30,675.94
2023-01-31,686.68
2023-02-01,701.5
2023-02-02,726.48
2023-02-03,713.45
2023-02-06,707.33
2023-02-07,722.29
2023-02-08,709.09
2023-02-09,702.66
2023-02-10,698.45
2023-02-13,709.63
2023-02-14,714.72
2023-02-15,720.42
2023-02-16,706.49
2023-02-17,701.72
2023-02-20,701.7
2023-02-21,684.79
2023-02-22,685.13
2023-02-23,691.66
2023-02-24,679.75
2023-02-27,684.74
2023-02-28,683.85
2023-03-01,678.01
2023-03-02,684.14
2023-03-03,698.1
2023-03-06,698.74
2023-03-07,690.21
2023-03-08,693.79
2023-03-09,681.38
2023-03-10,671.97
2023-03-13,677.23
2023-03-14,693.02
2023-03-15,695.94
2023-03-16,714.68
2023-03-17,711.18
2023-03-20,713.6
2023-03-21,723.84
2023-03-22,713.94
2023-03-23,723.14
2023-03-24,725.28
2023-03-27,719.92
2023-03-28,716.37
2023-03-29,729.73
2023-03-30,736.42
2023-03-31,748.81
2023-04-03,746.92
2023-04-04,744.31
2023-04-05,736.77
2023-04-06,742.2
2023-04-11,736.58
2023-04-12,729.99
2023-04-13,744.82
2023-04-14,743.12
2023-04-17,743.56
2023-04-18,743.79
2023-04-19,743.61
2023-04-20,737.77
2023-04-21,738.6
2023-04-24,736.82
2023-04-25,722.92
2023-04-26,727.54
2023-04-27,747.62
2023-04-28,752.5
2023-05-02,744.97
2023-05-03,740.22
2023-05-04,737.55
2023-05-05,753.31
2023-05-09,750.01
2023-05-10,758.35
2023-05-11,760.8
2023-05-12,758.12
2023-05-15,762.26
2023-05-16,762.98
2023-05-17,772.49
2023-05-18,786.46
2023-05-19,784.69
2023-05-22,787.3
2023-05-23,777.22
2023-05-24,773.35
2023-05-25,792.35
2023-05-26,812.8
2023-05-30,816.01
2023-05-31,810.32
2023-06-01,821.05
2023-06-02,827.04
2023-06-05,827.61
2023-06-06,827.69
2023-06-07,813.19
2023-06-08,823.52
2023-06-09,826.01
2023-06-12,840.54
2023-06-13,847.18
2023-06-14,853.19
2023-06-15,863.41
2023-06-16,857.63
2023-06-19,857.61
2023-06-20,856.82
2023-06-21,845.38
2023-06-22,855.32
2023-06-23,846.74
2023-06-26,835.21
2023-06-27,849.8
2023-06-28,850.85
2023-06-29,849.49
2023-06-30,863.08
2023-07-03,864.8
2023-07-04,864.79
2023-07-05,864.58
2023-07-06,858.08
2023-07-07,855.1
2023-07-10,855.57
2023-07-11,859.73
2023-07-12,870.42
2023-07-13,885.47
2023-07-14,885.1
2023-07-17,893.47
2023-07-18,900.74
2023-07-19,899.88
2023-07-20,879.39
2023-07-21,877.08
2023-07-24,878.33
2023-07-25,884.76
2023-07-26,881.24
2023-07-27,879.28
2023-07-28,895.6
2023-07-31,895.93
2023-08-01,893.71
2023-08-02,873.96
2023-08-03,872.97
2023-08-04,868.53
2023-08-07,876.08
2023-08-08,868.41
2023-08-09,858.71
2023-08-10,860.34
2023-08-11,854.71
2023-08-14,864.83
2023-08-15,855.27
2023-08-16,846.26
2023-08-17,837.19
2023-08-18,836.02
2023-08-21,849.78
2023-08-22,848.2
2023-08-23,861.8
2023-08-24,842.96
2023-08-25,850.08
2023-08-29,874.78
2023-08-30,879.73
2023-08-31,882.07
2023-09-01,881.51
2023-09-04,881.49
2023-09-05,882.47
2023-09-06,874.69
2023-09-07,868.29
2023-09-08,869.51
2023-09-11,879.83
2023-09-12,870.06
2023-09-13,873.39
2023-09-14,880.6
2023-09-15,865.14
2023-09-18,866.43
2023-09-19,864.48
2023-09-20,852.0
2023-09-21,836.31
2023-09-22,836.69
2023-09-25,840.52
2023-09-26,827.83
2023-09-27,829.77
2023-09-28,836.8
2023-09-29,837.5
2023-10-02,844.44
2023-10-03,829.13
2023-10-04,841.11
2023-10-05,838.1
2023-10-06,852.33
2023-10-09,856.51
2023-10-10,861.31
2023-10-11,867.54
2023-10-12,864.28
2023-10-13,853.52
2023-10-16,863.6
2023-10-17,860.71
2023-10-18,848.6
2023-10-19,841.41
2023-10-20,828.76
2023-10-23,831.24
2023-10-24,839.26
2023-10-25,818.54
2023-10-26,803.05
2023-10-27,807.08
2023-10-30,815.95
2023-10-31,820.17
2023-11-01,834.69
2023-11-02,849.2
2023-11-03,859.45
2023-11-06,862.62
2023-11-07,870.64
2023-11-08,871.61
2023-11-09,864.59
2023-11-10,884.11
2023-11-13,881.49
2023-11-14,900.31
2023-11-15,900.77
2023-11-16,901.75
2023-11-17,902.02
2023-11-20,912.77
2023-11-21,907.47
2023-11-22,911.34
2023-11-23,911.33
2023-11-24,910.22
2023-11-27,909.06
2023-11-28,911.81
2023-11-29,910.58
2023-11-30,908.5
2023-12-01,911.35
2023-12-04,902.35
2023-12-05,904.51
2023-12-06,899.4
2023-12-07,912.78
2023-12-08,916.31
2023-12-11,924.1
2023-12-12,931.68
2023-12-13,943.52
2023-12-14,942.16
2023-12-15,947.03
2023-12-18,953.06
2023-12-19,957.88
2023-12-20,943.2
2023-12-21,954.77
2023-12-22,955.9
2023-12-27,963.17
2023-12-28,962.73
2023-12-29,958.6
2024-01-02,942.58
2024-01-03,932.68
2024-01-04,927.77
2024-01-05,929.13
2024-01-08,948.7
2024-01-09,950.35
2024-01-10,956.86
2024-01-11,958.44
2024-01-12,959.12
2024-01-15,959.1
2024-01-16,958.97
2024-01-17,953.59
2024-01-18,967.59
2024-01-19,986.48
2024-01-22,987.39
2024-01-23,991.59
2024-01-24,997.0
2024-01-25,998.0
2024-01-26,992.53
2024-01-29,1002.49
2024-01-30,995.75
2024-01-31,976.42
2024-02-01,988.26
2024-02-02,1005.22
2024-02-05,1003.52
2024-02-06,1001.24
2024-02-07,1011.62
2024-02-08,1013.29
2024-02-09,1023.59
2024-02-12,1019.05
2024-02-13,1002.97
2024-02-14,1014.92
2024-02-15,1017.17
2024-02-16,1008.08
2024-02-19,1008.06
2024-02-20,1000.08
2024-02-21,996.32
2024-02-22,1026.33
2024-02-23,1022.5
2024-02-26,1022.23
2024-02-27,1024.37
2024-02-28,1018.94
2024-02-29,1028.79
2024-03-01,1043.57
2024-03-04,1039.26
2024-03-05,1020.52
2024-03-06,1027.34
2024-03-07,1043.41
2024-03-08,1027.47
2024-03-11,1023.64
2024-03-12,1038.89
2024-03-13,1030.3
2024-03-14,1027.32
2024-03-15,1015.53
2024-03-18,1025.58
2024-03-19,1028.26
2024-03-20,1040.28
2024-03-21,1044.85
2024-03-22,1045.92
2024-03-25,1042.34
2024-03-26,1038.54
2024-03-27,1042.6
2024-03-28,1041.1
2024-03-29,1041.1
2024-04-02,1033.55
2024-04-03,1035.85
2024-04-04,1019.79
2024-04-05,1032.88
2024-04-08,1032.38
2024-04-09,1036.37
2024-04-10,1027.32
2024-04-11,1044.22
2024-04-12,1026.84
2024-04-15,1009.9
2024-04-16,1010.28
2024-04-17,997.72
2024-04-18,992.05
2024-04-19,971.7
2024-04-22,981.56
2024-04-23,996.4
2024-04-24,999.57
2024-04-25,994.1
2024-04-26,1010.51
2024-04-29,1014.16
2024-04-30,994.65
2024-05-01,987.68
2024-05-02,1000.39
2024-05-03,1020.31
2024-05-07,1031.83
2024-05-08,1031.45
2024-05-09,1033.15
2024-05-10,1035.98
2024-05-13,1038.09
2024-05-14,1045.22
2024-05-15,1060.96
2024-05-16,1058.91
2024-05-17,1058.24
2024-05-20,1065.52
2024-05-21,1067.79
2024-05-22,1067.31
2024-05-23,1062.65
2024-05-24,1073.19
2024-05-28,1076.64
2024-05-29,1069.07
2024-05-30,1057.82
2024-05-31,1057.76
2024-06-03,1061.41
2024-06-04,1064.55
2024-06-05,1086.24
2024-06-06,1085.47
2024-06-07,1084.44
2024-06-10,1088.67
2024-06-11,1096.41
2024-06-12,1110.95
2024-06-13,1117.33
2024-06-14,1122.21
2024-06-17,1136.04
2024-06-18,1136.4
2024-06-19,1136.39
2024-06-20,1127.45
2024-06-21,1124.48
2024-06-24,1111.7
2024-06-25,1124.62
2024-06-26,1127.46
2024-06-27,1129.61
2024-06-28,1123.6
2024-07-01,1130.95
2024-07-02,1142.34
2024-07-03,1152.39
2024-07-04,1152.38
2024-07-05,1164.19
2024-07-08,1166.89
2024-07-09,1167.65
2024-07-10,1180.35
2024-07-11,1153.85
2024-07-12,1160.7
2024-07-15,1163.83
2024-07-16,1164.5
2024-07-17,1130.26
2024-07-18,1124.89
2024-07-19,1114.46
2024-07-22,1131.56
2024-07-23,1127.65
2024-07-24,1086.43
2024-07-25,1074.9
2024-07-26,1085.96
2024-07-29,1087.98
2024-07-30,1072.96
2024-07-31,1105.33
2024-08-01,1078.39
2024-08-02,1052.71
2024-08-05,1021.53
2024-08-06,1031.97
2024-08-07,1019.97
2024-08-08,1051.17
2024-08-09,1056.88
2024-08-12,1058.62
2024-08-13,1085.12
2024-08-14,1086.03
2024-08-15,1112.9
2024-08-16,1114.12
2024-08-19,1128.83
2024-08-20,1126.16
2024-08-21,1132.14
2024-08-22,1113.16
2024-08-23,1126.22
2024-08-27,1118.24
2024-08-28,1105.05
2024-08-29,1103.6
2024-08-30,1117.9
2024-09-02,1117.88
2024-09-03,1082.73
2024-09-04,1080.64
2024-09-05,1081.2
2024-09-06,1052.26
2024-09-09,1065.96
2024-09-10,1075.57
2024-09-11,1098.87
2024-09-12,1109.5
2024-09-13,1114.83
2024-09-16,1109.62
2024-09-17,1110.16
2024-09-18,1105.13
2024-09-19,1133.57
2024-09-20,1130.8
2024-09-23,1134.24
2024-09-24,1139.52
2024-09-25,1141.1
2024-09-26,1149.25
2024-09-27,1143.15
2024-09-30,1146.13
2024-10-01,1129.71
2024-10-02,1131.55
2024-10-03,1131.01
2024-10-04,1144.81
2024-10-07,1131.4
2024-10-08,1148.94
2024-10-09,1158.13
2024-10-10,1156.59
2024-10-11,1158.31
2024-10-14,1167.83
2024-10-15,1151.86
2024-10-16,1152.66
2024-10-17,1153.59
2024-10-18,1161.21
2024-10-21,1163.32
2024-10-22,1164.57
2024-10-23,1146.47
2024-10-24,1155.94
2024-10-25,1162.75
2024-10-28,1162.66
2024-10-29,1174.06
2024-10-30,1164.74
2024-10-31,1136.4
2024-11-01,1144.58
2024-11-04,1140.6
2024-11-05,1155.65
2024-11-06,1187.27
2024-11-07,1205.57
2024-11-08,1206.6
2024-11-11,1205.96
2024-11-12,1203.9
2024-11-13,1201.93
2024-11-14,1193.96
2024-11-15,1165.39
2024-11-18,1173.75
2024-11-19,1182.05
2024-11-20,1181.05
2024-11-21,1185.43
2024-11-22,1187.46
2024-11-25,1189.07
2024-11-26,1195.8
2024-11-27,1185.67
2024-11-28,1185.65
2024-11-29,1196.31
2024-12-02,1209.66
2024-12-03,1213.4
2024-12-04,1228.42
2024-12-05,1224.65
2024-12-06,1236.03
2024-12-09,1225.72
2024-12-10,1221.57
2024-12-11,1244.2
2024-12-12,1235.69
2024-12-13,1245.2
2024-12-16,1263.29
2024-12-17,1257.82
2024-12-18,1212.56
2024-12-19,1206.9
2024-12-20,1217.08
2024-12-23,1229.42
2024-12-24,1246.24
2024-12-27,1227.66
2024-12-30,1211.86
2024-12-31,1201.32
2025-01-02,1199.21
2025-01-03,1219.37
2025-01-06,1232.72
2025-01-07,1210.61
2025-01-08,1211.13
2025-01-09,1211.13
2025-01-10,1192.09
2025-01-13,1188.46
2025-01-14,1186.89
2025-01-15,1214.35
2025-01-16,1205.96
2025-01-17,1225.96
2025-01-20,1225.93
2025-01-21,1233.08
2025-01-22,1249.45
2025-01-23,1252.19
2025-01-24,1244.93
2025-01-27,1207.93
2025-01-28,1227.12
2025-01-29,1224.16
2025-01-30,1229.68
2025-01-31,1228.05
2025-02-03,1217.7
2025-02-04,1233.09
2025-02-05,1238.29
2025-02-06,1244.91
2025-02-07,1228.79
2025-02-10,1244.06
2025-02-11,1240.46
2025-02-12,1241.93
2025-02-13,1259.73
2025-02-14,1264.66
2025-02-17,1264.63
2025-02-18,1267.47
2025-02-19,1268.09
2025-02-20,1262.12
2025-02-21,1236.21
2025-02-24,1221.26
2025-02-25,1206.12
2025-02-26,1208.72
2025-02-27,1175.45
2025-02-28,1194.64
2025-03-03,1168.38
2025-03-04,1164.22
2025-03-05,1180.03
2025-03-06,1147.16
2025-03-07,1155.84
2025-03-10,1111.81
2025-03-11,1108.71
2025-03-12,1121.24
2025-03-13,1100.08
2025-03-14,1127.64
2025-03-17,1133.77
2025-03-18,1114.95
2025-03-19,1129.45
2025-03-20,1126.18
2025-03-21,1130.54
2025-03-24,1154.91
2025-03-25,1161.05
2025-03-26,1139.82
2025-03-27,1133.04
2025-03-28,1103.45
2025-03-31,1103.3
2025-04-01,1112.34
2025-04-02,1120.72
2025-04-03,1060.15
2025-04-04,995.85
2025-04-07,997.72
2025-04-08,978.24
2025-04-09,1095.79
2025-04-10,1049.94
2025-04-11,1069.76
2025-04-14,1075.8
2025-04-15,1077.75
2025-04-16,1044.97
2025-04-17,1044.99
2025-04-22,1046.0
2025-04-23,1069.84
2025-04-24,1099.65
2025-04-25,1112.14
2025-04-28,1111.82
2025-04-29,1118.54
2025-04-30,1120.11
2025-05-01,1132.44
2025-05-02,1150.54
2025-05-06,1132.7
2025-05-07,1137.07
2025-05-08,1148.25
2025-05-09,1148.15
2025-05-12,1194.44
2025-05-13,1213.28
2025-05-14,1220.24
2025-05-15,1221.37
2025-05-16,1226.85
2025-05-19,1227.94
2025-05-20,1223.37
2025-05-21,1206.97
2025-05-22,1208.84
2025-05-23,1197.58
2025-05-27,1226.12
2025-05-28,1220.57
2025-05-29,1223.18
2025-05-30,1221.97
2025-06-02,1230.58
2025-06-03,1240.35
2025-06-04,1243.83
2025-06-05,1233.89
2025-06-06,1246.3
2025-06-09,1248.4
2025-06-10,1256.64
2025-06-11,1251.99
2025-06-12,1254.99
2025-06-13,1238.94
2025-06-16,1256.49
2025-06-17,1243.97
2025-06-18,1244.02
2025-06-19,1244.01
2025-06-20,1238.77
2025-06-23,1251.91
2025-06-24,1271.05
2025-06-25,1273.76
2025-06-26,1285.75
2025-06-27,1290.73
2025-06-30,1299.03
2025-07-01,1287.52
2025-07-02,1296.97
2025-07-03,1309.95
2025-07-04,1309.94
2025-07-07,1299.53
2025-07-08,1300.48
2025-07-09,1309.78
2025-07-10,1307.75
2025-07-11,1304.95
2025-07-14,1309.22
2025-07-15,1310.86
2025-07-16,1312.19
2025-07-17,1322.09
2025-07-18,1321.19
2025-07-21,1327.74
2025-07-22,1321.06
2025-07-23,1326.7
2025-07-24,1329.98
2025-07-25,1332.97
2025-07-28,1337.75
2025-07-29,1335.0
2025-07-30,1337.11
2025-07-31,1329.9
2025-08-01,1303.89
2025-08-04,1328.21
2025-08-05,1318.48
2025-08-06,1335.46
2025-08-07,1339.72
2025-08-08,1352.45
2025-08-11,1347.7
2025-08-12,1365.59
2025-08-13,1366.14
2025-08-14,1365.21
2025-08-15,1358.4
2025-08-18,1358.51
2025-08-19,1339.67
2025-08-20,1331.92
2025-08-21,1325.97
2025-08-22,1346.43
2025-08-26,1347.93
2025-08-27,1350.25
2025-08-28,1358.12
2025-08-29,1341.72
2025-09-01,1341.69
2025-09-02,1331.15
2025-09-03,1341.67
2025-09-04,1354.27
2025-09-05,1355.52
2025-09-08,1361.83
2025-09-09,1366.27
2025-09-10,1366.8
2025-09-11,1375.0
2025-09-12,1380.74
2025-09-15,1392.35
2025-09-16,1391.22
2025-09-17,1388.33
2025-09-18,1401.58
2025-09-19,1411.37
2025-09-22,1419.22
2025-09-23,1408.84
2025-09-24,1404.45
2025-09-25,1398.35
2025-09-26,1404.46
2025-09-29,1410.59
2025-09-30,1414.55
2025-10-01,1421.54
2025-10-02,1426.79
2025-10-03,1420.75
2025-10-06,1431.78
2025-10-07,1423.84
2025-10-08,1440.8
2025-10-09,1438.61
2025-10-10,1388.38
2025-10-13,1418.63
2025-10-14,1408.83
2025-10-15,1418.33
2025-10-16,1413.27
2025-10-17,1422.47
2025-10-20,1440.95
2025-10-21,1440.15
2025-10-22,1425.91
2025-10-23,1438.41
2025-10-24,1453.33
2025-10-27,1479.85
2025-10-28,1490.78
2025-10-29,1496.95
2025-10-30,1474.87
2025-10-31,1482.03
2025-11-03,1488.58
2025-11-04,1457.8
2025-11-05,1468.34
2025-11-06,1440.24
2025-11-07,1436.22
2025-11-10,1467.97
2025-11-11,1463.47
2025-11-12,1462.55
2025-11-13,1432.54
2025-11-14,1433.54
2025-11-17,1421.59
2025-11-18,1404.59
2025-11-19,1412.45
2025-11-20,1379.08
2025-11-21,1389.76
2025-11-24,1426.1
2025-11-25,1434.38
2025-11-26,1446.98
2025-11-27,1446.96
2025-11-28,1458.34
2025-12-01,1453.04
2025-12-02,1465.24
2025-12-03,1468.21
2025-12-04,1466.85
2025-12-05,1473.32
2025-12-08,1469.71
2025-12-09,1472.05
2025-12-10,1478.23
2025-12-11,1473.08
2025-12-12,1445.02
2025-12-15,1437.65
2025-12-16,1441.4
2025-12-17,1413.56
2025-12-18,1434.86
2025-12-19,1453.57
2025-12-22,1460.23
2025-12-23,1467.45
2025-12-24,1471.37
2025-12-29,1463.85
2025-12-30,1460.23
2025-12-31,1448.07
2026-01-02,1445.68
2026-01-05,1456.83
2026-01-06,1470.49
2026-01-07,1471.29
2026-01-08,1462.86
2026-01-09,1477.73
2026-01-12,1478.93
2026-01-13,1476.29
2026-01-14,1460.54
2026-01-15,1465.18
2026-01-16,1464.14
2026-01-19,1464.11
2026-01-20,1433.04
2026-01-21,1452.47
2026-01-22,1463.45
2026-01-23,1468.43
2026-01-26,1474.57
2026-01-27,1487.55
2026-01-28,1492.32
2026-01-29,1484.38
2026-01-30,1465.46
2026-02-02,1476.1
2026-02-03,1453.15
2026-02-04,1427.49
2026-02-05,1407.84
2026-02-06,1438.05
2026-02-09,1449.14
2026-02-10,1441.12
2026-02-11,1445.34
2026-02-12,1415.87
2026-02-13,1418.6
2026-02-16,1418.56
2026-02-17,1416.81
2026-02-18,1428.13
2026-02-19,1422.48
2026-02-20,1434.83
2026-02-23,1417.4
2026-02-24,1432.76
2026-02-25,1452.95
2026-02-26,1436.04
2026-02-27,1431.91
2026-03-02,1433.78
2026-03-03,1418.18
2026-03-04,1439.63
2026-03-05,1435.5
2026-03-06,1414.01
2026-03-09,1432.64
2026-03-10,1432.01
2026-03-11,1432.55
2026-03-12,1407.79
2026-03-13,1399.16
2026-03-16,1414.91
2026-03-17,1422.07
2026-03-18,1401.68
2026-03-19,1397.66
2026-03-20,1371.5
2026-03-23,1388.2
2026-03-24,1377.52
2026-03-25,1386.75
2026-03-26,1353.69
2026-03-27,1327.64
2026-03-30,1317.32
2026-03-31,1362.51
2026-04-01,1378.64
2026-04-02,1380.21
2026-04-07,1389.17
2026-04-08,1429.39
2026-04-09,1439.68
2026-04-10,1441.64
2026-04-13,1456.95
2026-04-14,1483.24
2026-04-15,1504.03
2026-04-16,1511.38
2026-04-17,1530.86
2026-04-20,1526.11
2026-04-21,1519.73
2026-04-22,1546.03
2026-04-23,1537.13
2026-04-24,1567.01
2026-04-27,1567.11
2026-04-28,1551.24
2026-04-29,1560.28
2026-04-30,1575.48
2026-05-01,1590.33
2026-05-05,1607.9
2026-05-06,1641.39
2026-05-07,1639.37
2026-05-08,1677.96
2026-05-11,1682.92
2026-05-12,1668.23
2026-05-13,1685.59
2026-05-14,1697.84
2026-05-15,1671.96
2026-05-18,1664.44
2026-05-19,1654.39
2026-05-20,1681.87
2026-05-21,1685.45
2026-05-22,1692.61
2026-05-26,1722.38
2026-05-27,1720.77
2026-05-28,1735.13
2026-05-29,1741.48
2026-06-01,1751.79
2026-06-02,1760.24
2026-06-03,1755.11
2026-06-04,1746.04
2026-06-05,1662.97
2026-06-08,1689.2
2026-06-09,1670.26
2026-06-10,1637.15
2026-06-11,1690.96
2026-06-12,1701.88
2026-06-15,1754.08
2026-06-16,1721.01
2026-06-17,1703.94
2026-06-18,1746.13
2026-06-19,1746.12
2026-06-22,1742.75
2026-06-23,1685.33
2026-06-24,1678.04
2026-06-25,1690.67
2026-06-26,1672.18
2026-06-29,1709.86
2026-06-30,1738.7
2026-07-01,1711.91
2026-07-02,1684.34
2026-07-03,1684.32
2026-07-06,1705.56
2026-07-07,1675.43
2026-07-08,1679.98
2026-07-09,1707.23
2026-07-10,1712.84
2026-07-13,1680.59
2026-07-14,1699.08
2026-07-15,1694.26
2026-07-16,1666.87
2026-07-17,1641.99
2026-07-20,1642.61
2026-07-21,1674.22
2026-07-22,1665.19
2026-07-23,1633.97
2026-07-24,1615.27
2026-07-27,1610.13
2026-07-28,1594.33
2026-07-29,1561.54
2026-07-30,1613.99
2026-07-31,1623.69
2026-08-03,1652.51
2026-08-04,1707.4
2026-08-05,1693.3
2026-08-06,1686.71
2026-08-07,1706.75
2026-08-10,1701.07
2026-08-11,1695.51
2026-08-12,1707.96
2026-08-13,1727.6
2026-08-14,1725.45
2026-08-17,1722.51
2026-08-18,1693.56
2026-08-19,1689.85
2026-08-20,1677.81
2026-08-21,1683.45
2026-08-24,1667.03
2026-08-25,1677.69
2026-08-26,1678.55
2026-08-27,1702.49
2026-08-28,1690.6
2026-08-31,1691.93
2026-09-01,1670.15
2026-09-02,1673.93
2026-09-03,1693.51
2026-09-04,1697.29
2026-09-07,1697.25
2026-09-08,1695.14
2026-09-09,1690.18
2026-09-10,1672.04
2026-09-11,1687.3
2026-09-14,1673.42
2026-09-15,1662.62
2026-09-16,1663.04
2026-09-17,1691.85
2026-09-18,1703.16
2026-09-21,1751.35
2026-09-22,1765.71
2026-09-23,1750.67
2026-09-24,1751.15
2026-09-25,1758.57
2026-09-28,1739.52
2026-09-29,1743.1
2026-09-30,1747.11
2026-10-01,1752.43
2026-10-02,1770.13
