period_start,period_end,statistic,reconstructed,issuer,error_usd
2014-01-01,2014-03-31,high,59.2999219793011,59.3,-7.802069890061603e-05
2014-01-01,2014-03-31,low,51.78007221935048,51.78,7.221935047851957e-05
2014-04-01,2014-06-30,high,56.03993990398025,56.04,-6.009601975165424e-05
2014-04-01,2014-06-30,low,48.24990409181006,48.25,-9.590818994098527e-05
2014-07-01,2014-09-30,high,56.63010907278834,56.63,0.0001090727883408249
2014-07-01,2014-09-30,low,50.17991011628729,50.18,-8.988371271101414e-05
2014-10-01,2014-12-31,high,57.52990751311812,57.53,-9.248688188279175e-05
2014-10-01,2014-12-31,low,47.88012391085262,47.88,0.00012391085261498347
2015-01-01,2015-03-31,high,60.8049273157979,60.81,-0.005072684202104938
2015-01-01,2015-03-31,low,53.00010029638941,53.0,0.00010029638941233543
2015-04-01,2015-06-30,high,63.229945742516826,63.23,-5.425748317122725e-05
2015-04-01,2015-06-30,low,55.78996850165302,55.79,-3.149834697779852e-05
2015-07-01,2015-07-17,high,66.29,66.29,0.0
2015-07-01,2015-07-17,low,60.42503980989428,60.43,-0.00496019010572013
