name,sector,symbol,exchange,id,cik,FIGI,date,prior_close,close,divs,dividend_to_prior_close,price_return,naive_total_return,review_status
"Ryanair Holdings plc - American Depositary Shares, each representing five Ordinary Shares",,RYAAY,NAS,tts-830379,1038683,tts-830379,2010-09-15,12.40616,12.4554,0.69119998272,0.055714256685388555,0.003968996047124973,0.059683252732513514,"unreviewed; may be legitimate special cash dividend, spin distribution, or data error"
Keurig Dr Pepper Inc,,KDP,NAS,tts-203738082,1418135,tts-203738082,2010-09-16,5.7316,5.6656,0.25,0.043617837951008445,-0.011515109219066177,0.0321027287319422,"unreviewed; may be legitimate special cash dividend, spin distribution, or data error"
"Ryanair Holdings plc - American Depositary Shares, each representing five Ordinary Shares",,RYAAY,NAS,tts-830379,1038683,tts-830379,2010-09-23,12.80412,12.11076,0.74346664808,0.0580646423245018,-0.05415132004386081,0.003913322280641118,"unreviewed; may be legitimate special cash dividend, spin distribution, or data error"
Wynn Resorts Ltd,Consumer Goods,WYNN,NAS,tts-831069,1174922,tts-831069,2010-11-19,108.95,102.99,8.0,0.0734281780633318,-0.05470399265718229,0.018724185406149507,"unreviewed; may be legitimate special cash dividend, spin distribution, or data error"
Mattel  Inc,Consumer Goods,MAT,NAS,tts-17916214,63276,tts-17916214,2010-12-01,25.84,25.62,0.83,0.032120743034055724,-0.008513931888544879,0.023606811145510775,"unreviewed; may be legitimate special cash dividend, spin distribution, or data error"
American Eagle Outfitters Inc,Consumer Goods,AEO,NYS,tts-3682397,919012,tts-3682397,2010-12-09,15.99,15.4,0.61,0.0381488430268918,-0.036898061288305195,0.001250781738586726,"unreviewed; may be legitimate special cash dividend, spin distribution, or data error"
Keurig Dr Pepper Inc,,KDP,NAS,tts-203738082,1418135,tts-203738082,2010-12-16,5.9973,5.9747,0.25,0.04168542510796525,-0.003768362429759975,0.03791706267820527,"unreviewed; may be legitimate special cash dividend, spin distribution, or data error"
VeriSign Inc,IT/Telecommunications,VRSN,NAS,tts-830966,1014473,tts-830966,2010-12-16,37.01,34.11,3.0,0.0810591731964334,-0.07835720075655228,0.0027019724398811285,"unreviewed; may be legitimate special cash dividend, spin distribution, or data error"
AstraZeneca PLC,Healthcare,AZN,NYS,tts-203249662,901832,tts-203249662,2011-02-02,12.31,11.9275,0.925,0.0751421608448416,-0.03107229894394803,0.04406986190089368,"unreviewed; may be legitimate special cash dividend, spin distribution, or data error"
Keurig Dr Pepper Inc,,KDP,NAS,tts-203738082,1418135,tts-203738082,2011-03-17,5.9554,5.9989,0.25,0.04197870839909998,0.007304295261443272,0.04928300366054339,"unreviewed; may be legitimate special cash dividend, spin distribution, or data error"
VeriSign Inc,IT/Telecommunications,VRSN,NAS,tts-830966,1014473,tts-830966,2011-05-05,36.21,34.64,2.75,0.07594587130626898,-0.043358188345760884,0.03258768296050807,"unreviewed; may be legitimate special cash dividend, spin distribution, or data error"
Garmin Ltd,Industry,GRMN,NYS,tts-237275457,1121788,tts-237275457,2011-06-13,33.54,32.55,1.6,0.04770423375074538,-0.02951699463327373,0.018187239117471554,"unreviewed; may be legitimate special cash dividend, spin distribution, or data error"
Keurig Dr Pepper Inc,,KDP,NAS,tts-203738082,1418135,tts-203738082,2011-06-16,6.5559,6.5495,0.32,0.048810994676550895,-0.0009762198935310273,0.047834774783019895,"unreviewed; may be legitimate special cash dividend, spin distribution, or data error"
AstraZeneca PLC,Healthcare,AZN,NYS,tts-203249662,901832,tts-203249662,2011-08-04,11.75,11.03,0.425,0.036170212765957444,-0.06127659574468092,-0.025106382978723363,"unreviewed; may be legitimate special cash dividend, spin distribution, or data error"
RealNetworks,IT/Telecommunications,RNWK,NAS,tts-819721,,tts-819721,2011-08-24,12.2,8.56,4.0,0.3278688524590164,-0.29836065573770487,0.029508196721311553,"unreviewed; may be legitimate special cash dividend, spin distribution, or data error"
Keurig Dr Pepper Inc,,KDP,NAS,tts-203738082,1418135,tts-203738082,2011-09-15,6.1196,6.1083,0.32,0.052290999411726255,-0.0018465259167266268,0.05044447349499959,"unreviewed; may be legitimate special cash dividend, spin distribution, or data error"
DISH Network Corporation,IT/Telecommunications,DISH,NAS,tts-832145,,tts-832145,2011-11-15,25.56,24.19,2.0,0.0782472613458529,-0.053599374021909174,0.02464788732394374,"unreviewed; may be legitimate special cash dividend, spin distribution, or data error"
Wynn Resorts Ltd,Consumer Goods,WYNN,NAS,tts-831069,1174922,tts-831069,2011-11-21,121.76,112.07,5.0,0.04106438896189225,-0.07958278580814726,-0.03851839684625502,"unreviewed; may be legitimate special cash dividend, spin distribution, or data error"
Marriott International Inc,Consumer Goods,MAR,NAS,tts-65832501,1048286,tts-65832501,2011-11-22,28.485,28.87,1.735,0.0609092504827102,0.013515885553800233,0.07442513603651046,"unreviewed; may be legitimate special cash dividend, spin distribution, or data error"
VEON Ltd. - American Depositary Shares,,VEON,NAS,tts-120075582,1468091,tts-120075582,2011-11-29,293.25,284.5,9.3125,0.03175618073316283,-0.02983802216538789,0.0019181585677749968,"unreviewed; may be legitimate special cash dividend, spin distribution, or data error"
Keurig Dr Pepper Inc,,KDP,NAS,tts-203738082,1418135,tts-203738082,2011-12-15,6.0826,6.1502,0.32,0.052609081642718575,0.011113668497024332,0.06372275013974282,"unreviewed; may be legitimate special cash dividend, spin distribution, or data error"
Expedia Group Inc,IT/Telecommunications,EXPE,NAS,tts-828861,1324424,tts-828861,2011-12-21,28.55,27.89,1.7,0.0595446584938704,-0.023117338003502685,0.03642732049036779,"unreviewed; may be legitimate special cash dividend, spin distribution, or data error"
AstraZeneca PLC,Healthcare,AZN,NYS,tts-203249662,901832,tts-203249662,2012-02-15,11.8975,11.305,0.975,0.08194998949359109,-0.04980037823072081,0.0321496112628703,"unreviewed; may be legitimate special cash dividend, spin distribution, or data error"
Keurig Dr Pepper Inc,,KDP,NAS,tts-203738082,1418135,tts-203738082,2012-03-15,6.2227,6.1905,0.34,0.05463866167419288,-0.005174602664438144,0.04946405900975459,"unreviewed; may be legitimate special cash dividend, spin distribution, or data error"
Ericsson - American Depositary Shares each representing 1 underlying Class B share,IT/Telecommunications,ERIC,NAS,tts-4794202,717826,tts-4794202,2012-05-04,9.59,9.22,0.3779,0.03940563086548488,-0.03858185610010423,0.0008237747653807581,"unreviewed; may be legitimate special cash dividend, spin distribution, or data error"
VEON Ltd. - American Depositary Shares,,VEON,NAS,tts-120075582,1468091,tts-120075582,2012-05-30,202.75,188.5,6.9375,0.034217016029593095,-0.07028360049321825,-0.036066584463625206,"unreviewed; may be legitimate special cash dividend, spin distribution, or data error"
Keurig Dr Pepper Inc,,KDP,NAS,tts-203738082,1418135,tts-203738082,2012-06-14,6.9584,6.9021,0.34,0.04886180731202575,-0.008090940446079609,0.04077086686594611,"unreviewed; may be legitimate special cash dividend, spin distribution, or data error"
AstraZeneca PLC,Healthcare,AZN,NYS,tts-203249662,901832,tts-203249662,2012-08-08,12.0275,11.7975,0.45,0.03741425898981501,-0.019122843483683316,0.01829141550613178,"unreviewed; may be legitimate special cash dividend, spin distribution, or data error"
Keurig Dr Pepper Inc,,KDP,NAS,tts-203738082,1418135,tts-203738082,2012-09-13,7.2192,7.3094,0.34,0.04709663120567376,0.012494459219858145,0.0595910904255319,"unreviewed; may be legitimate special cash dividend, spin distribution, or data error"
Logitech International S.A. - Registered Shares,IT/Telecommunications,LOGI,NAS,tts-829549,1032975,tts-829549,2012-09-13,10.09,9.29,1.58,0.1565906838453915,-0.07928642220019833,0.0773042616451931,"unreviewed; may be legitimate special cash dividend, spin distribution, or data error"
American Eagle Outfitters Inc,Consumer Goods,AEO,NYS,tts-3682397,919012,tts-3682397,2012-09-24,23.18,21.43,1.61,0.06945642795513374,-0.0754961173425367,-0.006039689387402958,"unreviewed; may be legitimate special cash dividend, spin distribution, or data error"
Wynn Resorts Ltd,Consumer Goods,WYNN,NAS,tts-831069,1174922,tts-831069,2012-11-05,120.798,111.52,8.0,0.0662262620242057,-0.07680590738257265,-0.010579645358366863,"unreviewed; may be legitimate special cash dividend, spin distribution, or data error"
"Ryanair Holdings plc - American Depositary Shares, each representing five Ordinary Shares",,RYAAY,NAS,tts-830379,1038683,tts-830379,2012-11-14,14.43284,13.62052,0.9058461312,0.06276284717352926,-0.056282755161146336,0.006480092012382865,"unreviewed; may be legitimate special cash dividend, spin distribution, or data error"
ASML Holding NV,IT/Telecommunications,ASML,NAS,tts-827847,937966,tts-827847,2012-11-29,76.9658,62.46,15.4026,0.20012265187914632,-0.18847072336024573,0.011651928518900512,"unreviewed; may be legitimate special cash dividend, spin distribution, or data error"
ASML Holding NV,IT/Telecommunications,ASML,NAS,tts-827847,937966,tts-827847,2012-12-03,62.57,62.51,11.862,0.18957967076873902,-0.0009589260028768365,0.18862074476586232,"unreviewed; may be legitimate special cash dividend, spin distribution, or data error"
Costco Wholesale Corporation,Consumer Goods,COST,NAS,tts-828403,909832,tts-828403,2012-12-06,105.9483,98.47,7.0,0.06606996053735642,-0.07058442655521613,-0.004514466017859653,"unreviewed; may be legitimate special cash dividend, spin distribution, or data error"
Keurig Dr Pepper Inc,,KDP,NAS,tts-203738082,1418135,tts-203738082,2012-12-13,7.274,7.1532,0.34,0.04674182018146825,-0.016607093758592262,0.030134726422875957,"unreviewed; may be legitimate special cash dividend, spin distribution, or data error"
Monolithic Power Systems Inc,IT/Telecommunications,MPWR,NAS,tts-2098957,1280452,tts-2098957,2012-12-19,22.25,21.5,1.0,0.0449438202247191,-0.0337078651685393,0.011235955056179803,"unreviewed; may be legitimate special cash dividend, spin distribution, or data error"
VEON Ltd. - American Depositary Shares,,VEON,NAS,tts-120075582,1468091,tts-120075582,2012-12-24,271.25,263.75,33.0,0.12165898617511521,-0.027649769585253448,0.09400921658986183,"unreviewed; may be legitimate special cash dividend, spin distribution, or data error"
AstraZeneca PLC,Healthcare,AZN,NYS,tts-203249662,901832,tts-203249662,2013-02-13,11.855,11.465,0.95,0.0801349641501476,-0.032897511598481755,0.04723745255166589,"unreviewed; may be legitimate special cash dividend, spin distribution, or data error"
Keurig Dr Pepper Inc,,KDP,NAS,tts-203738082,1418135,tts-203738082,2013-03-13,7.1468,7.0389,0.38,0.05317064980130968,-0.015097666088319195,0.038072983712990505,"unreviewed; may be legitimate special cash dividend, spin distribution, or data error"
Ericsson - American Depositary Shares each representing 1 underlying Class B share,IT/Telecommunications,ERIC,NAS,tts-4794202,717826,tts-4794202,2013-04-10,12.44,12.14,0.4202,0.03377813504823152,-0.024115755627009516,0.009662379421221834,"unreviewed; may be legitimate special cash dividend, spin distribution, or data error"
VEON Ltd. - American Depositary Shares,,VEON,NAS,tts-120075582,1468091,tts-120075582,2013-04-25,306.25,288.25,31.6625,0.10338775510204082,-0.05877551020408167,0.04461224489795934,"unreviewed; may be legitimate special cash dividend, spin distribution, or data error"
Keurig Dr Pepper Inc,,KDP,NAS,tts-203738082,1418135,tts-203738082,2013-06-13,7.567,7.5364,0.38,0.05021805206819083,-0.004043874719175333,0.04617417734901541,"unreviewed; may be legitimate special cash dividend, spin distribution, or data error"
AstraZeneca PLC,Healthcare,AZN,NYS,tts-203249662,901832,tts-203249662,2013-08-14,12.8525,12.5575,0.45,0.03501264345458083,-0.02295273293133626,0.0120599105232444,"unreviewed; may be legitimate special cash dividend, spin distribution, or data error"
Keurig Dr Pepper Inc,,KDP,NAS,tts-203738082,1418135,tts-203738082,2013-09-12,7.1339,7.1742,0.38,0.053266796562889865,0.005649083951274836,0.05891588051416474,"unreviewed; may be legitimate special cash dividend, spin distribution, or data error"
VEON Ltd. - American Depositary Shares,,VEON,NAS,tts-120075582,1468091,tts-120075582,2013-11-14,320.5,311.75,18.625,0.05811232449297972,-0.027301092043681696,0.030811232449297954,"unreviewed; may be legitimate special cash dividend, spin distribution, or data error"
Keurig Dr Pepper Inc,,KDP,NAS,tts-203738082,1418135,tts-203738082,2013-12-12,7.7779,7.6153,0.38,0.04885637511410535,-0.020905385772509222,0.027950989341596122,"unreviewed; may be legitimate special cash dividend, spin distribution, or data error"
AstraZeneca PLC,Healthcare,AZN,NYS,tts-203249662,901832,tts-203249662,2014-02-19,17.0375,16.445,0.95,0.0557593543653705,-0.0347762289068233,0.020983125458547303,"unreviewed; may be legitimate special cash dividend, spin distribution, or data error"
Liberty Global Ltd. - Class A Common Shares,,LBTYA,NAS,tts-1784188,1570585,tts-1784188,2014-03-04,40.9857,40.9336,41.545,1.0136462229509318,-0.0012711750683775946,1.012375047882554,"unreviewed; may be legitimate special cash dividend, spin distribution, or data error"
Keurig Dr Pepper Inc,,KDP,NAS,tts-203738082,1418135,tts-203738082,2014-03-13,8.5314,8.3495,0.41,0.04805776308694939,-0.021321236842722024,0.0267365262442274,"unreviewed; may be legitimate special cash dividend, spin distribution, or data error"
Alphabet A,,GOOGL,NAS,tts-71625495,1652044,tts-71625495,2014-04-03,28.3775,28.575,28.398585,1.0007430182362786,0.006959739230023798,1.0077027574663022,"unreviewed; may be legitimate special cash dividend, spin distribution, or data error"
Keurig Dr Pepper Inc,,KDP,NAS,tts-203738082,1418135,tts-203738082,2014-06-12,9.3734,9.3139,0.41,0.043740798429598646,-0.00634775001600274,0.03739304841359603,"unreviewed; may be legitimate special cash dividend, spin distribution, or data error"
Discovery,IT/Telecommunications,DISCK,NAS,tts-15427298,,tts-15427298,2014-08-07,40.61,39.78,39.78,0.9795616843142083,-0.020438315685791686,0.9591233686284166,"unreviewed; may be legitimate special cash dividend, spin distribution, or data error"
Discovery,IT/Telecommunications,DISCA,NAS,tts-3103596,,tts-3103596,2014-08-07,41.51,40.975,39.0044,0.9396386412912551,-0.012888460611900632,0.9267501806793543,"unreviewed; may be legitimate special cash dividend, spin distribution, or data error"
Keurig Dr Pepper Inc,,KDP,NAS,tts-203738082,1418135,tts-203738082,2014-09-11,10.0963,10.1108,0.41,0.04060893594683201,0.0014361696859246376,0.04204510563275665,"unreviewed; may be legitimate special cash dividend, spin distribution, or data error"
Automatic Data Processing Inc,Finance,ADP,NAS,tts-15888595,8670,tts-15888595,2014-10-01,72.8836,71.42,9.8219,0.13476145525193595,-0.02008133517005195,0.11468012008188389,"unreviewed; may be legitimate special cash dividend, spin distribution, or data error"
Equinix Inc,,EQIX,NAS,tts-828800,1101239,tts-828800,2014-10-23,200.46,197.73,7.5737,0.03778160231467624,-0.013618677042801619,0.02416292527187469,"unreviewed; may be legitimate special cash dividend, spin distribution, or data error"
VEON Ltd. - American Depositary Shares,,VEON,NAS,tts-120075582,1468091,tts-120075582,2014-11-25,151.375,147.0,7.375,0.04872006606110652,-0.028901734104046284,0.019818331957060176,"unreviewed; may be legitimate special cash dividend, spin distribution, or data error"
KLA Corporation,IT/Telecommunications,KLAC,NAS,tts-832472,319201,tts-832472,2014-11-26,8.418,6.7335,1.65,0.19600855310049894,-0.20010691375623657,-0.004098360655737654,"unreviewed; may be legitimate special cash dividend, spin distribution, or data error"
Keurig Dr Pepper Inc,,KDP,NAS,tts-203738082,1418135,tts-203738082,2014-12-11,11.4696,11.4358,0.41,0.03574666945665062,-0.0029469205552067335,0.03279974890144399,"unreviewed; may be legitimate special cash dividend, spin distribution, or data error"
Costco Wholesale Corporation,Consumer Goods,COST,NAS,tts-828403,909832,tts-828403,2015-02-05,155.92,149.09,5.0,0.03206772703950744,-0.04380451513596706,-0.011736788096459616,"unreviewed; may be legitimate special cash dividend, spin distribution, or data error"
"Ryanair Holdings plc - American Depositary Shares, each representing five Ordinary Shares",,RYAAY,NAS,tts-830379,1038683,tts-830379,2015-02-11,26.4082,25.68616,0.87253331152,0.033040241724918776,-0.02734150756204512,0.005698734162873809,"unreviewed; may be legitimate special cash dividend, spin distribution, or data error"
AstraZeneca PLC,Healthcare,AZN,NYS,tts-203249662,901832,tts-203249662,2015-02-18,17.4025,16.89,0.94,0.054015227697169946,-0.02944979169659523,0.024565436000574703,"unreviewed; may be legitimate special cash dividend, spin distribution, or data error"
Keurig Dr Pepper Inc,,KDP,NAS,tts-203738082,1418135,tts-203738082,2015-03-12,12.3761,12.4872,0.48,0.03878443128287587,0.008976979824015574,0.04776141110689158,"unreviewed; may be legitimate special cash dividend, spin distribution, or data error"
Keurig Dr Pepper Inc,,KDP,NAS,tts-203738082,1418135,tts-203738082,2015-06-11,11.9204,11.9414,0.48,0.04026710513070031,0.0017616858494680088,0.04202879098016843,"unreviewed; may be legitimate special cash dividend, spin distribution, or data error"
Ross Stores Inc,Consumer Goods,ROST,NAS,tts-830361,745732,tts-830361,2015-06-12,48.93,48.53,2.0,0.04087471898630697,-0.008174943797261358,0.032699775189045654,"unreviewed; may be legitimate special cash dividend, spin distribution, or data error"
Liberty Global Ltd. - Class A Common Shares,,LBTYA,NAS,tts-1784188,1570585,tts-1784188,2015-07-02,51.4693,50.7,3.0,0.058287173130390356,-0.014946774096402993,0.04334039903398734,"unreviewed; may be legitimate special cash dividend, spin distribution, or data error"
eBay Inc,IT/Telecommunications,EBAY,NAS,tts-832177,1065088,tts-832177,2015-07-20,26.8903,28.57,38.39,1.427652350475822,0.06246490370133473,1.4901172541771572,"unreviewed; may be legitimate special cash dividend, spin distribution, or data error"
Viavi Solutions Inc,,VIAV,NAS,tts-92502185,912093,tts-92502185,2015-08-04,6.8802,6.24,4.69,0.6816662306328305,-0.09304962065056255,0.5886166099822678,"unreviewed; may be legitimate special cash dividend, spin distribution, or data error"
Keurig Dr Pepper Inc,,KDP,NAS,tts-203738082,1418135,tts-203738082,2015-09-10,12.2392,12.228,0.48,0.03921824955879469,-0.000915092489705227,0.03830315706908949,"unreviewed; may be legitimate special cash dividend, spin distribution, or data error"
PDL BioPharma,Healthcare,PDLI,NAS,tts-818528,882104,tts-818528,2015-09-11,4.9344,4.9344,0.15,0.030398832684824902,0.0,0.030398832684825017,"unreviewed; may be legitimate special cash dividend, spin distribution, or data error"
Equinix Inc,,EQIX,NAS,tts-828800,1101239,tts-828800,2015-10-06,283.44,271.55,10.95,0.03863251481795089,-0.04194891335026807,-0.003316398532317244,"unreviewed; may be legitimate special cash dividend, spin distribution, or data error"
Keurig Dr Pepper Inc,,KDP,NAS,tts-203738082,1418135,tts-203738082,2015-12-10,14.6413,14.6639,0.48,0.03278397410066046,0.001543578780572874,0.034327552881233236,"unreviewed; may be legitimate special cash dividend, spin distribution, or data error"
PDL BioPharma,Healthcare,PDLI,NAS,tts-818528,882104,tts-818528,2015-12-11,3.4559,3.3173,0.15,0.04340403368153013,-0.04010532712173398,0.0032987065597962495,"unreviewed; may be legitimate special cash dividend, spin distribution, or data error"
AstraZeneca PLC,Healthcare,AZN,NYS,tts-203249662,901832,tts-203249662,2016-02-17,30.31,30.06,0.93,0.030682942923127683,-0.008248102936324608,0.022434839986803068,"unreviewed; may be legitimate special cash dividend, spin distribution, or data error"
NortonLifeLock,,NLOK,NAS,tts-177780551,849399,tts-177780551,2016-03-04,20.52,16.62,4.0,0.19493177387914232,-0.1900584795321637,0.004873294346978696,"unreviewed; may be legitimate special cash dividend, spin distribution, or data error"
Keurig Dr Pepper Inc,,KDP,NAS,tts-203738082,1418135,tts-203738082,2016-03-11,14.8313,14.6574,0.53,0.03573523561656766,-0.011725202780605848,0.024010032835961814,"unreviewed; may be legitimate special cash dividend, spin distribution, or data error"
Seagate Technology Holdings PLC,,STX,NAS,tts-15401130,1137789,tts-15401130,2016-05-06,20.01,19.07,0.63,0.031484257871064465,-0.04697651174412798,-0.015492253873063633,"unreviewed; may be legitimate special cash dividend, spin distribution, or data error"
Keurig Dr Pepper Inc,,KDP,NAS,tts-203738082,1418135,tts-203738082,2016-06-10,14.8716,14.8474,0.53,0.03563839802038785,-0.001627262702063037,0.03401113531832478,"unreviewed; may be legitimate special cash dividend, spin distribution, or data error"
Keurig Dr Pepper Inc,,KDP,NAS,tts-203738082,1418135,tts-203738082,2016-09-09,14.9714,14.4642,0.53,0.03540083091761626,-0.03387792724795269,0.0015229036696635667,"unreviewed; may be legitimate special cash dividend, spin distribution, or data error"
Keurig Dr Pepper Inc,,KDP,NAS,tts-203738082,1418135,tts-203738082,2016-12-09,14.1245,14.4642,0.53,0.0375234521575985,0.024050408864030537,0.061573861021628984,"unreviewed; may be legitimate special cash dividend, spin distribution, or data error"
Qiagen N.V. Common Shares,,QGEN,NYS,tts-133282628,1015820,tts-133282628,2017-01-25,31.2421052631579,30.4947368421053,1.09473684210526,0.03504043126684625,-0.023921832884095995,0.0111185983827502,"unreviewed; may be legitimate special cash dividend, spin distribution, or data error"
Citrix Systems,IT/Telecommunications,CTXS,NAS,tts-828516,,tts-828516,2017-02-01,72.6151,71.24,18.5716,0.25575396852720717,-0.018936832697331596,0.23681713582987562,"unreviewed; may be legitimate special cash dividend, spin distribution, or data error"
AstraZeneca PLC,Healthcare,AZN,NYS,tts-203249662,901832,tts-203249662,2017-02-15,29.59,28.84,0.93,0.03142953700574518,-0.025346400811084857,0.006083136194660277,"unreviewed; may be legitimate special cash dividend, spin distribution, or data error"
Keurig Dr Pepper Inc,,KDP,NAS,tts-203738082,1418135,tts-203738082,2017-03-10,15.229,15.2515,0.58,0.03808523212292337,0.0014774443495961798,0.03956267647251965,"unreviewed; may be legitimate special cash dividend, spin distribution, or data error"
VEON Ltd. - American Depositary Shares,,VEON,NAS,tts-120075582,1468091,tts-120075582,2017-03-28,102.25,98.0,3.6475,0.03567237163814181,-0.041564792176039145,-0.005892420537897403,"unreviewed; may be legitimate special cash dividend, spin distribution, or data error"
Costco Wholesale Corporation,Consumer Goods,COST,NAS,tts-828403,909832,tts-828403,2017-05-08,180.2,172.64,7.0,0.0388457269700333,-0.04195338512763602,-0.003107658157602722,"unreviewed; may be legitimate special cash dividend, spin distribution, or data error"
Keurig Dr Pepper Inc,,KDP,NAS,tts-203738082,1418135,tts-203738082,2017-06-12,14.7154,14.9183,0.58,0.03941449094146268,0.013788276227625351,0.05320276716908823,"unreviewed; may be legitimate special cash dividend, spin distribution, or data error"
Baker Hughes Company,,BKR,NAS,tts-234941877,1701605,tts-234941877,2017-07-05,57.68,37.25,17.5,0.30339805825242716,-0.3541955617198336,-0.05079750346740641,"unreviewed; may be legitimate special cash dividend, spin distribution, or data error"
Keurig Dr Pepper Inc,,KDP,NAS,tts-203738082,1418135,tts-203738082,2017-09-13,14.8506,14.7685,0.58,0.03905566105073195,-0.005528396159077742,0.03352726489165425,"unreviewed; may be legitimate special cash dividend, spin distribution, or data error"
Keurig Dr Pepper Inc,,KDP,NAS,tts-203738082,1418135,tts-203738082,2017-12-13,15.1598,15.0954,0.58,0.038259079935091485,-0.004248077151413621,0.034011002783677746,"unreviewed; may be legitimate special cash dividend, spin distribution, or data error"
VEON Ltd. - American Depositary Shares,,VEON,NAS,tts-120075582,1468091,tts-120075582,2018-03-02,75.5,71.75,3.18,0.042119205298013246,-0.04966887417218546,-0.0075496688741720774,"unreviewed; may be legitimate special cash dividend, spin distribution, or data error"
Keurig Dr Pepper Inc,,KDP,NAS,tts-203738082,1418135,tts-203738082,2018-03-20,19.056,19.0624,0.58,0.030436607892527286,0.0003358522250209717,0.030772460117548084,"unreviewed; may be legitimate special cash dividend, spin distribution, or data error"
Keurig Dr Pepper Inc,,KDP,NAS,tts-203738082,1418135,tts-203738082,2018-07-10,19.9093,22.19,103.75,5.2111324858232075,0.11455450467871797,5.325686990501926,"unreviewed; may be legitimate special cash dividend, spin distribution, or data error"
VEON Ltd. - American Depositary Shares,,VEON,NAS,tts-120075582,1468091,tts-120075582,2018-08-13,70.0,66.25,2.3575,0.033678571428571426,-0.0535714285714286,-0.019892857142857157,"unreviewed; may be legitimate special cash dividend, spin distribution, or data error"
PACCAR Inc,Industry,PCAR,NAS,tts-830133,75362,tts-830133,2018-12-13,38.94,38.2067,1.33333333333333,0.034240712206813816,-0.018831535695942425,0.015409176510871259,"unreviewed; may be legitimate special cash dividend, spin distribution, or data error"
VEON Ltd. - American Depositary Shares,,VEON,NAS,tts-120075582,1468091,tts-120075582,2019-03-07,62.5,59.25,3.34,0.053439999999999994,-0.052000000000000046,0.0014400000000001079,"unreviewed; may be legitimate special cash dividend, spin distribution, or data error"
VEON Ltd. - American Depositary Shares,,VEON,NAS,tts-120075582,1468091,tts-120075582,2019-08-13,69.5,67.25,2.7225,0.0391726618705036,-0.03237410071942448,0.006798561151079019,"unreviewed; may be legitimate special cash dividend, spin distribution, or data error"
TripAdvisor Inc,IT/Telecommunications,TRIP,NAS,tts-36804965,1526520,tts-36804965,2019-11-19,31.61,28.38,3.5,0.11072445428661816,-0.10218285352736478,0.008541600759253365,"unreviewed; may be legitimate special cash dividend, spin distribution, or data error"
VEON Ltd. - American Depositary Shares,,VEON,NAS,tts-120075582,1468091,tts-120075582,2020-02-26,56.0,55.0,2.875,0.05133928571428571,-0.017857142857142905,0.033482142857142794,"unreviewed; may be legitimate special cash dividend, spin distribution, or data error"
Qurate Retail Inc,,QRTEA,NAS,tts-137012693,1355096,tts-137012693,2020-09-15,10.94,6.16,1.5,0.13711151736745888,-0.4369287020109689,-0.29981718464351004,"unreviewed; may be legitimate special cash dividend, spin distribution, or data error"
Qurate Retail Inc,,QRTEA,NAS,tts-137012693,1355096,tts-137012693,2020-11-27,11.59,11.03,1.5,0.12942191544434858,-0.04831751509922355,0.08110440034512512,"unreviewed; may be legitimate special cash dividend, spin distribution, or data error"
SiriusXM Holdings Inc.,,SIRI,NAS,tts-830484,908937,tts-830484,2022-02-10,68.6,63.3,2.72,0.03965014577259476,-0.07725947521865884,-0.0376093294460641,"unreviewed; may be legitimate special cash dividend, spin distribution, or data error"
Thomson Reuters Corporation,,TRI,NAS,tts-827441,1075124,tts-827441,2023-06-23,132.70902738279,135.695132851223,4.92097993012107,0.037080973519057175,0.022501148017759043,0.05958212153681619,"unreviewed; may be legitimate special cash dividend, spin distribution, or data error"
PACCAR Inc,Industry,PCAR,NAS,tts-830133,75362,tts-830133,2023-12-14,98.06,95.81,3.2,0.03263308178666123,-0.022945135631246227,0.009687946155415128,"unreviewed; may be legitimate special cash dividend, spin distribution, or data error"
Flex Ltd,IT/Telecommunications,FLEX,NAS,tts-832265,866374,tts-832265,2024-01-03,30.3,23.74,6.229,0.20557755775577558,-0.21650165016501655,-0.01092409240924097,"unreviewed; may be legitimate special cash dividend, spin distribution, or data error"
Vodafone Group Plc - American Depositary Shares each representing ten Ordinary Shares,IT/Telecommunications,VOD,NAS,tts-17917826,839923,tts-17917826,2024-06-07,9.61,9.0,0.4861,0.050582726326742974,-0.06347554630593122,-0.01289281997918823,"unreviewed; may be legitimate special cash dividend, spin distribution, or data error"
Comcast Corporation,IT/Telecommunications,CMCSA,NAS,tts-828340,1166691,tts-828340,2026-01-05,27.6850984067479,28.13,1.6228,0.058616371022342566,0.0160700744752873,0.07468644549762993,"unreviewed; may be legitimate special cash dividend, spin distribution, or data error"
Qiagen N.V. Common Shares,,QGEN,NYS,tts-133282628,1015820,tts-133282628,2026-01-08,49.8,48.45,2.29,0.04598393574297189,-0.027108433734939652,0.01887550200803223,"unreviewed; may be legitimate special cash dividend, spin distribution, or data error"
"JD.com, Inc. - American Depositary Shares",IT/Telecommunications,JD,NAS,tts-72890301,1549802,tts-72890301,2026-04-09,29.05,28.34,1.0,0.03442340791738382,-0.024440619621342585,0.009982788296041267,"unreviewed; may be legitimate special cash dividend, spin distribution, or data error"
Honeywell International Inc,,HON,NAS,tts-219587327,773840,tts-219587327,2026-06-29,232.21,227.8,110.505,0.4758838981955988,-0.01899143017096594,0.4568924680246329,"unreviewed; may be legitimate special cash dividend, spin distribution, or data error"
