name,sector,symbol,exchange,id,cik,FIGI,first_price,last_price,price_count,liquid_days,first_liquid,last_liquid,dividend_days,max_dividend
"Atlanta Braves Holdings, Inc. - Series A Common Stock",,BATRA,NAS,tts-104028640,1958140,tts-104028640,2016-04-18,2026-09-30,2629,0,,,0,0.0
"Atlanta Braves Holdings, Inc. - Series C Common Stock",,BATRK,NAS,tts-104028642,1958140,tts-104028642,2016-04-18,2026-09-30,2629,0,,,0,0.0
Biogen Inc,Healthcare,BIIB,NAS,tts-1076458,875045,tts-1076458,2010-09-01,2026-09-30,4042,3848,2010-09-01,2025-12-19,0,0.0
The Trade Desk Inc,,TTD,NAS,tts-110325346,1671933,tts-110325346,2016-09-22,2026-09-30,2519,606,2023-07-25,2025-12-19,0,0.0
DTE Energy Co,,DTV,NYS,tts-111093294,,tts-111093294,2016-10-03,2019-09-30,748,0,,,0,0.0
Lululemon Athletica Inc,Consumer Goods,LULU,NAS,tts-11159809,1397187,tts-11159809,2010-09-01,2026-09-30,4044,3850,2010-09-01,2025-12-19,0,0.0
MercadoLibre Inc,IT/Telecommunications,MELI,NAS,tts-11222722,1099590,tts-11222722,2010-09-01,2026-09-30,4044,4044,2010-09-01,2026-09-30,28,0.166
SUN MICROSYSTEMS INC,,JAVA,NAS,tts-11317091,709519,tts-11317091,,,0,0,,,0,0.0
Liberty Media Corporation - Series A Common Stock,,FWONA,NAS,tts-117027845,1560385,tts-117027845,2016-04-19,2026-09-30,2625,0,,,0,0.0
Liberty Media Corporation - Series C Common Stock,,FWONK,NAS,tts-117027846,1560385,tts-117027846,2016-04-19,2026-09-30,2628,0,,,0,0.0
Ulta Beauty Inc,Consumer Goods,ULTA,NAS,tts-11704179,1403568,tts-11704179,2010-09-01,2026-09-30,4044,0,,,1,1.0
VEON Ltd. - American Depositary Shares,,VEON,NAS,tts-120075582,1468091,tts-120075582,2010-09-01,2026-09-30,4044,0,,,19,33.0
Okta Inc,,OKTA,NAS,tts-120195246,1660134,tts-120195246,2017-04-07,2026-09-30,2383,1416,2017-04-07,2022-11-18,0,0.0
DIRECTV,IT/Telecommunications,DTV,NAS,tts-12035732,1465112,tts-12035732,2010-09-01,2015-07-24,1232,0,,,0,0.0
Axon Enterprise,,AXON,NAS,tts-127281511,1069183,tts-127281511,2010-09-01,2026-09-30,4032,443,2024-12-23,2026-09-30,0,0.0
Workday Inc,IT/Telecommunications,WDAY,NAS,tts-127962865,1327811,tts-127962865,2012-10-15,2026-09-30,3509,3509,2012-10-15,2026-09-30,0,0.0
BlackBerry Limited Common Stock,IT/Telecommunications,BB,NYS,tts-129193787,1070235,tts-129193787,2010-09-01,2026-09-30,4044,0,,,0,0.0
"MongoDB, Inc. - Class A Common Stock",,MDB,NAS,tts-129307390,1441816,tts-129307390,2017-10-20,2026-09-30,2247,354,2023-12-18,2025-05-16,0,0.0
Altair Engineering Inc,IT/Telecommunications,ALTR,NAS,tts-130097863,768251,tts-130097863,2010-09-01,2017-11-01,1340,0,,,13,0.18
Norwegian Cruise Line Holdings Ltd,Consumer Goods,NCLH,NYS,tts-132399257,1513761,tts-132399257,2013-01-18,2026-09-30,3445,0,,,0,0.0
PepsiCo Inc,Consumer Goods,PEP,NAS,tts-132468358,77476,tts-132468358,2010-09-01,2026-09-30,4044,4044,2010-09-01,2026-09-30,63,1.48
Xcel Energy Inc,Energy,XEL,NAS,tts-132814882,72903,tts-132814882,2010-09-01,2026-09-30,4044,4044,2010-09-01,2026-09-30,66,0.5925
Qiagen N.V. Common Shares,,QGEN,NYS,tts-133282628,1015820,tts-133282628,2010-09-01,2026-09-30,4043,0,,,5,2.29
Steel Connect Inc,,STCN,NAS,tts-136266149,914712,tts-136266149,2010-09-01,2025-01-02,3604,0,,,0,0.0
Booking Holdings Inc,,BKNG,NAS,tts-136266150,1075531,tts-136266150,2010-09-01,2026-09-30,4044,4044,2010-09-01,2026-09-30,11,0.42
Qurate Retail Inc,,QRTEA,NAS,tts-137012693,1355096,tts-137012693,2010-09-01,2025-02-21,3641,0,,,2,1.5
Zscaler Inc,,ZS,NAS,tts-137190768,1713683,tts-137190768,2018-03-16,2026-09-30,2147,2076,2018-03-16,2026-06-18,0,0.0
CA INC,IT/Telecommunications,CA,NAS,tts-14011355,356028,tts-14011355,2010-09-01,2018-11-02,2059,0,,,11,0.255
DocuSign Inc,,DOCU,NAS,tts-140322345,1261333,tts-140322345,2018-04-27,2026-09-30,2118,1170,2018-04-27,2022-12-16,0,0.0
Moderna Inc,,MRNA,NAS,tts-14359676,1682852,tts-14359676,2018-12-07,2026-09-30,1962,1519,2018-12-07,2024-12-20,0,0.0
PDD Holdings Inc,,PDD,NAS,tts-146910073,1737806,tts-146910073,2018-07-26,2026-09-30,2055,2055,2018-07-26,2026-09-30,0,0.0
United Airlines Holdings Inc,Consumer Goods,UAL,NAS,tts-149357573,100517,tts-149357573,2010-10-01,2026-09-30,4023,0,,,0,0.0
Seagate Technology Holdings PLC,,STX,NAS,tts-15401130,1137789,tts-15401130,2010-09-01,2026-09-30,4032,194,2025-12-22,2026-09-30,62,0.74
Discovery,IT/Telecommunications,DISCK,NAS,tts-15427298,,tts-15427298,2010-09-01,2022-04-07,2921,0,,,1,39.78
Dell Technologies Inc,,DELL,NYS,tts-157040141,1571996,tts-157040141,2018-12-24,2026-09-30,1952,0,,,18,0.63
Teradyne Inc,IT/Telecommunications,TER,NAS,tts-158183018,97210,tts-158183018,2010-09-01,2026-09-30,4032,71,2026-06-22,2026-09-30,50,0.13
Automatic Data Processing Inc,Finance,ADP,NAS,tts-15888595,8670,tts-15888595,2010-09-01,2026-09-30,4043,4043,2010-09-01,2026-09-30,66,9.8219
"Twenty-First Century Fox, Inc. - Class B",,TFCF,NAS,tts-161284558,,tts-161284558,2010-09-01,2019-03-19,2150,0,,,1,0.005
"Twenty-First Century Fox, Inc.",,TFCFA,NAS,tts-161284560,1308161,tts-161284560,2010-09-01,2019-03-19,2150,0,,,1,0.005
"Monster Worldwide, Inc.",Industry,MWW,NYS,tts-16189359,1020416,tts-16189359,2010-09-01,2016-10-31,1553,0,,,0,0.0
"Zoom Communications, Inc. - Class A Common Stock",,ZM,NAS,tts-163839424,1585521,tts-163839424,2019-04-18,2026-09-30,1873,1175,2019-04-18,2023-12-15,0,0.0
CrowdStrike Holdings Inc,,CRWD,NAS,tts-167018563,1535527,tts-167018563,2019-06-12,2026-09-30,1836,1836,2019-06-12,2026-09-30,0,0.0
Mylan NV,,MYL,NAS,tts-16784810,1623613,tts-16784810,2010-09-01,2020-11-16,2571,0,,,0,0.0
Datadog Inc,,DDOG,NAS,tts-174002103,1561550,tts-174002103,2019-09-19,2026-09-30,1767,1767,2019-09-19,2026-09-30,0,0.0
"Peloton Interactive, Inc.",,PTON,NAS,tts-174238383,1639825,tts-174238383,2019-09-26,2026-09-30,1762,0,,,0,0.0
ADC Therapeutics SA Common Shares,,ADCT,NYS,tts-175090367,1771910,tts-175090367,2020-05-18,2026-09-30,1601,0,,,0,0.0
Exelon Corporation,Energy,EXC,NAS,tts-175405676,1109357,tts-175405676,2010-09-01,2026-09-30,4044,4044,2010-09-01,2026-09-30,66,0.42
Trip.com Group Limited - American Depositary Shares,,TCOM,NAS,tts-177780548,1269238,tts-177780548,2010-09-01,2026-09-30,4044,0,,,1,0.3
NortonLifeLock,,NLOK,NAS,tts-177780551,849399,tts-177780551,2010-09-01,2022-11-04,3067,0,,,35,4.0
"Alnylam Pharmaceuticals, Inc.",Healthcare,ALNY,NAS,tts-1781672,1178670,tts-1781672,2010-09-01,2026-09-30,4031,194,2025-12-22,2026-09-30,0,0.0
Liberty Global Ltd. - Class A Common Shares,,LBTYA,NAS,tts-1784188,1570585,tts-1784188,2010-09-01,2026-09-30,4044,0,,,2,41.545
Hasbro Inc,Consumer Goods,HAS,NAS,tts-17914161,46080,tts-17914161,2010-09-01,2026-09-30,4043,0,,,61,0.7
"BMC Software, Inc.",IT/Telecommunications,BMC,NAS,tts-17914522,835729,tts-17914522,2010-09-01,2013-09-10,761,0,,,0,0.0
Micron Technology Inc,IT/Telecommunications,MU,NAS,tts-17914799,723125,tts-17914799,2010-09-01,2026-09-30,4044,4044,2010-09-01,2026-09-30,20,0.15
Mattel  Inc,Consumer Goods,MAT,NAS,tts-17916214,63276,tts-17916214,2010-09-01,2026-09-30,4044,0,,,28,0.83
Vodafone Group Plc - American Depositary Shares each representing ten Ordinary Shares,IT/Telecommunications,VOD,NAS,tts-17917826,839923,tts-17917826,2010-09-01,2026-09-30,4044,0,,,5,0.4861
Perdoceo Education Corporation,,PRDO,NAS,tts-181197429,1046568,tts-181197429,2010-09-01,2026-09-30,4044,0,,,13,0.17
Super Micro Computer Inc,,SMCI,NAS,tts-181976270,1375365,tts-181976270,2010-09-01,2026-07-13,3975,107,2024-07-22,2024-12-20,0,0.0
Warner Chilcott plc,Healthcare,WCRX,NAS,tts-1839830,1323854,tts-1839830,2010-09-01,2013-09-30,775,0,,,1,0.25
Alphabet C,,GOOG,NAS,tts-1947579,1652044,tts-1947579,2014-03-28,2026-09-30,3146,3146,2014-03-28,2026-09-30,10,0.22
Verisk Analytics Inc,Industry,VRSK,NAS,tts-20189978,1442145,tts-20189978,2010-09-01,2026-09-30,4044,3973,2010-09-01,2026-06-18,29,0.5
Palantir Technologies Inc,,PLTR,NAS,tts-202005198,1321655,tts-202005198,2020-10-01,2026-09-30,1506,443,2024-12-23,2026-09-30,0,0.0
AstraZeneca PLC,Healthcare,AZN,NYS,tts-203249662,901832,tts-203249662,2010-09-01,2026-09-30,4044,3868,2010-09-01,2026-01-16,32,2.1439
Juniper Networks Inc,IT/Telecommunications,JNPR,NYS,tts-20366359,1043604,tts-20366359,2010-09-01,2025-07-01,3730,0,,,42,0.22
American Electric Power Company Inc,Energy,AEP,NAS,tts-203738081,4904,tts-203738081,2010-09-01,2026-09-30,4044,4044,2010-09-01,2026-09-30,64,0.95
Keurig Dr Pepper Inc,,KDP,NAS,tts-203738082,1418135,tts-203738082,2010-09-01,2026-09-30,4044,4044,2010-09-01,2026-09-30,64,103.75
Fortinet Inc,IT/Telecommunications,FTNT,NAS,tts-20508704,1262039,tts-20508704,2010-09-01,2026-09-30,4044,4044,2010-09-01,2026-09-30,0,0.0
Ribbit LEAP Ltd,,LEAP,NYS,tts-205658684,,tts-205658684,2010-09-01,2022-08-12,1341,0,,,0,0.0
Airbnb Inc,,ABNB,NAS,tts-207966789,1559720,tts-207966789,2020-12-10,2026-09-30,1457,1457,2020-12-10,2026-09-30,0,0.0
Space Exploration Technologies Corp,,SPCX,NAS,tts-208710142,1181412,tts-208710142,2026-06-15,2026-09-30,75,61,2026-07-07,2026-09-30,0,0.0
COMSovereign Holding Corporation,,COMS,NAS,tts-209398685,1178727,tts-209398685,2010-09-03,2024-01-30,3273,0,,,0,0.0
Monolithic Power Systems Inc,IT/Telecommunications,MPWR,NAS,tts-2098957,1280452,tts-2098957,2010-09-01,2026-09-30,4032,194,2025-12-22,2026-09-30,51,2.0
Applovin Corporation,,APP,NAS,tts-217036446,1751008,tts-217036446,2021-04-16,2026-09-30,1371,467,2024-11-18,2026-09-30,0,0.0
Honeywell International Inc,,HON,NAS,tts-219587327,773840,tts-219587327,2010-09-01,2026-09-30,4044,4044,2010-09-01,2026-09-30,65,110.505
Meta Platforms,IT/Telecommunications,META,NAS,tts-222568848,1326801,tts-222568848,2012-05-18,2026-09-30,3612,1081,2022-06-09,2026-09-30,11,0.525
"Lucid Group, Inc.",,LCID,NAS,tts-224517911,1811210,tts-224517911,2020-09-18,2026-09-30,1515,817,2020-09-18,2023-12-15,0,0.0
Rocket Lab Corporation,,RKLB,NAS,tts-226809961,1819994,tts-226809961,2020-11-27,2026-09-30,1466,71,2026-06-22,2026-09-30,0,0.0
Coca Cola Europacific Partners PLC,,CCEP,NAS,tts-228473225,1650107,tts-228473225,2010-09-01,2026-09-30,4044,698,2023-12-18,2026-09-30,48,1.62
"MiNK Therapeutics, Inc.",,INKT,NAS,tts-230505167,1840229,tts-230505167,2021-10-15,2026-09-30,1243,0,,,0,0.0
Global Foundries Inc,,GFS,NAS,tts-231055357,1709048,tts-231055357,2021-10-29,2026-09-30,1234,754,2022-12-19,2025-12-19,2,0.12
Palo Alto Networks Inc,IT/Telecommunications,PANW,NAS,tts-231697626,1327567,tts-231697626,2012-07-23,2026-09-30,3568,3568,2012-07-23,2026-09-30,0,0.0
"Rivian Automotive, Inc. - Class A Common Stock",,RIVN,NAS,tts-232151446,1874178,tts-232151446,2021-11-11,2026-09-30,1225,124,2022-12-19,2023-06-16,0,0.0
Baker Hughes Company,,BKR,NAS,tts-234941877,1701605,tts-234941877,2010-09-01,2026-09-30,4044,948,2022-12-19,2026-09-30,38,17.5
Garmin Ltd,Industry,GRMN,NYS,tts-237275457,1121788,tts-237275457,2010-09-01,2026-09-30,4044,0,,,62,1.6
Constellation Energy Corporation,,CEG,NAS,tts-239110702,1868275,tts-239110702,2022-01-20,2026-09-30,1178,1178,2022-01-20,2026-09-30,11,0.4265
Tesla Inc,Industry,TSLA,NAS,tts-23947362,1318605,tts-23947362,2010-09-01,2026-09-30,4044,4044,2010-09-01,2026-09-30,0,0.0
NXP Semiconductors NV,IT/Telecommunications,NXPI,NAS,tts-24429604,1413447,tts-24429604,2010-09-01,2026-09-30,4044,4044,2010-09-01,2026-09-30,31,1.014
Warner Brothers Discovery Inc,,WBD,NAS,tts-245373754,1437107,tts-245373754,2022-04-05,2026-09-30,1126,948,2022-12-19,2026-09-30,0,0.0
GE HealthCare Technologies Inc,,GEHC,NAS,tts-268663742,1932393,tts-268663742,2022-12-16,2026-09-30,949,832,2023-06-07,2026-09-30,12,0.035
DexCom Inc,Healthcare,DXCM,NAS,tts-2711488,1093557,tts-2711488,2010-09-01,2026-09-30,4043,4043,2010-09-01,2026-09-30,0,0.0
Roper Technologies Inc,Industry,ROP,NAS,tts-284392746,882835,tts-284392746,2010-09-01,2026-09-30,4044,698,2023-12-18,2026-09-30,63,0.91
Foster Wheeler AG.,Industry,FWLT,NAS,tts-2880955,1130385,tts-2880955,2010-09-01,2014-12-03,1072,0,,,0,0.0
ARM Holdings PLC,,ARM,NAS,tts-289578745,1973239,tts-289578745,2023-09-15,2026-09-30,763,570,2024-06-24,2026-09-30,0,0.0
DoorDash Inc,,DASH,NAS,tts-291149473,1792789,tts-291149473,2020-12-10,2026-09-30,1457,698,2023-12-18,2026-09-30,0,0.0
"Whole Foods Market, Inc.",Consumer Goods,WFM,NAS,tts-29400599,865436,tts-29400599,2010-09-01,2017-08-25,1758,0,,,8,1.1
Linde PLC,,LIN,NAS,tts-294951046,1707925,tts-294951046,2010-09-01,2026-09-30,4044,637,2024-03-18,2026-09-30,32,1.6
Xtrackers California Municipal Bonds ETF,,CA,NAS,tts-298814706,,tts-298814706,2023-12-15,2026-05-06,597,0,,,0,0.0
"Leap Wireless International, Inc.",IT/Telecommunications,LEAP,NAS,tts-2995163,1065049,tts-2995163,2010-09-01,2014-03-13,888,0,,,0,0.0
"Focus Media Holding Limited - American depositary shares, each of which represents five ordinary shares",IT/Telecommunications,FMCN,NAS,tts-3055259,1330017,tts-3055259,2010-09-01,2013-05-23,686,0,,,0,0.0
"Astera Labs, Inc.",,ALAB,NAS,tts-306428272,1736297,tts-306428272,2024-03-21,2026-09-30,634,71,2026-06-22,2026-09-30,0,0.0
Discovery,IT/Telecommunications,DISCA,NAS,tts-3103596,,tts-3103596,2010-09-01,2022-04-07,2921,0,,,1,39.0044
Ferrovial N.V.,,FER,NAS,tts-310935268,1468522,tts-310935268,2024-05-10,2026-09-30,599,194,2025-12-22,2026-09-30,7,0.649
"Baidu, Inc. - American Depositary Shares, each representing 8 ordinary share",IT/Telecommunications,BIDU,NAS,tts-3138949,1329099,tts-3138949,2010-09-01,2026-09-30,4044,3096,2010-09-01,2022-12-16,0,0.0
"GRAIL, Inc.",,GRAL,NAS,tts-315092541,1699031,tts-315092541,2024-06-13,2026-09-30,575,60,2024-06-28,2024-09-23,0,0.0
Nebius Group N.V. - Class A Ordinary Shares,IT/Telecommunications,NBIS,NAS,tts-320792105,1513845,tts-320792105,2011-05-25,2026-09-30,3185,71,2026-06-22,2026-09-30,0,0.0
Liberty Global Ltd. - Class C Common Shares,,LBTYK,NAS,tts-3250167,1570585,tts-3250167,2010-09-01,2026-09-30,4044,0,,,0,0.0
"Level 3 Communications, Inc.",IT/Telecommunications,LVLT,NYS,tts-33659182,794323,tts-33659182,2010-09-01,2017-10-31,1803,0,,,0,0.0
SanDisk Corporation,,SNDK,NAS,tts-342851559,2023554,tts-342851559,2025-02-14,2026-09-30,408,114,2026-04-20,2026-09-30,0,0.0
Cadence Design Systems Inc,IT/Telecommunications,CDNS,NAS,tts-3468716,813672,tts-3468716,2010-09-01,2026-09-30,4043,4043,2010-09-01,2026-09-30,0,0.0
"CoreWeave, Inc. - Class A Common Stock",,CRWV,NAS,tts-347224215,1769628,tts-347224215,2025-03-31,2026-09-30,378,71,2026-06-22,2026-09-30,0,0.0
ProShares S&P 500 Dynamic Buffer ETF,,FB,NYS,tts-359531590,,tts-359531590,2025-06-27,2026-09-30,317,0,,,0,0.0
Viacom,IT/Telecommunications,VIAB,NAS,tts-36228692,1339947,tts-36228692,2010-09-01,2019-12-04,2331,0,,,21,0.4
Joy Global Inc.,Industry,JOY,NYS,tts-36299719,801898,tts-36299719,2010-09-01,2017-04-05,1660,0,,,21,0.2
"Bed Bath & Beyond, Inc. Common Stock",IT/Telecommunications,BBBY,NYS,tts-367344332,1130713,tts-367344332,2010-09-01,2026-08-14,4000,0,,,0,0.0
Electronic Arts Inc,IT/Telecommunications,EA,NAS,tts-36769516,712515,tts-36769516,2010-09-01,2026-08-03,4002,4002,2010-09-01,2026-08-03,21,0.19
TripAdvisor Inc,IT/Telecommunications,TRIP,NAS,tts-36804965,1526520,tts-36804965,2011-12-08,2026-09-30,3722,0,,,1,3.5
American Eagle Outfitters Inc,Consumer Goods,AEO,NYS,tts-3682397,919012,tts-3682397,2010-09-01,2026-09-30,4044,0,,,59,1.61
Broadcom Inc,,AVGO,NAS,tts-3685519,1730168,tts-3685519,2010-09-01,2026-09-30,4043,4043,2010-09-01,2026-09-30,64,0.65
Texas Instruments Incorporated,IT/Telecommunications,TXN,NAS,tts-37090221,97476,tts-37090221,2010-09-01,2026-09-30,4044,4044,2010-09-01,2026-09-30,60,1.42
Monster Beverage Corporation,,MNST,NAS,tts-37214168,865752,tts-37214168,2010-09-01,2026-09-30,4044,4044,2010-09-01,2026-09-30,0,0.0
Fiserv Inc,IT/Telecommunications,FISV,NAS,tts-377137730,798354,tts-377137730,2010-09-01,2026-09-30,4044,3212,2010-09-01,2023-06-06,0,0.0
PIMCO US Stocks PLUS Active Bond Exchange-Traded Fund,,SPLS,NYS,tts-385731618,,tts-385731618,2026-01-20,2026-09-30,176,0,,,1,0.118
Ethos Technologies Inc. - Class A Common Stock,,LIFE,NAS,tts-387639951,1788451,tts-387639951,2026-01-30,2026-09-30,168,0,,,0,0.0
VanEck Digital Native Economy ETF,,GENZ,NAS,tts-398207769,,tts-398207769,2010-09-01,2026-09-30,4025,0,,,0,0.0
Enphase Energy Inc,Energy,ENPH,NAS,tts-40948542,1463101,tts-40948542,2012-04-02,2026-09-30,3645,269,2022-11-21,2023-12-15,0,0.0
Honeywell Aerospace Inc.,,HONA,NAS,tts-410496110,2089271,tts-410496110,2026-06-16,2026-09-30,74,51,2026-07-21,2026-09-30,0,0.0
Analog Devices Inc,IT/Telecommunications,ADI,NAS,tts-41568568,6281,tts-41568568,2010-09-01,2026-09-30,4043,4043,2010-09-01,2026-09-30,64,1.1
Splunk Inc,IT/Telecommunications,SPLK,NAS,tts-41981429,1353283,tts-41981429,2012-04-20,2024-03-15,2995,2745,2012-04-20,2024-03-15,0,0.0
"ADARx Pharmaceuticals, Inc.",,ADRX,NAS,tts-423340519,1802369,tts-423340519,2026-09-28,2026-09-30,3,0,,,0,0.0
Meta Platforms,IT/Telecommunications,FB,NAS,tts-43902240,,tts-43902240,2012-05-18,2021-12-01,2401,2401,2012-05-18,2021-12-01,0,0.0
Teva Pharmaceutical Industries Limited Ordinary Shares,Healthcare,TEVA,NYS,tts-45504153,818686,tts-45504153,2010-09-01,2026-09-30,4041,0,,,0,0.0
Western Digital Corporation,IT/Telecommunications,WDC,NAS,tts-45576417,106040,tts-45576417,2010-09-01,2026-09-30,4043,194,2025-12-22,2026-09-30,37,0.5
Ericsson - American Depositary Shares each representing 1 underlying Class B share,IT/Telecommunications,ERIC,NAS,tts-4794202,717826,tts-4794202,2010-09-01,2026-09-30,4044,0,,,22,0.4202
"Shire plc - American Depositary Shares, each representing three Ordinary Shares",Healthcare,SHPG,NAS,tts-48237583,936402,tts-48237583,2010-09-01,2019-01-04,2099,0,,,0,0.0
Catamaran Corporation,Healthcare,CTRX,NAS,tts-48237584,1363851,tts-48237584,2010-09-01,2015-07-23,1230,0,,,0,0.0
Liberty Interactive Corporation,,LVNTA,NAS,tts-49260269,1355096,tts-49260269,2012-08-13,2018-03-09,1402,0,,,0,0.0
Mondelez International Inc,Consumer Goods,MDLZ,NAS,tts-51210920,1103982,tts-51210920,2012-10-02,2026-09-30,3517,3517,2012-10-02,2026-09-30,56,14.6985
Diamondback Energy Inc,Energy,FANG,NAS,tts-51776389,1539838,tts-51776389,2012-10-15,2026-09-30,3509,948,2022-12-19,2026-09-30,34,3.37
First Solar Inc,Energy,FSLR,NAS,tts-5211016,1274494,tts-5211016,2010-09-01,2026-09-30,4043,0,,,0,0.0
Infosys Limited American Depositary Shares,IT/Telecommunications,INFY,NYS,tts-53833112,1067491,tts-53833112,2010-09-01,2026-09-30,4044,0,,,33,0.3355
Starz - Series A,IT/Telecommunications,STRZA,NAS,tts-54963811,,tts-54963811,2013-01-15,2016-12-08,984,0,,,0,0.0
Perrigo Company Plc Ireland,Healthcare,PRGO,NYS,tts-60267672,1585364,tts-60267672,2010-09-01,2026-09-30,4044,0,,,63,0.29
CDW Corporation,IT/Telecommunications,CDW,NAS,tts-61020822,1402057,tts-61020822,2013-06-27,2026-09-30,3335,504,2023-12-18,2025-12-19,51,0.63
Fox Corporation,,FOXA,NAS,tts-61149824,1754301,tts-61149824,2019-03-12,2026-09-30,1900,0,,,16,0.29
Fox Corporation,,FOX,NAS,tts-61149825,1754301,tts-61149825,2019-03-13,2026-09-30,1899,0,,,15,0.29
Oracle Corp,IT/Telecommunications,ORCL,NYS,tts-61604636,1341439,tts-61604636,2010-09-01,2026-09-30,4044,0,,,59,0.8125
Virgin Media Inc.,IT/Telecommunications,VMED,NAS,tts-6191934,,tts-6191934,2010-09-01,2013-06-07,695,0,,,7,0.04
Marriott International Inc,Consumer Goods,MAR,NAS,tts-65832501,1048286,tts-65832501,2010-09-01,2026-09-30,4044,4044,2010-09-01,2026-09-30,57,1.735
PTC Inc,IT/Telecommunications,PTC,NAS,tts-67417572,857005,tts-67417572,2010-09-01,2026-09-30,4044,0,,,0,0.0
American Airlines Group Inc,Consumer Goods,AAL,NAS,tts-67645939,6201,tts-67645939,2013-12-10,2026-09-30,3220,0,,,22,0.1
Ciena Corporation,IT/Telecommunications,CIEN,NYS,tts-68058336,936395,tts-68058336,2010-09-01,2026-09-30,4044,0,,,0,0.0
Alphabet A,,GOOGL,NAS,tts-71625495,1652044,tts-71625495,2010-09-01,2026-09-30,4044,4044,2010-09-01,2026-09-30,11,28.398585
"JD.com, Inc. - American Depositary Shares",IT/Telecommunications,JD,NAS,tts-72890301,1549802,tts-72890301,2014-05-22,2026-09-30,3107,2409,2014-05-22,2023-12-15,3,1.0
Walgreens Boots Alliance Inc,,WBA,NAS,tts-80360010,1618921,tts-80360010,2010-09-01,2025-08-27,3770,3493,2010-09-01,2024-07-19,55,0.48
Advanced Micro Devices Inc,IT/Telecommunications,AMD,NAS,tts-80383707,2488,tts-80383707,2010-09-01,2026-09-30,4044,4044,2010-09-01,2026-09-30,0,0.0
Old Dominion Freight Line Inc,Industry,ODFL,NAS,tts-818221,878927,tts-818221,2010-09-01,2026-09-30,4044,4044,2010-09-01,2026-09-30,39,0.29
O Reilly Automotive Inc,Consumer Goods,ORLY,NAS,tts-818315,898173,tts-818315,2010-09-01,2026-09-30,4044,4044,2010-09-01,2026-09-30,0,0.0
PALM INC,,PALM,NAS,tts-818398,1100389,tts-818398,,,0,0,,,0,0.0
Paychex  Inc,IT/Telecommunications,PAYX,NAS,tts-818433,723531,tts-818433,2010-09-01,2026-09-30,4044,4044,2010-09-01,2026-09-30,62,1.19
PDL BioPharma,Healthcare,PDLI,NAS,tts-818528,882104,tts-818528,2010-09-01,2020-12-30,2601,0,,,10,0.15
"PetSmart, Inc",Consumer Goods,PETM,NAS,tts-818586,863157,tts-818586,2010-09-01,2015-03-11,1138,0,,,1,0.19
"Constellation Energy Group, Inc. Common Stock",,CEG,NYS,tts-818716,,tts-818716,2022-01-19,2024-04-09,558,558,2022-01-19,2024-04-09,0,0.0
"PMC - Sierra, Inc.",IT/Telecommunications,PMCS,NAS,tts-818770,767920,tts-818770,2010-09-01,2016-01-14,1352,0,,,0,0.0
PHARMACEUTICAL PROD DEV INC,,PPDI,NAS,tts-818958,1003124,tts-818958,2010-09-01,2011-12-05,319,0,,,0,0.0
"RF Micro Devices, Inc.",IT/Telecommunications,RFMD,NAS,tts-819653,911160,tts-819653,2010-09-01,2014-12-31,1091,0,,,0,0.0
RealNetworks,IT/Telecommunications,RNWK,NAS,tts-819721,,tts-819721,2010-09-01,2022-12-21,3098,0,,,1,4.0
Sanmina Corporation,Industry,SANM,NAS,tts-819878,897723,tts-819878,2010-09-01,2026-09-30,4044,0,,,0,0.0
SBA Communications Corporation,,SBAC,NAS,tts-819921,1034054,tts-819921,2010-09-01,2026-09-30,4044,0,,,28,1.25
"Staples, Inc.",Consumer Goods,SPLS,NAS,tts-820309,791519,tts-820309,2010-09-01,2017-09-12,1770,0,,,21,0.12
Urban Outfitters Inc,Consumer Goods,URBN,NAS,tts-820920,912615,tts-820920,2010-09-01,2026-09-30,4044,0,,,0,0.0
Vertex Pharmaceuticals Inc,Healthcare,VRTX,NAS,tts-821074,875320,tts-821074,2010-09-01,2026-09-30,4042,4042,2010-09-01,2026-09-30,0,0.0
Red Hat Inc,IT/Telecommunications,RHT,NYS,tts-821236,1087423,tts-821236,2010-09-01,2019-07-08,2226,0,,,0,0.0
Xilinx,IT/Telecommunications,XLNX,NAS,tts-821283,,tts-821283,2010-09-01,2022-02-10,2882,0,,,43,0.38
DENTSPLY SIRONA Inc,,XRAY,NAS,tts-821304,818479,tts-821304,2010-09-01,2026-09-30,4044,0,,,62,0.16
Adobe Inc,IT/Telecommunications,ADBE,NAS,tts-827038,796343,tts-827038,2010-09-01,2026-09-30,4044,4044,2010-09-01,2026-09-30,0,0.0
"ADC Telecommunications, Inc.",,ADCT,NAS,tts-827046,61478,tts-827046,2010-09-01,2010-12-09,70,0,,,0,0.0
Align Technology Inc,Healthcare,ALGN,NAS,tts-827425,1097149,tts-827425,2010-09-01,2026-09-30,4044,3346,2010-09-01,2023-12-15,0,0.0
Thomson Reuters Corporation,,TRI,NAS,tts-827441,1075124,tts-827441,2010-09-01,2026-09-30,4032,297,2025-07-28,2026-09-30,67,4.92097993012107
Altair Engineering Inc,,ALTR,NAS,tts-827511,1701732,tts-827511,2017-11-02,2025-03-25,1857,0,,,0,0.0
Applied Materials Inc,IT/Telecommunications,AMAT,NAS,tts-827539,6951,tts-827539,2010-09-01,2026-09-30,4044,4044,2010-09-01,2026-09-30,61,0.53
Applied Micro Circuits Corporation,IT/Telecommunications,AMCC,NAS,tts-827554,711065,tts-827554,2010-09-01,2017-01-26,1612,0,,,0,0.0
Amgen Inc,Healthcare,AMGN,NAS,tts-827593,318154,tts-827593,2010-09-01,2026-09-30,4044,4044,2010-09-01,2026-09-30,61,2.52
Walmart Inc,Consumer Goods,WMT,NAS,tts-827665,104169,tts-827665,2010-09-01,2026-09-30,4032,176,2026-01-20,2026-09-30,64,0.2475
Amazon.com Inc,IT/Telecommunications,AMZN,NAS,tts-827705,1018724,tts-827705,2010-09-01,2026-09-30,4044,4044,2010-09-01,2026-09-30,0,0.0
ANSYS  Inc,IT/Telecommunications,ANSS,NAS,tts-827769,1013462,tts-827769,2010-09-01,2025-07-16,3740,3740,2010-09-01,2025-07-16,0,0.0
"Apollo Education Group, Inc.",Industry,APOL,NAS,tts-827801,929887,tts-827801,2010-09-01,2017-02-01,1616,0,,,0,0.0
ASML Holding NV,IT/Telecommunications,ASML,NAS,tts-827847,937966,tts-827847,2010-09-01,2026-09-30,4044,4044,2010-09-01,2026-09-30,36,15.4026
Activision Blizzard,IT/Telecommunications,ATVI,NAS,tts-827879,,tts-827879,2010-09-01,2023-10-12,3301,3244,2010-09-01,2023-07-24,13,0.99
Bed Bath & Beyond,Consumer Goods,BBBY,NAS,tts-827919,886158,tts-827919,2010-09-01,2023-05-02,3188,0,,,16,0.17
"Brocade Communications Systems, Inc.",IT/Telecommunications,BRCD,NAS,tts-828036,1009626,tts-828036,2010-09-01,2017-11-16,1817,0,,,9,0.055
Broadcom Corporation - Class A,IT/Telecommunications,BRCM,NAS,tts-828037,1054374,tts-828037,2010-09-01,2016-01-29,1362,0,,,11,0.14
Check Point Software Technologies Ltd.,IT/Telecommunications,CHKP,NAS,tts-828255,1015922,tts-828255,2010-09-01,2026-09-30,4044,0,,,0,0.0
CH Robinson Worldwide Inc,Industry,CHRW,NAS,tts-828266,1043277,tts-828266,2010-09-01,2026-09-30,4044,0,,,65,0.63
Charter Communications Inc New,,CHTR,NAS,tts-828275,1091667,tts-828275,2010-09-14,2026-09-30,4036,3965,2010-09-14,2026-06-18,0,0.0
Comcast Corporation,IT/Telecommunications,CMCSA,NAS,tts-828340,1166691,tts-828340,2010-09-01,2026-09-30,4044,4044,2010-09-01,2026-09-30,65,1.6228
Comcast Corporation - Class A Special,IT/Telecommunications,CMCSK,NAS,tts-828342,1166691,tts-828342,2010-09-01,2015-12-11,1330,0,,,19,0.25
"Comverse Technology, Inc.",,CMVT,NAS,tts-828356,803014,tts-828356,2011-09-23,2013-02-04,342,0,,,0,0.0
CONEXANT SYSTEMS INC,,CNXT,NAS,tts-828385,1069353,tts-828385,2010-09-01,2011-04-18,159,0,,,0,0.0
3COM CORP,,COMS,NAS,tts-828397,738076,tts-828397,,,0,0,,,0,0.0
Costco Wholesale Corporation,Consumer Goods,COST,NAS,tts-828403,909832,tts-828403,2010-09-01,2026-09-30,4044,4044,2010-09-01,2026-09-30,69,15.0
Copart  Inc,Consumer Goods,CPRT,NAS,tts-828408,900075,tts-828408,2010-09-01,2026-09-30,4044,4044,2010-09-01,2026-09-30,0,0.0
Compuware Corporation,IT/Telecommunications,CPWR,NAS,tts-828418,859014,tts-828418,2010-09-01,2014-12-15,1080,0,,,2,0.13
Cisco Systems Inc,IT/Telecommunications,CSCO,NAS,tts-828468,858877,tts-828468,2010-09-01,2026-09-30,4044,4044,2010-09-01,2026-09-30,61,0.42
Cognizant Technology Solutions Corporation,IT/Telecommunications,CTSH,NAS,tts-828513,1058290,tts-828513,2010-09-01,2026-09-30,4042,3971,2010-09-01,2026-06-18,38,0.33
Citrix Systems,IT/Telecommunications,CTXS,NAS,tts-828516,,tts-828516,2010-09-01,2022-09-28,3040,0,,,12,18.5716
Dell Inc.,IT/Telecommunications,DELL,NAS,tts-828600,826083,tts-828600,2010-09-01,2013-10-29,796,0,,,1,0.08
Dollar Tree Inc,Consumer Goods,DLTR,NAS,tts-828632,935703,tts-828632,2010-09-01,2026-09-30,4044,3577,2010-09-01,2024-11-15,0,0.0
Endo International plc,Healthcare,ENDP,NAS,tts-828772,,tts-828772,2010-09-01,2022-08-24,3016,0,,,0,0.0
Equinix Inc,,EQIX,NAS,tts-828800,1101239,tts-828800,2010-09-01,2026-09-30,4044,0,,,47,10.95
Express Scripts Holding Company,Healthcare,ESRX,NAS,tts-828820,1532063,tts-828820,2010-09-01,2018-12-20,2091,0,,,0,0.0
Expeditors International of Washington Inc,Industry,EXPD,NYS,tts-828860,746515,tts-828860,2010-09-01,2026-09-30,4044,0,,,32,0.81
Expedia Group Inc,IT/Telecommunications,EXPE,NAS,tts-828861,1324424,tts-828861,2010-09-01,2026-09-30,4044,0,,,47,1.7
Fastenal Company,Consumer Goods,FAST,NAS,tts-828870,815556,tts-828870,2010-09-01,2026-09-30,4044,4044,2010-09-01,2026-09-30,67,0.26
F5 Inc,IT/Telecommunications,FFIV,NAS,tts-828913,1048695,tts-828913,2010-09-01,2026-09-30,4044,0,,,0,0.0
GENZYME CORPORATION,,GENZ,NAS,tts-829049,732485,tts-829049,2010-09-01,2011-04-08,153,0,,,0,0.0
Gilead Sciences Inc,Healthcare,GILD,NAS,tts-829063,882095,tts-829063,2010-09-01,2026-09-30,4044,4044,2010-09-01,2026-09-30,46,0.82
"Human Genome Sciences, Inc.",,HGSI,NAS,tts-829161,901219,tts-829161,2010-09-01,2012-08-02,484,0,,,0,0.0
Henry Schein Inc,Healthcare,HSIC,NAS,tts-829202,1000228,tts-829202,2010-09-01,2026-09-30,4041,0,,,0,0.0
Integrated Device Technology,IT/Telecommunications,IDTI,NAS,tts-829251,703361,tts-829251,2010-09-01,2019-03-29,2158,0,,,0,0.0
Illumina Inc,Healthcare,ILMN,NAS,tts-829281,1110803,tts-829281,2010-09-01,2026-09-30,4044,3601,2010-09-01,2024-12-20,0,0.0
Incyte Corporation,Healthcare,INCY,NAS,tts-829309,879169,tts-829309,2010-09-01,2026-09-30,4044,0,,,0,0.0
Intel Corporation,IT/Telecommunications,INTC,NAS,tts-829352,50863,tts-829352,2010-09-01,2026-09-30,4044,4044,2010-09-01,2026-09-30,55,0.365
Intuit Inc,IT/Telecommunications,INTU,NAS,tts-829359,896878,tts-829359,2010-09-01,2026-09-30,4044,4044,2010-09-01,2026-09-30,60,1.2
Intuitive Surgical Inc,Healthcare,ISRG,NAS,tts-829383,1035267,tts-829383,2010-09-01,2026-09-30,4044,4044,2010-09-01,2026-09-30,0,0.0
J B Hunt Transport Services Inc,Industry,JBHT,NAS,tts-829418,728535,tts-829418,2010-09-01,2026-09-30,4044,0,,,64,0.45
Lamar Advertising Company,,LAMR,NAS,tts-829488,1090425,tts-829488,2010-09-01,2026-09-30,4044,0,,,50,1.8
Lincare Holdings Inc.,,LNCR,NAS,tts-829543,882235,tts-829543,2010-09-01,2012-08-13,492,0,,,0,0.0
Logitech International S.A. - Registered Shares,IT/Telecommunications,LOGI,NAS,tts-829549,1032975,tts-829549,2010-09-01,2026-09-30,4044,0,,,16,1.6576
Microchip Technology Inc,IT/Telecommunications,MCHP,NAS,tts-829623,827054,tts-829623,2010-09-01,2026-09-30,4044,4044,2010-09-01,2026-09-30,64,0.455
Molex Incorporated,IT/Telecommunications,MOLX,NAS,tts-829749,67472,tts-829749,2010-09-01,2013-12-06,823,0,,,0,0.0
Marvell Technology Inc,,MRVL,NAS,tts-829786,1835632,tts-829786,2010-09-01,2026-09-30,4043,4043,2010-09-01,2026-09-30,57,0.06
Microsoft Corporation,IT/Telecommunications,MSFT,NAS,tts-829802,789019,tts-829802,2010-09-01,2026-09-30,4044,4044,2010-09-01,2026-09-30,63,0.91
Strategy Inc,IT/Telecommunications,MSTR,NAS,tts-829808,1050446,tts-829808,2010-09-01,2026-09-30,4032,443,2024-12-23,2026-09-30,0,0.0
Maxim Integrated Products,IT/Telecommunications,MXIM,NAS,tts-829854,743316,tts-829854,2010-09-01,2021-08-25,2765,0,,,40,0.48
Netflix Inc,IT/Telecommunications,NFLX,NAS,tts-829933,1065280,tts-829933,2010-09-01,2026-09-30,4044,4044,2010-09-01,2026-09-30,0,0.0
NOVELL INC,,NOVL,NAS,tts-829989,758004,tts-829989,2010-09-01,2011-04-27,165,0,,,0,0.0
NetApp Inc,IT/Telecommunications,NTAP,NAS,tts-830016,1002047,tts-830016,2010-09-01,2026-09-30,4044,0,,,48,0.52
"NetEase, Inc. - American Depositary Shares, each representing 5 ordinary shares",IT/Telecommunications,NTES,NAS,tts-830020,1110646,tts-830020,2010-09-01,2026-09-30,4044,3096,2010-09-01,2022-12-16,52,1.518
Nuance Communications,IT/Telecommunications,NUAN,NAS,tts-830036,,tts-830036,2010-09-01,2022-03-02,2895,0,,,0,0.0
NVIDIA Corporation,IT/Telecommunications,NVDA,NAS,tts-830046,1045810,tts-830046,2010-09-01,2026-09-30,4044,4044,2010-09-01,2026-09-30,56,0.25
PACCAR Inc,Industry,PCAR,NAS,tts-830133,75362,tts-830133,2010-09-01,2026-09-30,4044,4044,2010-09-01,2026-09-30,80,3.2
Patterson Companies Inc,Healthcare,PDCO,NAS,tts-830145,891024,tts-830145,2010-09-01,2025-04-16,3679,0,,,57,0.26
Patterson UTI Energy Inc,Energy,PTEN,NAS,tts-830241,889900,tts-830241,2010-09-01,2026-09-30,4044,0,,,64,0.1
QUALCOMM Inc,IT/Telecommunications,QCOM,NAS,tts-830263,804328,tts-830263,2010-09-01,2026-09-30,4044,4044,2010-09-01,2026-09-30,63,0.92
QLogic Corporation,IT/Telecommunications,QLGC,NAS,tts-830271,918386,tts-830271,2010-09-01,2016-08-15,1499,0,,,0,0.0
Regeneron Pharmaceuticals Inc,Healthcare,REGN,NAS,tts-830313,872589,tts-830313,2010-09-01,2026-09-30,4043,4043,2010-09-01,2026-09-30,7,0.94
Ross Stores Inc,Consumer Goods,ROST,NAS,tts-830361,745732,tts-830361,2010-09-01,2026-09-30,4044,4044,2010-09-01,2026-09-30,63,2.0
"Ryanair Holdings plc - American Depositary Shares, each representing five Ordinary Shares",,RYAAY,NAS,tts-830379,1038683,tts-830379,2010-09-01,2026-09-30,4044,0,,,14,0.9058461312
Starbucks Corporation,Consumer Goods,SBUX,NAS,tts-830408,829224,tts-830408,2010-09-01,2026-09-30,4044,4044,2010-09-01,2026-09-30,64,0.62
Sepracor Inc.,,SEPR,NAS,tts-830444,877357,tts-830444,,,0,0,,,0,0.0
Seagen,,SGEN,NAS,tts-830459,,tts-830459,2010-09-01,2023-12-13,3343,3343,2010-09-01,2023-12-13,0,0.0
Sigma-Aldrich Corporation,Commodities,SIAL,NAS,tts-830475,90185,tts-830475,2010-09-01,2015-11-17,1313,0,,,16,0.23
SiriusXM Holdings Inc.,,SIRI,NAS,tts-830484,908937,tts-830484,2010-09-01,2026-09-30,4044,3474,2010-09-01,2024-06-21,38,2.72
SanDisk Corporation,IT/Telecommunications,SNDK,NAS,tts-830518,1000180,tts-830518,2010-09-01,2016-05-11,1433,0,,,6,0.3
Synopsys  Inc,IT/Telecommunications,SNPS,NAS,tts-830523,883241,tts-830523,2010-09-01,2026-09-30,4044,4044,2010-09-01,2026-09-30,0,0.0
Stericycle Inc,Utilities,SRCL,NAS,tts-830564,861878,tts-830564,2010-09-01,2024-11-01,3567,0,,,0,0.0
Steel Dynamics Inc,Commodities,STLD,NAS,tts-830598,1022671,tts-830598,2010-09-01,2026-09-30,4044,0,,,65,0.53
Skyworks Solutions Inc,IT/Telecommunications,SWKS,NAS,tts-830638,4127,tts-830638,2010-09-01,2026-09-30,4044,3096,2010-09-01,2022-12-16,49,0.71
Atlassian Corporation PLC,,TEAM,NAS,tts-830674,1650372,tts-830674,2015-12-10,2026-09-30,2716,2602,2015-12-10,2026-04-17,0,0.0
"Tellabs, Inc.",IT/Telecommunications,TLAB,NAS,tts-830736,317771,tts-830736,2010-09-01,2013-12-03,820,0,,,0,0.0
Tractor Supply Company,Consumer Goods,TSCO,NAS,tts-830823,916365,tts-830823,2010-09-01,2026-09-30,4044,0,,,64,0.24
TakeTwo Interactive Software Inc,IT/Telecommunications,TTWO,NAS,tts-830842,946581,tts-830842,2010-09-01,2026-09-30,4044,698,2023-12-18,2026-09-30,0,0.0
VeriSign Inc,IT/Telecommunications,VRSN,NAS,tts-830966,1014473,tts-830966,2010-09-01,2026-09-30,4044,3096,2010-09-01,2022-12-16,8,3.0
Vitesse Semiconductor Corporation,IT/Telecommunications,VTSS,NAS,tts-830973,880446,tts-830973,2011-03-02,2015-04-27,1045,0,,,0,0.0
Wynn Resorts Ltd,Consumer Goods,WYNN,NAS,tts-831069,1174922,tts-831069,2010-09-01,2026-09-30,4044,0,,,53,8.0
Apple Inc,IT/Telecommunications,AAPL,NAS,tts-831814,320193,tts-831814,2010-09-01,2026-09-30,4044,4044,2010-09-01,2026-09-30,57,0.27
Autodesk  Inc,IT/Telecommunications,ADSK,NAS,tts-831838,769397,tts-831838,2010-09-01,2026-09-30,4044,4044,2010-09-01,2026-09-30,0,0.0
Akamai Technologies Inc,IT/Telecommunications,AKAM,NAS,tts-831856,1086222,tts-831856,2010-09-01,2026-09-30,4044,0,,,0,0.0
Alexion Pharmaceuticals,Healthcare,ALXN,NAS,tts-831866,899866,tts-831866,2010-09-01,2021-07-20,2739,0,,,0,0.0
"Amylin Pharmaceuticals, Inc.",,AMLN,NAS,tts-831872,881464,tts-831872,2010-09-01,2012-08-08,489,0,,,0,0.0
"Ariba, Inc.",IT/Telecommunications,ARBA,NAS,tts-831895,1084755,tts-831895,2010-09-01,2012-09-28,525,0,,,0,0.0
Atmel Corporation,IT/Telecommunications,ATML,NAS,tts-831920,872448,tts-831920,2010-09-01,2016-04-04,1406,0,,,3,0.04
BioMarin Pharmaceutical Inc,Healthcare,BMRN,NAS,tts-831964,1048477,tts-831964,2010-09-01,2026-09-30,4041,0,,,0,0.0
BroadVision,IT/Telecommunications,BVSN,NAS,tts-831987,920448,tts-831987,2010-09-01,2020-05-18,2385,0,,,0,0.0
Celgene Corp,Healthcare,CELG,NAS,tts-832022,816284,tts-832022,2010-09-01,2019-11-20,2322,0,,,0,0.0
CEPHALON INC,Healthcare,CEPH,NAS,tts-832024,873364,tts-832024,2010-09-01,2011-10-13,283,0,,,0,0.0
Cerner Corp,IT/Telecommunications,CERN,NAS,tts-832025,,tts-832025,2010-09-01,2022-06-06,2961,0,,,11,0.27
CoStar Group Inc,Industry,CSGP,NAS,tts-832092,1057352,tts-832092,2010-09-01,2026-09-30,4044,854,2022-12-19,2026-05-15,0,0.0
Cintas Corporation,Industry,CTAS,NAS,tts-832098,723254,tts-832098,2010-09-01,2026-09-30,4044,4044,2010-09-01,2026-09-30,34,0.6375
DISH Network Corporation,IT/Telecommunications,DISH,NAS,tts-832145,,tts-832145,2010-09-01,2023-12-29,3355,0,,,2,2.0
eBay Inc,IT/Telecommunications,EBAY,NAS,tts-832177,1065088,tts-832177,2010-09-01,2026-09-30,4044,3346,2010-09-01,2023-12-15,32,38.39
Fiserv,IT/Telecommunications,FISV,NAS,tts-832260,798354,tts-832260,2010-09-01,2023-06-05,3211,3211,2010-09-01,2023-06-05,0,0.0
Flex Ltd,IT/Telecommunications,FLEX,NAS,tts-832265,866374,tts-832265,2010-09-01,2026-09-30,4044,0,,,1,6.229
FLIR Systems,IT/Telecommunications,FLIR,NAS,tts-832266,,tts-832266,2010-09-01,2021-05-12,2692,0,,,40,0.17
"Fossil Group, Inc.",Consumer Goods,FOSL,NAS,tts-832280,883569,tts-832280,2010-09-01,2026-09-30,4044,0,,,0,0.0
"Keurig Green Mountain, Inc.",Consumer Goods,GMCR,NAS,tts-832321,909954,tts-832321,2010-09-01,2016-03-02,1384,0,,,5,0.33
Gentex Corporation,Industry,GNTX,NAS,tts-832326,355811,tts-832326,2010-09-01,2026-09-30,4041,0,,,64,0.12
Hologic Inc,Healthcare,HOLX,NAS,tts-832375,859737,tts-832375,2010-09-01,2026-04-06,3921,0,,,0,0.0
IDEXX Laboratories Inc,Healthcare,IDXX,NAS,tts-832406,874716,tts-832406,2010-09-01,2026-09-30,4044,4044,2010-09-01,2026-09-30,0,0.0
Insmed Incorporated,Healthcare,INSM,NAS,tts-832423,1104506,tts-832423,2010-09-01,2026-09-30,4031,123,2025-12-22,2026-06-18,0,0.0
Intersil Corporation,IT/Telecommunications,ISIL,NAS,tts-832438,1096325,tts-832438,2010-09-01,2017-02-23,1631,0,,,4,0.12
KLA Corporation,IT/Telecommunications,KLAC,NAS,tts-832472,319201,tts-832472,2010-09-01,2026-09-30,4044,4044,2010-09-01,2026-09-30,65,1.65
Linear Technology Corporation,IT/Telecommunications,LLTC,NAS,tts-832500,791907,tts-832500,2010-09-01,2017-03-10,1642,0,,,20,0.51
Lam Research Corporation,,LRCX,NAS,tts-832505,707549,tts-832505,2010-09-01,2026-09-30,4044,4044,2010-09-01,2026-09-30,49,0.33
ON Semiconductor,IT/Telecommunications,ON,NAS,tts-85128742,1097864,tts-85128742,2010-09-01,2026-09-30,4044,630,2023-06-20,2025-12-19,0,0.0
Shopify Inc,,SHOP,NAS,tts-87928298,1594805,tts-87928298,2015-05-22,2026-09-30,2856,344,2025-05-19,2026-09-30,0,0.0
ATYR PHARMA INC COM USD0.001,Healthcare,LIFE,NAS,tts-88339869,1073431,tts-88339869,2010-09-01,2014-02-03,861,0,,,0,0.0
Kraft Heinz Company,,KHC,NYS,tts-90308539,1637459,tts-90308539,2015-07-06,2026-09-30,2826,2822,2015-07-06,2026-09-24,46,16.5
PayPal Holdings Inc,,PYPL,NAS,tts-91263224,1633917,tts-91263224,2015-07-06,2026-09-30,2826,2826,2015-07-06,2026-09-30,4,0.14
Viavi Solutions Inc,,VIAV,NAS,tts-92502185,912093,tts-92502185,2010-09-01,2026-09-30,4044,0,,,1,4.69
Lumentum Holdings Inc,,LITE,NAS,tts-92502189,1633978,tts-92502189,2015-07-27,2026-09-30,2812,94,2026-05-18,2026-09-30,0,0.0
T Mobile US Inc,IT/Telecommunications,TMUS,NAS,tts-96423906,1283699,tts-96423906,2015-10-27,2026-09-30,2746,2746,2015-10-27,2026-09-30,13,1.0781
Match Group Inc,,MTCH,NAS,tts-97315627,891103,tts-97315627,2020-07-01,2026-09-30,1570,622,2020-07-01,2022-12-16,7,0.2
CSX Corporation,Industry,CSX,NAS,tts-98691180,277948,tts-98691180,2010-09-01,2026-09-30,4044,4044,2010-09-01,2026-09-30,64,0.14
