name,sector,symbol,exchange,id,cik,FIGI,date,prior_close,close,divs,naive_total_return,split_cumprod
Vertex Pharmaceuticals Inc,Healthcare,VRTX,NAS,tts-821074,875320.0,tts-821074,2012-05-07,37.41,58.12,0.0,0.5535952953755681,1.0
Vertex Pharmaceuticals Inc,Healthcare,VRTX,NAS,tts-821074,875320.0,tts-821074,2013-04-19,52.87,85.6,0.0,0.6190656326839417,1.0
Liberty Global Ltd. - Class A Common Shares,,LBTYA,NAS,tts-1784188,1570585.0,tts-1784188,2014-03-04,40.9857,40.9336,41.545,1.012375047882554,1.0
Alphabet A,,GOOGL,NAS,tts-71625495,1652044.0,tts-71625495,2014-04-03,28.3775,28.575,28.398585,1.0077027574663022,0.05
Discovery,IT/Telecommunications,DISCK,NAS,tts-15427298,,tts-15427298,2014-08-07,40.61,39.78,39.78,0.9591233686284166,1.0
Discovery,IT/Telecommunications,DISCA,NAS,tts-3103596,,tts-3103596,2014-08-07,41.51,40.975,39.0044,0.9267501806793544,1.0
eBay Inc,IT/Telecommunications,EBAY,NAS,tts-832177,1065088.0,tts-832177,2015-07-20,26.8903,28.57,38.39,1.4901172541771572,1.0
"Keurig Green Mountain, Inc.",Consumer Goods,GMCR,NAS,tts-832321,909954.0,tts-832321,2015-12-07,51.7,88.89,0.0,0.7193423597678916,1.0
"Fossil Group, Inc.",Consumer Goods,FOSL,NAS,tts-832280,883569.0,tts-832280,2018-02-14,9.04,16.97,0.0,0.877212389380531,1.0
"Fossil Group, Inc.",Consumer Goods,FOSL,NAS,tts-832280,883569.0,tts-832280,2020-06-08,5.25,8.095,0.0,0.5419047619047621,1.0
"Fossil Group, Inc.",Consumer Goods,FOSL,NAS,tts-832280,883569.0,tts-832280,2021-01-27,12.65,23.66,0.0,0.8703557312252963,1.0
Bed Bath & Beyond,Consumer Goods,BBBY,NAS,tts-827919,886158.0,tts-827919,2021-06-02,27.26,44.19,0.0,0.6210564930300806,1.0
VEON Ltd. - American Depositary Shares,,VEON,NAS,tts-120075582,1468091.0,tts-120075582,2022-03-04,6.575,10.0,0.0,0.520912547528517,25.0
PDD Holdings Inc,,PDD,NAS,tts-146910073,1737806.0,tts-146910073,2022-03-16,27.31,42.62,0.0,0.5606005126327351,1.0
Endo International plc,Healthcare,ENDP,NAS,tts-828772,,tts-828772,2022-06-28,0.3831,0.71,0.0,0.8533020099190811,1.0
Bed Bath & Beyond,Consumer Goods,BBBY,NAS,tts-827919,886158.0,tts-827919,2023-01-11,2.07,3.49,0.0,0.6859903381642514,1.0
Bed Bath & Beyond,Consumer Goods,BBBY,NAS,tts-827919,886158.0,tts-827919,2023-01-12,3.49,5.24,0.0,0.5014326647564469,1.0
Bed Bath & Beyond,Consumer Goods,BBBY,NAS,tts-827919,886158.0,tts-827919,2023-02-06,3.05,5.86,0.0,0.9213114754098364,1.0
Qurate Retail Inc,,QRTEA,NAS,tts-137012693,1355096.0,tts-137012693,2023-11-03,0.4303,0.677,0.0,0.5733209388798512,1.0
"Fossil Group, Inc.",Consumer Goods,FOSL,NAS,tts-832280,883569.0,tts-832280,2024-12-02,1.46,2.35,0.0,0.6095890410958904,1.0
AstraZeneca PLC,Healthcare,AZN,NYS,tts-203249662,901832.0,tts-203249662,2026-01-23,91.69,185.9,0.0,1.0274839131857347,1.0
Monster Beverage Corporation,,MNST,NAS,tts-37214168,865752.0,tts-37214168,2026-08-11,22.8575,45.53,0.0,0.9919063764628676,1.0
Moderna Inc,,MRNA,NAS,tts-14359676,1682852.0,tts-14359676,2026-08-19,62.96,174.38,0.0,1.7696950444726811,1.0
