historical_ticker,first_possible_purchase,candidate_current_symbol,alias_status,candidate_ids,date_overlapping_ids,candidate_count,coverage_status
AAPL,2010-09-30,AAPL,same_symbol,tts-831814,tts-831814,1,candidate_not_fully_validated
ADBE,2010-09-30,ADBE,same_symbol,tts-827038,tts-827038,1,candidate_not_fully_validated
ADP,2010-09-30,ADP,same_symbol,tts-15888595,tts-15888595,1,candidate_not_fully_validated
ADSK,2010-09-30,ADSK,same_symbol,tts-831838,tts-831838,1,candidate_not_fully_validated
ALTR,2010-09-30,ALTR,same_symbol,tts-130097863|tts-827511,tts-130097863,1,candidate_not_fully_validated
AMAT,2010-09-30,AMAT,same_symbol,tts-827539,tts-827539,1,candidate_not_fully_validated
AMGN,2010-09-30,AMGN,same_symbol,tts-827593,tts-827593,1,candidate_not_fully_validated
AMZN,2010-09-30,AMZN,same_symbol,tts-827705,tts-827705,1,candidate_not_fully_validated
APOL,2010-09-30,APOL,same_symbol,tts-827801,tts-827801,1,candidate_not_fully_validated
ATVI,2010-09-30,ATVI,same_symbol,tts-827879,tts-827879,1,candidate_not_fully_validated
BBBY,2010-09-30,BBBY,same_symbol,tts-367344332|tts-827919,tts-367344332|tts-827919,2,ambiguous_identity
BIDU,2010-09-30,BIDU,same_symbol,tts-3138949,tts-3138949,1,candidate_not_fully_validated
BIIB,2010-09-30,BIIB,same_symbol,tts-1076458,tts-1076458,1,candidate_not_fully_validated
BMC,2010-09-30,BMC,same_symbol,tts-17914522,tts-17914522,1,candidate_not_fully_validated
BRCM,2010-09-30,BRCM,same_symbol,tts-828037,tts-828037,1,candidate_not_fully_validated
CA,2010-09-30,CA,same_symbol,tts-14011355|tts-298814706,tts-14011355,1,candidate_not_fully_validated
CELG,2010-09-30,CELG,same_symbol,tts-832022,tts-832022,1,candidate_not_fully_validated
CEPH,2010-09-30,CEPH,same_symbol,tts-832024,tts-832024,1,candidate_not_fully_validated
CERN,2010-09-30,CERN,same_symbol,tts-832025,tts-832025,1,candidate_not_fully_validated
CHKP,2010-09-30,CHKP,same_symbol,tts-828255,tts-828255,1,candidate_not_fully_validated
CHRW,2010-09-30,CHRW,same_symbol,tts-828266,tts-828266,1,candidate_not_fully_validated
CMCSA,2010-09-30,CMCSA,same_symbol,tts-828340,tts-828340,1,candidate_not_fully_validated
COST,2010-09-30,COST,same_symbol,tts-828403,tts-828403,1,candidate_not_fully_validated
CSCO,2010-09-30,CSCO,same_symbol,tts-828468,tts-828468,1,candidate_not_fully_validated
CTAS,2010-09-30,CTAS,same_symbol,tts-832098,tts-832098,1,candidate_not_fully_validated
CTSH,2010-09-30,CTSH,same_symbol,tts-828513,tts-828513,1,candidate_not_fully_validated
CTXS,2010-09-30,CTXS,same_symbol,tts-828516,tts-828516,1,candidate_not_fully_validated
DELL,2010-09-30,DELL,same_symbol,tts-157040141|tts-828600,tts-828600,1,candidate_not_fully_validated
DISH,2010-09-30,DISH,same_symbol,tts-832145,tts-832145,1,candidate_not_fully_validated
DTV,2010-09-30,DTV,same_symbol,tts-111093294|tts-12035732,tts-12035732,1,candidate_not_fully_validated
EBAY,2010-09-30,EBAY,same_symbol,tts-832177,tts-832177,1,candidate_not_fully_validated
ERTS,2010-09-30,EA,inferred_unverified,tts-36769516,tts-36769516,1,candidate_not_fully_validated
ESRX,2010-09-30,ESRX,same_symbol,tts-828820,tts-828820,1,candidate_not_fully_validated
EXPD,2010-09-30,EXPD,same_symbol,tts-828860,tts-828860,1,candidate_not_fully_validated
EXPE,2010-09-30,EXPE,same_symbol,tts-828861,tts-828861,1,candidate_not_fully_validated
FAST,2010-09-30,FAST,same_symbol,tts-828870,tts-828870,1,candidate_not_fully_validated
FISV,2010-09-30,FISV,same_symbol,tts-377137730|tts-832260,tts-377137730|tts-832260,2,ambiguous_identity
FLEX,2010-09-30,FLEX,same_symbol,tts-832265,tts-832265,1,candidate_not_fully_validated
FLIR,2010-09-30,FLIR,same_symbol,tts-832266,tts-832266,1,candidate_not_fully_validated
FSLR,2010-09-30,FSLR,same_symbol,tts-5211016,tts-5211016,1,candidate_not_fully_validated
FWLT,2010-09-30,FWLT,same_symbol,tts-2880955,tts-2880955,1,candidate_not_fully_validated
GENZ,2010-09-30,GENZ,same_symbol,tts-398207769|tts-829049,tts-398207769|tts-829049,2,ambiguous_identity
GILD,2010-09-30,GILD,same_symbol,tts-829063,tts-829063,1,candidate_not_fully_validated
GOOG,2010-09-30,GOOGL,inferred_unverified,tts-71625495,tts-71625495,1,candidate_not_fully_validated
GRMN,2010-09-30,GRMN,same_symbol,tts-237275457,tts-237275457,1,candidate_not_fully_validated
HOLX,2010-09-30,HOLX,same_symbol,tts-832375,tts-832375,1,candidate_not_fully_validated
HSIC,2010-09-30,HSIC,same_symbol,tts-829202,tts-829202,1,candidate_not_fully_validated
ILMN,2010-09-30,ILMN,same_symbol,tts-829281,tts-829281,1,candidate_not_fully_validated
INFY,2010-09-30,INFY,same_symbol,tts-53833112,tts-53833112,1,candidate_not_fully_validated
INTC,2010-09-30,INTC,same_symbol,tts-829352,tts-829352,1,candidate_not_fully_validated
INTU,2010-09-30,INTU,same_symbol,tts-829359,tts-829359,1,candidate_not_fully_validated
ISRG,2010-09-30,ISRG,same_symbol,tts-829383,tts-829383,1,candidate_not_fully_validated
JBHT,2010-09-30,JBHT,same_symbol,tts-829418,tts-829418,1,candidate_not_fully_validated
JOYG,2010-09-30,JOY,inferred_unverified,tts-36299719,tts-36299719,1,candidate_not_fully_validated
KLAC,2010-09-30,KLAC,same_symbol,tts-832472,tts-832472,1,candidate_not_fully_validated
LIFE,2010-09-30,LIFE,same_symbol,tts-387639951|tts-88339869,tts-88339869,1,candidate_not_fully_validated
LINTA,2010-09-30,QRTEA,inferred_unverified,tts-137012693,tts-137012693,1,candidate_not_fully_validated
LLTC,2010-09-30,LLTC,same_symbol,tts-832500,tts-832500,1,candidate_not_fully_validated
LOGI,2010-09-30,LOGI,same_symbol,tts-829549,tts-829549,1,candidate_not_fully_validated
LRCX,2010-09-30,LRCX,same_symbol,tts-832505,tts-832505,1,candidate_not_fully_validated
MAT,2010-09-30,MAT,same_symbol,tts-17916214,tts-17916214,1,candidate_not_fully_validated
MCHP,2010-09-30,MCHP,same_symbol,tts-829623,tts-829623,1,candidate_not_fully_validated
MICC,2010-09-30,MICC,same_symbol,,,0,no_symbol_match
MRVL,2010-09-30,MRVL,same_symbol,tts-829786,tts-829786,1,candidate_not_fully_validated
MSFT,2010-09-30,MSFT,same_symbol,tts-829802,tts-829802,1,candidate_not_fully_validated
MXIM,2010-09-30,MXIM,same_symbol,tts-829854,tts-829854,1,candidate_not_fully_validated
MYL,2010-09-30,MYL,same_symbol,tts-16784810,tts-16784810,1,candidate_not_fully_validated
NIHD,2010-09-30,NIHD,same_symbol,,,0,no_symbol_match
NTAP,2010-09-30,NTAP,same_symbol,tts-830016,tts-830016,1,candidate_not_fully_validated
NVDA,2010-09-30,NVDA,same_symbol,tts-830046,tts-830046,1,candidate_not_fully_validated
NWSA,2010-09-30,NWSA,same_symbol,,,0,no_symbol_match
ORCL,2010-09-30,ORCL,same_symbol,tts-61604636,tts-61604636,1,candidate_not_fully_validated
ORLY,2010-09-30,ORLY,same_symbol,tts-818315,tts-818315,1,candidate_not_fully_validated
PAYX,2010-09-30,PAYX,same_symbol,tts-818433,tts-818433,1,candidate_not_fully_validated
PCAR,2010-09-30,PCAR,same_symbol,tts-830133,tts-830133,1,candidate_not_fully_validated
PCLN,2010-09-30,BKNG,inferred_unverified,tts-136266150,tts-136266150,1,candidate_not_fully_validated
PDCO,2010-09-30,PDCO,same_symbol,tts-830145,tts-830145,1,candidate_not_fully_validated
QCOM,2010-09-30,QCOM,same_symbol,tts-830263,tts-830263,1,candidate_not_fully_validated
QGEN,2010-09-30,QGEN,same_symbol,tts-133282628,tts-133282628,1,candidate_not_fully_validated
RIMM,2010-09-30,BB,inferred_unverified,tts-129193787,tts-129193787,1,candidate_not_fully_validated
ROST,2010-09-30,ROST,same_symbol,tts-830361,tts-830361,1,candidate_not_fully_validated
SBUX,2010-09-30,SBUX,same_symbol,tts-830408,tts-830408,1,candidate_not_fully_validated
SHLD,2010-09-30,SHLD,same_symbol,,,0,no_symbol_match
SIAL,2010-09-30,SIAL,same_symbol,tts-830475,tts-830475,1,candidate_not_fully_validated
SNDK,2010-09-30,SNDK,same_symbol,tts-342851559|tts-830518,tts-830518,1,candidate_not_fully_validated
SPLS,2010-09-30,SPLS,same_symbol,tts-385731618|tts-820309,tts-820309,1,candidate_not_fully_validated
SRCL,2010-09-30,SRCL,same_symbol,tts-830564,tts-830564,1,candidate_not_fully_validated
STX,2010-09-30,STX,same_symbol,tts-15401130,tts-15401130,1,candidate_not_fully_validated
SYMC,2010-09-30,NLOK,inferred_unverified,tts-177780551,tts-177780551,1,candidate_not_fully_validated
TEVA,2010-09-30,TEVA,same_symbol,tts-45504153,tts-45504153,1,candidate_not_fully_validated
URBN,2010-09-30,URBN,same_symbol,tts-820920,tts-820920,1,candidate_not_fully_validated
VMED,2010-09-30,VMED,same_symbol,tts-6191934,tts-6191934,1,candidate_not_fully_validated
VOD,2010-09-30,VOD,same_symbol,tts-17917826,tts-17917826,1,candidate_not_fully_validated
VRSN,2010-09-30,VRSN,same_symbol,tts-830966,tts-830966,1,candidate_not_fully_validated
VRTX,2010-09-30,VRTX,same_symbol,tts-821074,tts-821074,1,candidate_not_fully_validated
WCRX,2010-09-30,WCRX,same_symbol,tts-1839830,tts-1839830,1,candidate_not_fully_validated
WYNN,2010-09-30,WYNN,same_symbol,tts-831069,tts-831069,1,candidate_not_fully_validated
XLNX,2010-09-30,XLNX,same_symbol,tts-821283,tts-821283,1,candidate_not_fully_validated
XRAY,2010-09-30,XRAY,same_symbol,tts-821304,tts-821304,1,candidate_not_fully_validated
YHOO,2010-09-30,YHOO,same_symbol,,,0,no_symbol_match
AKAM,2010-12-20,AKAM,same_symbol,tts-831856,tts-831856,1,candidate_not_fully_validated
CTRP,2010-12-20,TCOM,inferred_unverified,tts-177780548,tts-177780548,1,candidate_not_fully_validated
DLTR,2010-12-20,DLTR,same_symbol,tts-828632,tts-828632,1,candidate_not_fully_validated
FFIV,2010-12-20,FFIV,same_symbol,tts-828913,tts-828913,1,candidate_not_fully_validated
MU,2010-12-20,MU,same_symbol,tts-17914799,tts-17914799,1,candidate_not_fully_validated
NFLX,2010-12-20,NFLX,same_symbol,tts-829933,tts-829933,1,candidate_not_fully_validated
WFMI,2010-12-20,WFM,inferred_unverified,tts-29400599,tts-29400599,1,candidate_not_fully_validated
ALXN,2011-04-04,ALXN,same_symbol,tts-831866,tts-831866,1,candidate_not_fully_validated
WFM,2011-05-06,WFM,same_symbol,tts-29400599,tts-29400599,1,candidate_not_fully_validated
GMCR,2011-05-27,GMCR,same_symbol,tts-832321,tts-832321,1,candidate_not_fully_validated
SIRI,2011-07-15,SIRI,same_symbol,tts-830484,tts-830484,1,candidate_not_fully_validated
PRGO,2011-12-06,PRGO,same_symbol,tts-60267672,tts-60267672,1,candidate_not_fully_validated
AVGO,2011-12-19,AVGO,same_symbol,tts-3685519,tts-3685519,1,candidate_not_fully_validated
FOSL,2011-12-19,FOSL,same_symbol,tts-832280,tts-832280,1,candidate_not_fully_validated
GOLD,2011-12-19,GOLD,same_symbol,,,0,no_symbol_match
HANS,2011-12-19,MNST,inferred_unverified,tts-37214168,tts-37214168,1,candidate_not_fully_validated
NUAN,2011-12-19,NUAN,same_symbol,tts-830036,tts-830036,1,candidate_not_fully_validated
EA,2011-12-20,EA,same_symbol,tts-36769516,tts-36769516,1,candidate_not_fully_validated
MNST,2012-01-09,MNST,same_symbol,tts-37214168,tts-37214168,1,candidate_not_fully_validated
TXN,2012-04-23,TXN,same_symbol,tts-37090221,tts-37090221,1,candidate_not_fully_validated
VIAB,2012-05-30,VIAB,same_symbol,tts-36228692,tts-36228692,1,candidate_not_fully_validated
KFT,2012-07-23,KFT,same_symbol,,,0,no_symbol_match
MDLZ,2012-10-02,MDLZ,same_symbol,tts-51210920,tts-51210920,1,candidate_not_fully_validated
FB,2012-12-12,FB,same_symbol,tts-359531590|tts-43902240,tts-43902240,1,candidate_not_fully_validated
ADI,2012-12-24,ADI,same_symbol,tts-41568568,tts-41568568,1,candidate_not_fully_validated
CTRX,2012-12-24,CTRX,same_symbol,tts-48237584,tts-48237584,1,candidate_not_fully_validated
DISCA,2012-12-24,DISCA,same_symbol,tts-3103596,tts-3103596,1,candidate_not_fully_validated
EQIX,2012-12-24,EQIX,same_symbol,tts-828800,tts-828800,1,candidate_not_fully_validated
LBTYA,2012-12-24,LBTYA,same_symbol,tts-1784188,tts-1784188,1,candidate_not_fully_validated
LMCA,2012-12-24,FWONA,inferred_unverified,tts-117027845,,0,no_date_overlap
REGN,2012-12-24,REGN,same_symbol,tts-830313,tts-830313,1,candidate_not_fully_validated
SBAC,2012-12-24,SBAC,same_symbol,tts-819921,tts-819921,1,candidate_not_fully_validated
VRSK,2012-12-24,VRSK,same_symbol,tts-20189978,tts-20189978,1,candidate_not_fully_validated
WDC,2012-12-24,WDC,same_symbol,tts-45576417,tts-45576417,1,candidate_not_fully_validated
STRZA,2013-01-15,STRZA,same_symbol,tts-54963811,tts-54963811,1,candidate_not_fully_validated
KRFT,2013-03-18,KRFT,same_symbol,,,0,no_symbol_match
FOXA,2013-07-01,FOXA,same_symbol,tts-61149824,,0,no_date_overlap
TSLA,2013-07-15,TSLA,same_symbol,tts-23947362,tts-23947362,1,candidate_not_fully_validated
CHTR,2013-07-25,CHTR,same_symbol,tts-828275,tts-828275,1,candidate_not_fully_validated
VIP,2013-10-29,VEON,inferred_unverified,tts-120075582,tts-120075582,1,candidate_not_fully_validated
MAR,2013-11-18,MAR,same_symbol,tts-65832501,tts-65832501,1,candidate_not_fully_validated
NXPI,2013-12-23,NXPI,same_symbol,tts-24429604,tts-24429604,1,candidate_not_fully_validated
TRIP,2013-12-23,TRIP,same_symbol,tts-36804965,tts-36804965,1,candidate_not_fully_validated
TSCO,2013-12-23,TSCO,same_symbol,tts-830823,tts-830823,1,candidate_not_fully_validated
GOOGL,2014-04-03,GOOGL,same_symbol,tts-71625495,tts-71625495,1,candidate_not_fully_validated
LMCK,2014-07-24,FWONK,inferred_unverified,tts-117027846,,0,no_date_overlap
DISCK,2014-08-07,DISCK,same_symbol,tts-15427298,tts-15427298,1,candidate_not_fully_validated
QVCA,2014-10-07,QRTEA,inferred_unverified,tts-137012693,tts-137012693,1,candidate_not_fully_validated
AAL,2014-12-22,AAL,same_symbol,tts-67645939,tts-67645939,1,candidate_not_fully_validated
FOX,2014-12-22,FOX,same_symbol,tts-61149825,,0,no_date_overlap
LBTYK,2014-12-22,LBTYK,same_symbol,tts-3250167,tts-3250167,1,candidate_not_fully_validated
WBA,2015-03-23,WBA,same_symbol,tts-80360010,tts-80360010,1,candidate_not_fully_validated
KHC,2015-07-02,KHC,same_symbol,tts-90308539,tts-90308539,1,candidate_not_fully_validated
LILA,2015-07-02,LILA,same_symbol,,,0,no_symbol_match
LILAK,2015-07-02,LILAK,same_symbol,,,0,no_symbol_match
BMRN,2015-07-27,BMRN,same_symbol,tts-831964,tts-831964,1,candidate_not_fully_validated
JD,2015-07-29,JD,same_symbol,tts-72890301,tts-72890301,1,candidate_not_fully_validated
SWKS,2015-08-03,SWKS,same_symbol,tts-830638,tts-830638,1,candidate_not_fully_validated
INCY,2015-10-07,INCY,same_symbol,tts-829309,tts-829309,1,candidate_not_fully_validated
PYPL,2015-11-11,PYPL,same_symbol,tts-91263224,tts-91263224,1,candidate_not_fully_validated
ENDP,2015-12-21,ENDP,same_symbol,tts-828772,tts-828772,1,candidate_not_fully_validated
NCLH,2015-12-21,NCLH,same_symbol,tts-132399257,tts-132399257,1,candidate_not_fully_validated
TMUS,2015-12-21,TMUS,same_symbol,tts-96423906,tts-96423906,1,candidate_not_fully_validated
ULTA,2015-12-21,ULTA,same_symbol,tts-11704179,tts-11704179,1,candidate_not_fully_validated
CSX,2016-02-22,CSX,same_symbol,tts-98691180,tts-98691180,1,candidate_not_fully_validated
NTES,2016-03-16,NTES,same_symbol,tts-830020,tts-830020,1,candidate_not_fully_validated
BATRA,2016-04-18,BATRA,same_symbol,tts-104028640,tts-104028640,1,candidate_not_fully_validated
BATRK,2016-04-18,BATRK,same_symbol,tts-104028642,tts-104028642,1,candidate_not_fully_validated
SHPG,2016-10-19,SHPG,same_symbol,tts-48237583,tts-48237583,1,candidate_not_fully_validated
HAS,2016-12-19,HAS,same_symbol,tts-17914161,tts-17914161,1,candidate_not_fully_validated
IDXX,2017-03-20,IDXX,same_symbol,tts-832406,tts-832406,1,candidate_not_fully_validated
MELI,2017-06-19,MELI,same_symbol,tts-11222722,tts-11222722,1,candidate_not_fully_validated
ALGN,2017-10-23,ALGN,same_symbol,tts-827425,tts-827425,1,candidate_not_fully_validated
ASML,2017-12-18,ASML,same_symbol,tts-827847,tts-827847,1,candidate_not_fully_validated
CDNS,2017-12-18,CDNS,same_symbol,tts-3468716,tts-3468716,1,candidate_not_fully_validated
SNPS,2017-12-18,SNPS,same_symbol,tts-830523,tts-830523,1,candidate_not_fully_validated
TTWO,2017-12-18,TTWO,same_symbol,tts-830842,tts-830842,1,candidate_not_fully_validated
WDAY,2017-12-18,WDAY,same_symbol,tts-127962865,tts-127962865,1,candidate_not_fully_validated
BKNG,2018-02-27,BKNG,same_symbol,tts-136266150,tts-136266150,1,candidate_not_fully_validated
QRTEA,2018-04-09,QRTEA,same_symbol,tts-137012693,tts-137012693,1,candidate_not_fully_validated
PEP,2018-07-23,PEP,same_symbol,tts-132468358,tts-132468358,1,candidate_not_fully_validated
XEL,2018-11-19,XEL,same_symbol,tts-132814882,tts-132814882,1,candidate_not_fully_validated
AMD,2018-12-24,AMD,same_symbol,tts-80383707,tts-80383707,1,candidate_not_fully_validated
LULU,2018-12-24,LULU,same_symbol,tts-11159809,tts-11159809,1,candidate_not_fully_validated
UAL,2018-12-24,UAL,same_symbol,tts-149357573,tts-149357573,1,candidate_not_fully_validated
WLTW,2018-12-24,WTW,inferred_unverified,,,0,no_symbol_match
NLOK,2019-11-05,NLOK,same_symbol,tts-177780551,tts-177780551,1,candidate_not_fully_validated
TCOM,2019-11-05,TCOM,same_symbol,tts-177780548,tts-177780548,1,candidate_not_fully_validated
EXC,2019-11-19,EXC,same_symbol,tts-175405676,tts-175405676,1,candidate_not_fully_validated
ANSS,2019-12-23,ANSS,same_symbol,tts-827769,tts-827769,1,candidate_not_fully_validated
CDW,2019-12-23,CDW,same_symbol,tts-61020822,tts-61020822,1,candidate_not_fully_validated
CPRT,2019-12-23,CPRT,same_symbol,tts-828408,tts-828408,1,candidate_not_fully_validated
CSGP,2019-12-23,CSGP,same_symbol,tts-832092,tts-832092,1,candidate_not_fully_validated
SGEN,2019-12-23,SGEN,same_symbol,tts-830459,tts-830459,1,candidate_not_fully_validated
SPLK,2019-12-23,SPLK,same_symbol,tts-41981429,tts-41981429,1,candidate_not_fully_validated
DXCM,2020-04-20,DXCM,same_symbol,tts-2711488,tts-2711488,1,candidate_not_fully_validated
ZM,2020-04-30,ZM,same_symbol,tts-163839424,tts-163839424,1,candidate_not_fully_validated
DOCU,2020-06-22,DOCU,same_symbol,tts-140322345,tts-140322345,1,candidate_not_fully_validated
MRNA,2020-07-20,MRNA,same_symbol,tts-14359676,tts-14359676,1,candidate_not_fully_validated
PDD,2020-08-24,PDD,same_symbol,tts-146910073,tts-146910073,1,candidate_not_fully_validated
KDP,2020-10-19,KDP,same_symbol,tts-203738082,tts-203738082,1,candidate_not_fully_validated
AEP,2020-12-21,AEP,same_symbol,tts-203738081,tts-203738081,1,candidate_not_fully_validated
MTCH,2020-12-21,MTCH,same_symbol,tts-97315627,tts-97315627,1,candidate_not_fully_validated
OKTA,2020-12-21,OKTA,same_symbol,tts-120195246,tts-120195246,1,candidate_not_fully_validated
PTON,2020-12-21,PTON,same_symbol,tts-174238383,tts-174238383,1,candidate_not_fully_validated
TEAM,2020-12-21,TEAM,same_symbol,tts-830674,tts-830674,1,candidate_not_fully_validated
HON,2021-07-21,HON,same_symbol,tts-219587327,tts-219587327,1,candidate_not_fully_validated
CRWD,2021-08-26,CRWD,same_symbol,tts-167018563,tts-167018563,1,candidate_not_fully_validated
ABNB,2021-12-20,ABNB,same_symbol,tts-207966789,tts-207966789,1,candidate_not_fully_validated
DDOG,2021-12-20,DDOG,same_symbol,tts-174002103,tts-174002103,1,candidate_not_fully_validated
FTNT,2021-12-20,FTNT,same_symbol,tts-20508704,tts-20508704,1,candidate_not_fully_validated
LCID,2021-12-20,LCID,same_symbol,tts-224517911,tts-224517911,1,candidate_not_fully_validated
PANW,2021-12-20,PANW,same_symbol,tts-231697626,tts-231697626,1,candidate_not_fully_validated
ZS,2021-12-20,ZS,same_symbol,tts-137190768,tts-137190768,1,candidate_not_fully_validated
ODFL,2022-01-24,ODFL,same_symbol,tts-818221,tts-818221,1,candidate_not_fully_validated
CEG,2022-02-02,CEG,same_symbol,tts-239110702|tts-818716,tts-239110702|tts-818716,2,ambiguous_identity
AZN,2022-02-22,AZN,same_symbol,tts-203249662,tts-203249662,1,candidate_not_fully_validated
META,2022-06-09,META,same_symbol,tts-222568848,tts-222568848,1,candidate_not_fully_validated
ENPH,2022-11-21,ENPH,same_symbol,tts-40948542,tts-40948542,1,candidate_not_fully_validated
BKR,2022-12-19,BKR,same_symbol,tts-234941877,tts-234941877,1,candidate_not_fully_validated
FANG,2022-12-19,FANG,same_symbol,tts-51776389,tts-51776389,1,candidate_not_fully_validated
GFS,2022-12-19,GFS,same_symbol,tts-231055357,tts-231055357,1,candidate_not_fully_validated
RIVN,2022-12-19,RIVN,same_symbol,tts-232151446,tts-232151446,1,candidate_not_fully_validated
WBD,2022-12-19,WBD,same_symbol,tts-245373754,tts-245373754,1,candidate_not_fully_validated
GEHC,2023-06-07,GEHC,same_symbol,tts-268663742,tts-268663742,1,candidate_not_fully_validated
ON,2023-06-20,ON,same_symbol,tts-85128742,tts-85128742,1,candidate_not_fully_validated
TTD,2023-07-17,TTD,same_symbol,tts-110325346,tts-110325346,1,candidate_not_fully_validated
CCEP,2023-12-18,CCEP,same_symbol,tts-228473225,tts-228473225,1,candidate_not_fully_validated
DASH,2023-12-18,DASH,same_symbol,tts-291149473,tts-291149473,1,candidate_not_fully_validated
MDB,2023-12-18,MDB,same_symbol,tts-129307390,tts-129307390,1,candidate_not_fully_validated
ROP,2023-12-18,ROP,same_symbol,tts-284392746,tts-284392746,1,candidate_not_fully_validated
LIN,2024-03-18,LIN,same_symbol,tts-294951046,tts-294951046,1,candidate_not_fully_validated
ARM,2024-06-24,ARM,same_symbol,tts-289578745,tts-289578745,1,candidate_not_fully_validated
SMCI,2024-07-22,SMCI,same_symbol,tts-181976270,tts-181976270,1,candidate_not_fully_validated
APP,2024-11-18,APP,same_symbol,tts-217036446,tts-217036446,1,candidate_not_fully_validated
AXON,2024-12-23,AXON,same_symbol,tts-127281511,tts-127281511,1,candidate_not_fully_validated
MSTR,2024-12-23,MSTR,same_symbol,tts-829808,tts-829808,1,candidate_not_fully_validated
PLTR,2024-12-23,PLTR,same_symbol,tts-202005198,tts-202005198,1,candidate_not_fully_validated
SHOP,2025-05-19,SHOP,same_symbol,tts-87928298,tts-87928298,1,candidate_not_fully_validated
TRI,2025-07-28,TRI,same_symbol,tts-827441,tts-827441,1,candidate_not_fully_validated
SOLS,2025-10-30,SOLS,same_symbol,,,0,no_symbol_match
ALNY,2025-12-22,ALNY,same_symbol,tts-1781672,tts-1781672,1,candidate_not_fully_validated
FER,2025-12-22,FER,same_symbol,tts-310935268,tts-310935268,1,candidate_not_fully_validated
INSM,2025-12-22,INSM,same_symbol,tts-832423,tts-832423,1,candidate_not_fully_validated
MPWR,2025-12-22,MPWR,same_symbol,tts-2098957,tts-2098957,1,candidate_not_fully_validated
VSNT,2026-01-05,VSNT,same_symbol,,,0,no_symbol_match
WMT,2026-01-20,WMT,same_symbol,tts-827665,tts-827665,1,candidate_not_fully_validated
LITE,2026-05-18,LITE,same_symbol,tts-92502189,tts-92502189,1,candidate_not_fully_validated
ALAB,2026-06-22,ALAB,same_symbol,tts-306428272,tts-306428272,1,candidate_not_fully_validated
CRWV,2026-06-22,CRWV,same_symbol,tts-347224215,tts-347224215,1,candidate_not_fully_validated
NBIS,2026-06-22,NBIS,same_symbol,tts-320792105,tts-320792105,1,candidate_not_fully_validated
RKLB,2026-06-22,RKLB,same_symbol,tts-226809961,tts-226809961,1,candidate_not_fully_validated
TER,2026-06-22,TER,same_symbol,tts-158183018,tts-158183018,1,candidate_not_fully_validated
HONA,2026-06-29,HONA,same_symbol,tts-410496110,tts-410496110,1,candidate_not_fully_validated
SPCX,2026-07-07,SPCX,same_symbol,tts-208710142,tts-208710142,1,candidate_not_fully_validated
