name,sector,symbol,exchange,id,cik,FIGI,date,factor_change,previous_split_cumprod,split_cumprod,prior_close,close,divs,noninteger_factor
Tractor Supply Company,Consumer Goods,TSCO,NAS,tts-830823,916365,tts-830823,2010-09-03,2.0,0.05,0.1,3.5705,3.631,0.0,False
Insmed Incorporated,Healthcare,INSM,NAS,tts-832423,1104506,tts-832423,2011-03-03,0.1,10.0,1.0,5.001,5.35,0.0,False
Fastenal Company,Consumer Goods,FAST,NAS,tts-828870,815556,tts-828870,2011-05-23,2.0,0.125,0.25,8.21375,8.1,0.0,False
Fortinet Inc,IT/Telecommunications,FTNT,NAS,tts-20508704,1262039,tts-20508704,2011-06-02,2.0,0.1,0.2,4.97,4.702,0.0,False
CSX Corporation,Industry,CSX,NAS,tts-98691180,277948,tts-98691180,2011-06-16,3.0000030000029967,0.111111,0.333333333333333,8.1089,8.1,0.0,False
Lululemon Athletica Inc,Consumer Goods,LULU,NAS,tts-11159809,1397187,tts-11159809,2011-07-12,2.0,0.5,1.0,58.89,59.92,0.0,False
Ross Stores Inc,Consumer Goods,ROST,NAS,tts-830361,745732,tts-830361,2011-12-16,2.0,0.25,0.5,23.205,23.5,0.0,False
Monster Beverage Corporation,,MNST,NAS,tts-37214168,865752,tts-37214168,2012-02-16,2.0,0.041666625,0.08333325,4.4379,4.41585,0.0,False
Copart  Inc,Consumer Goods,CPRT,NAS,tts-828408,900075,tts-828408,2012-03-29,2.0,0.0625,0.125,3.3025,3.28,0.0,False
Dollar Tree Inc,Consumer Goods,DLTR,NAS,tts-828632,935703,tts-828632,2012-06-27,2.0,0.5,1.0,55.49,53.48,0.0,False
Old Dominion Freight Line Inc,Industry,ODFL,NAS,tts-818221,878927,tts-818221,2012-09-10,1.5,0.222222222222222,0.333333333333333,10.1756,10.2834,0.0,True
Gilead Sciences Inc,Healthcare,GILD,NAS,tts-829063,882095,tts-829063,2013-01-28,2.0,0.5,1.0,39.68,39.44,0.0,False
Tractor Supply Company,Consumer Goods,TSCO,NAS,tts-830823,916365,tts-830823,2013-09-27,2.0,0.1,0.2,13.233,13.28,0.0,False
Cognizant Technology Solutions Corporation,IT/Telecommunications,CTSH,NAS,tts-828513,1058290,tts-828513,2014-03-10,2.0,0.5,1.0,53.61,52.9,0.0,False
Apple Inc,IT/Telecommunications,AAPL,NAS,tts-831814,320193,tts-831814,2014-06-09,7.000007000007,0.03571425,0.25,23.0561,23.425,0.0,False
Infosys Limited American Depositary Shares,IT/Telecommunications,INFY,NYS,tts-53833112,1067491,tts-53833112,2014-12-08,2.0,0.125,0.25,8.42,8.08,0.0,False
Gentex Corporation,Industry,GNTX,NAS,tts-832326,355811,tts-832326,2015-01-02,2.0,0.5,1.0,18.065,17.93,0.0,False
Starbucks Corporation,Consumer Goods,SBUX,NAS,tts-830408,829224,tts-830408,2015-04-09,2.0,0.5,1.0,47.615,47.96,0.0,False
Ross Stores Inc,Consumer Goods,ROST,NAS,tts-830361,745732,tts-830361,2015-06-12,2.0,0.5,1.0,48.93,48.53,2.0,False
IDEXX Laboratories Inc,Healthcare,IDXX,NAS,tts-832406,874716,tts-832406,2015-06-16,2.0,0.5,1.0,66.22,66.435,0.0,False
Infosys Limited American Depositary Shares,IT/Telecommunications,INFY,NYS,tts-53833112,1067491,tts-53833112,2015-06-25,2.0,0.25,0.5,7.88,8.07,0.0,False
Netflix Inc,IT/Telecommunications,NFLX,NAS,tts-829933,1065280,tts-829933,2015-07-15,7.000007000007001,0.0142857,0.1,10.03714,9.813,0.0,False
AstraZeneca PLC,Healthcare,AZN,NYS,tts-203249662,901832,tts-203249662,2015-07-27,2.0,0.5,1.0,16.44,32.71,0.0,False
"Ryanair Holdings plc - American Depositary Shares, each representing five Ordinary Shares",,RYAAY,NAS,tts-830379,1038683,tts-830379,2015-10-28,0.9750000243750007,0.4102564,0.4,33.05024,32.216,0.62604,True
Trip.com Group Limited - American Depositary Shares,,TCOM,NAS,tts-177780548,1269238,tts-177780548,2015-12-02,2.0,0.5,1.0,54.425,53.75,0.0,False
Monster Beverage Corporation,,MNST,NAS,tts-37214168,865752,tts-37214168,2016-11-10,3.0000030000030002,0.08333325,0.25,11.04915,10.5825,0.0,False
Qiagen N.V. Common Shares,,QGEN,NYS,tts-133282628,1015820,tts-133282628,2017-01-25,0.962962534979619,1.12692566467716,1.08518719479111,31.2421052631579,30.4947368421053,1.09473684210526,True
Comcast Corporation,IT/Telecommunications,CMCSA,NAS,tts-828340,1166691,tts-828340,2017-02-21,1.9999999999999978,0.468603561387067,0.937207122774133,35.2952202436739,35.5107778819119,0.0,False
Copart  Inc,Consumer Goods,CPRT,NAS,tts-828408,900075,tts-828408,2017-04-11,2.0,0.125,0.25,7.5138,7.53,0.0,False
Henry Schein Inc,Healthcare,HSIC,NAS,tts-829202,1000228,tts-829202,2017-09-15,2.0,0.392156862745098,0.784313725490196,63.1638,64.9707,0.0,False
Intuitive Surgical Inc,Healthcare,ISRG,NAS,tts-829383,1035267,tts-829383,2017-10-06,3.0000030000029967,0.111111,0.333333333333333,121.0756,120.49,0.0,False
Infosys Limited American Depositary Shares,IT/Telecommunications,INFY,NYS,tts-53833112,1067491,tts-53833112,2018-09-12,2.0,0.5,1.0,10.49,10.55,0.0,False
Honeywell International Inc,,HON,NAS,tts-219587327,773840,tts-219587327,2018-10-01,1.0109999999999995,0.903345245710955,0.913282043413775,156.833176248822,156.870876531574,0.0,True
Honeywell International Inc,,HON,NAS,tts-219587327,773840,tts-219587327,2018-10-29,1.0320000000000003,0.913282043413775,0.942507068803016,137.643732327992,132.950047125353,0.0,True
Henry Schein Inc,Healthcare,HSIC,NAS,tts-829202,1000228,tts-829202,2019-02-08,1.2750000000000001,0.784313725490196,1.0,62.47,59.15,0.0,True
Fastenal Company,Consumer Goods,FAST,NAS,tts-828870,815556,tts-828870,2019-05-23,2.0,0.25,0.5,16.07,15.67,0.0,False
Old Dominion Freight Line Inc,Industry,ODFL,NAS,tts-818221,878927,tts-818221,2020-03-25,1.5000000000000016,0.333333333333333,0.5,62.6234,67.765,0.0,True
Tesla Inc,Industry,TSLA,NAS,tts-23947362,1318605,tts-23947362,2020-08-31,4.999999999999993,0.0666666666666667,0.333333333333333,147.56,166.1067,0.0,False
Apple Inc,IT/Telecommunications,AAPL,NAS,tts-831814,320193,tts-831814,2020-08-31,4.0,0.25,1.0,124.8075,129.04,0.0,False
"NetEase, Inc. - American Depositary Shares, each representing 5 ordinary shares",IT/Telecommunications,NTES,NAS,tts-830020,1110646,tts-830020,2020-10-02,5.0,0.2,1.0,92.718,89.1,0.0,False
The Trade Desk Inc,,TTD,NAS,tts-110325346,1671933,tts-110325346,2021-06-17,10.0,0.1,1.0,59.02,62.14,0.0,False
CoStar Group Inc,Industry,CSGP,NAS,tts-832092,1057352,tts-832092,2021-06-28,10.0,0.1,1.0,88.265,84.92,0.0,False
CSX Corporation,Industry,CSX,NAS,tts-98691180,277948,tts-98691180,2021-06-29,3.000000000000003,0.333333333333333,1.0,31.7733,31.56,0.0,False
NVIDIA Corporation,IT/Telecommunications,NVDA,NAS,tts-830046,1045810,tts-830046,2021-07-20,4.0,0.025,0.1,18.77975,18.612,0.0,False
Intuitive Surgical Inc,Healthcare,ISRG,NAS,tts-829383,1035267,tts-829383,2021-10-05,3.000000000000003,0.333333333333333,1.0,323.5,330.07,0.0,False
Microchip Technology Inc,IT/Telecommunications,MCHP,NAS,tts-829623,827054,tts-829623,2021-10-13,2.0,0.5,1.0,70.495,70.25,0.0,False
Dell Technologies Inc,,DELL,NYS,tts-157040141,1571996,tts-157040141,2021-11-02,1.9730000000000003,0.506842372022301,1.0,56.49,54.61,0.0,True
Exelon Corporation,Energy,EXC,NAS,tts-175405676,1109357,tts-175405676,2022-02-02,1.401999999999999,0.713266761768902,1.0,41.2533,42.86,0.0,True
Amazon.com Inc,IT/Telecommunications,AMZN,NAS,tts-827705,1018724,tts-827705,2022-06-06,20.0,0.05,1.0,122.35,124.79,0.0,False
DexCom Inc,Healthcare,DXCM,NAS,tts-2711488,1093557,tts-2711488,2022-06-13,4.0,0.25,1.0,73.4625,68.06,0.0,False
Fortinet Inc,IT/Telecommunications,FTNT,NAS,tts-20508704,1262039,tts-20508704,2022-06-23,5.0,0.2,1.0,55.688,56.8,0.0,False
Shopify Inc,,SHOP,NAS,tts-87928298,1594805,tts-87928298,2022-06-29,10.0,0.1,1.0,35.026,33.05,0.0,False
Alphabet C,,GOOG,NAS,tts-1947579,1652044,tts-1947579,2022-07-18,20.0,0.05,1.0,112.767,109.91,0.0,False
Alphabet A,,GOOGL,NAS,tts-71625495,1652044,tts-71625495,2022-07-18,20.0,0.05,1.0,111.7775,109.03,0.0,False
Tesla Inc,Industry,TSLA,NAS,tts-23947362,1318605,tts-23947362,2022-08-25,3.000000000000003,0.333333333333333,1.0,297.0967,296.07,0.0,False
Palo Alto Networks Inc,IT/Telecommunications,PANW,NAS,tts-231697626,1327567,tts-231697626,2022-09-14,3.000000000000012,0.166666666666666,0.5,91.48,91.03,0.0,False
Copart  Inc,Consumer Goods,CPRT,NAS,tts-828408,900075,tts-828408,2022-11-04,2.0,0.25,0.5,28.3475,28.69,0.0,False
PACCAR Inc,Industry,PCAR,NAS,tts-830133,75362,tts-830133,2023-02-08,1.4999999999999993,0.666666666666667,1.0,73.5267,71.95,0.0,True
VEON Ltd. - American Depositary Shares,,VEON,NAS,tts-120075582,1468091,tts-120075582,2023-03-08,0.04,25.0,1.0,17.905,18.09,0.0,False
Monster Beverage Corporation,,MNST,NAS,tts-37214168,865752,tts-37214168,2023-03-28,2.0,0.25,0.5,26.1675,25.8,0.0,False
Steel Connect Inc,,STCN,NAS,tts-136266149,914712,tts-136266149,2023-06-22,0.10714285714285696,9.33333333333335,1.0,7.7411,9.18,0.0,True
Thomson Reuters Corporation,,TRI,NAS,tts-827441,1075124,tts-827441,2023-06-23,0.963956999999995,1.0536591695687,1.01568213211993,132.70902738279,135.695132851223,4.92097993012107,True
Liberty Media Corporation - Series A Common Stock,,FWONA,NAS,tts-117027845,1560385,tts-117027845,2023-07-20,1.0179999999999998,0.982318271119843,1.0,65.479,64.83,0.0,True
Liberty Media Corporation - Series C Common Stock,,FWONK,NAS,tts-117027846,1560385,tts-117027846,2023-07-20,1.0170000000000001,0.983284169124877,1.0,72.1294,71.96,0.0,True
Copart  Inc,Consumer Goods,CPRT,NAS,tts-828408,900075,tts-828408,2023-08-22,2.0,0.5,1.0,43.49,43.79,0.0,False
Qiagen N.V. Common Shares,,QGEN,NYS,tts-133282628,1015820,tts-133282628,2024-01-30,0.9699999999999938,1.08518719479111,1.05263157894737,48.0105263157895,45.8315789473684,1.38947368421053,True
Walmart Inc,Consumer Goods,WMT,NAS,tts-827665,104169,tts-827665,2024-02-26,3.000000000000003,0.333333333333333,1.0,58.52,59.6,0.0,False
Old Dominion Freight Line Inc,Industry,ODFL,NAS,tts-818221,878927,tts-818221,2024-03-28,2.0,0.5,1.0,213.975,219.31,0.0,False
NVIDIA Corporation,IT/Telecommunications,NVDA,NAS,tts-830046,1045810,tts-830046,2024-06-10,10.0,0.1,1.0,120.888,121.79,0.0,False
Illumina Inc,Healthcare,ILMN,NAS,tts-829281,1110803,tts-829281,2024-06-25,1.0279999999999998,0.972762645914397,1.0,107.237354085603,109.84,0.0,True
Broadcom Inc,,AVGO,NAS,tts-3685519,1730168,tts-3685519,2024-07-15,10.0,0.1,1.0,170.067,171.42,0.0,False
Strategy Inc,IT/Telecommunications,MSTR,NAS,tts-829808,1050446,tts-829808,2024-08-08,10.0,0.1,1.0,124.685,135.99,0.0,False
SiriusXM Holdings Inc.,,SIRI,NAS,tts-830484,908937,tts-830484,2024-09-10,0.1,10.0,1.0,26.7,27.38,0.0,False
Cintas Corporation,Industry,CTAS,NAS,tts-832098,723254,tts-832098,2024-09-12,4.0,0.25,1.0,204.9575,206.02,0.0,False
"Ryanair Holdings plc - American Depositary Shares, each representing five Ordinary Shares",,RYAAY,NAS,tts-830379,1038683,tts-830379,2024-09-30,2.5,0.4,1.0,45.072,45.18,0.0,True
Super Micro Computer Inc,,SMCI,NAS,tts-181976270,1375365,tts-181976270,2024-10-01,10.0,0.1,1.0,41.64,40.55,0.0,False
Lam Research Corporation,,LRCX,NAS,tts-832505,707549,tts-832505,2024-10-03,10.0,0.1,1.0,81.409,81.11,0.0,False
Palo Alto Networks Inc,IT/Telecommunications,PANW,NAS,tts-231697626,1327567,tts-231697626,2024-12-16,2.0,0.5,1.0,196.56,202.5,0.0,False
Tractor Supply Company,Consumer Goods,TSCO,NAS,tts-830823,916365,tts-830823,2024-12-20,5.0,0.2,1.0,52.806,53.92,0.0,False
"MiNK Therapeutics, Inc.",,INKT,NAS,tts-230505167,1840229,tts-230505167,2025-01-28,0.1,10.0,1.0,8.839,5.51,0.0,False
Fastenal Company,Consumer Goods,FAST,NAS,tts-828870,815556,tts-828870,2025-05-22,2.0,0.5,1.0,40.73,40.715,0.0,False
O Reilly Automotive Inc,Consumer Goods,ORLY,NAS,tts-818315,898173,tts-818315,2025-06-10,14.999999999999995,0.0666666666666667,1.0,89.8733,91.71,0.0,False
"Lucid Group, Inc.",,LCID,NAS,tts-224517911,1811210,tts-224517911,2025-09-02,0.1,10.0,1.0,19.8,17.66,0.0,False
Honeywell International Inc,,HON,NAS,tts-219587327,773840,tts-219587327,2025-10-30,1.061,0.942507068803016,1.0,200.650329877474,200.11,0.0,True
Netflix Inc,IT/Telecommunications,NFLX,NAS,tts-829933,1065280,tts-829933,2025-11-17,10.0,0.1,1.0,111.217,110.29,0.0,False
Comcast Corporation,IT/Telecommunications,CMCSA,NAS,tts-828340,1166691,tts-828340,2026-01-05,1.0670000000000002,0.937207122774133,1.0,27.6850984067479,28.13,1.6228,True
Qiagen N.V. Common Shares,,QGEN,NYS,tts-133282628,1015820,tts-133282628,2026-01-08,0.9499999999999986,1.05263157894737,1.0,49.8,48.45,2.29,True
Booking Holdings Inc,,BKNG,NAS,tts-136266150,1075531,tts-136266150,2026-04-06,25.0,0.04,1.0,167.7724,176.19,0.0,False
Thomson Reuters Corporation,,TRI,NAS,tts-827441,1075124,tts-827441,2026-05-04,0.9845600000000017,1.01568213211993,1.0,95.8905500934428,95.75,1.4355,True
KLA Corporation,IT/Telecommunications,KLAC,NAS,tts-832472,319201,tts-832472,2026-06-12,10.0,0.1,1.0,241.164,254.54,0.0,False
CrowdStrike Holdings Inc,,CRWD,NAS,tts-167018563,1535527,tts-167018563,2026-07-02,4.0,0.25,1.0,193.185,193.98,0.0,False
Monster Beverage Corporation,,MNST,NAS,tts-37214168,865752,tts-37214168,2026-08-11,2.0,0.5,1.0,22.8575,45.53,0.0,False
