date,old_source_date,new_source_date,old_age,new_age
2010-09-30,2009-09-30,2010-06-30,365,92
2010-10-29,2009-09-30,2010-06-30,394,121
2010-11-30,2009-09-30,2010-09-30,426,61
2010-12-31,2009-09-30,2010-09-30,457,92
2011-01-31,2010-09-30,2010-09-30,123,123
2011-02-28,2010-09-30,2010-09-30,151,151
2011-03-31,2010-09-30,2010-12-31,182,90
2011-04-29,2011-04-04,2011-04-04,25,25
2011-05-31,2011-05-02,2011-05-02,29,29
2011-06-30,2011-05-02,2011-05-02,59,59
2011-07-29,2011-05-02,2011-05-02,88,88
2011-08-31,2011-05-02,2011-05-02,121,121
2011-09-30,2011-05-02,2011-06-30,151,92
2011-10-31,2011-05-02,2011-06-30,182,123
2011-11-30,2011-05-02,2011-09-30,212,61
2011-12-30,2011-05-02,2011-09-30,242,91
2012-01-31,2011-09-30,2011-09-30,123,123
2012-02-29,2011-09-30,2011-09-30,152,152
2012-03-30,2011-09-30,2011-12-31,182,90
2012-04-30,2011-09-30,2011-12-31,213,121
2012-05-31,2011-09-30,2012-03-31,244,61
2012-06-29,2011-09-30,2012-03-31,273,90
2012-07-31,2011-09-30,2012-03-31,305,122
2012-08-31,2011-09-30,2012-06-30,336,62
2012-09-28,2011-09-30,2012-06-30,364,90
2012-10-31,2011-09-30,2012-06-30,397,123
2012-11-30,2011-09-30,2012-09-30,427,61
2012-12-31,2011-09-30,2012-09-30,458,92
2013-01-31,2012-09-30,2012-09-30,123,123
2013-02-28,2012-09-30,2012-09-30,151,151
2013-03-28,2012-09-30,2012-12-31,179,87
2013-04-30,2012-09-30,2012-12-31,212,120
2013-05-31,2012-09-30,2013-03-31,243,61
2013-06-28,2012-09-30,2013-03-31,271,89
2013-07-31,2012-09-30,2013-03-31,304,122
2013-08-30,2012-09-30,2013-03-31,334,152
2013-09-30,2012-09-30,2013-06-30,365,92
2013-10-31,2012-09-30,2013-06-30,396,123
2013-11-29,2012-09-30,2013-09-30,425,60
2013-12-31,2012-09-30,2013-09-30,457,92
