effective_date,available_date,security_id,is_member,reason,availability_quality
2010-01-01,2010-01-01,__CASH__,False,historical_membership_snapshot,ASSUMED_public_by_effective_date_used_only_after_date
2010-01-01,2010-01-01,isin:US50076Q1067,False,historical_membership_snapshot,ASSUMED_public_by_effective_date_used_only_after_date
2010-01-01,2010-01-01,isin:US5312291025,False,historical_membership_snapshot,ASSUMED_public_by_effective_date_used_only_after_date
2010-01-01,2010-01-01,isin:US5312291108,False,historical_membership_snapshot,ASSUMED_public_by_effective_date_used_only_after_date
2010-01-01,2010-01-01,isin:US5312293005,False,historical_membership_snapshot,ASSUMED_public_by_effective_date_used_only_after_date
2010-01-01,2010-01-01,isin:US9843321061,True,historical_membership_snapshot,ASSUMED_public_by_effective_date_used_only_after_date
2010-01-01,2010-01-01,tts-104028640,False,historical_membership_snapshot,ASSUMED_public_by_effective_date_used_only_after_date
2010-01-01,2010-01-01,tts-104028642,False,historical_membership_snapshot,ASSUMED_public_by_effective_date_used_only_after_date
2010-01-01,2010-01-01,tts-1076458,True,historical_membership_snapshot,ASSUMED_public_by_effective_date_used_only_after_date
2010-01-01,2010-01-01,tts-110325346,False,historical_membership_snapshot,ASSUMED_public_by_effective_date_used_only_after_date
2010-01-01,2010-01-01,tts-11159809,False,historical_membership_snapshot,ASSUMED_public_by_effective_date_used_only_after_date
2010-01-01,2010-01-01,tts-11222722,False,historical_membership_snapshot,ASSUMED_public_by_effective_date_used_only_after_date
2010-01-01,2010-01-01,tts-117027845,False,historical_membership_snapshot,ASSUMED_public_by_effective_date_used_only_after_date
2010-01-01,2010-01-01,tts-117027846,False,historical_membership_snapshot,ASSUMED_public_by_effective_date_used_only_after_date
2010-01-01,2010-01-01,tts-11704179,False,historical_membership_snapshot,ASSUMED_public_by_effective_date_used_only_after_date
2010-01-01,2010-01-01,tts-120075582,False,historical_membership_snapshot,ASSUMED_public_by_effective_date_used_only_after_date
2010-01-01,2010-01-01,tts-120195246,False,historical_membership_snapshot,ASSUMED_public_by_effective_date_used_only_after_date
2010-01-01,2010-01-01,tts-12035732,True,historical_membership_snapshot,ASSUMED_public_by_effective_date_used_only_after_date
2010-01-01,2010-01-01,tts-127281511,False,historical_membership_snapshot,ASSUMED_public_by_effective_date_used_only_after_date
2010-01-01,2010-01-01,tts-127962865,False,historical_membership_snapshot,ASSUMED_public_by_effective_date_used_only_after_date
2010-01-01,2010-01-01,tts-129193787,True,historical_membership_snapshot,ASSUMED_public_by_effective_date_used_only_after_date
2010-01-01,2010-01-01,tts-129307390,False,historical_membership_snapshot,ASSUMED_public_by_effective_date_used_only_after_date
2010-01-01,2010-01-01,tts-130097863,True,historical_membership_snapshot,ASSUMED_public_by_effective_date_used_only_after_date
2010-01-01,2010-01-01,tts-132399257,False,historical_membership_snapshot,ASSUMED_public_by_effective_date_used_only_after_date
2010-01-01,2010-01-01,tts-132468358,False,historical_membership_snapshot,ASSUMED_public_by_effective_date_used_only_after_date
2010-01-01,2010-01-01,tts-132814882,False,historical_membership_snapshot,ASSUMED_public_by_effective_date_used_only_after_date
2010-01-01,2010-01-01,tts-133282628,True,historical_membership_snapshot,ASSUMED_public_by_effective_date_used_only_after_date
2010-01-01,2010-01-01,tts-136266150,True,historical_membership_snapshot,ASSUMED_public_by_effective_date_used_only_after_date
2010-01-01,2010-01-01,tts-137012693,True,historical_membership_snapshot,ASSUMED_public_by_effective_date_used_only_after_date
2010-01-01,2010-01-01,tts-137190768,False,historical_membership_snapshot,ASSUMED_public_by_effective_date_used_only_after_date
2010-01-01,2010-01-01,tts-14011355,True,historical_membership_snapshot,ASSUMED_public_by_effective_date_used_only_after_date
2010-01-01,2010-01-01,tts-140322345,False,historical_membership_snapshot,ASSUMED_public_by_effective_date_used_only_after_date
2010-01-01,2010-01-01,tts-14359676,False,historical_membership_snapshot,ASSUMED_public_by_effective_date_used_only_after_date
2010-01-01,2010-01-01,tts-146910073,False,historical_membership_snapshot,ASSUMED_public_by_effective_date_used_only_after_date
2010-01-01,2010-01-01,tts-149357573,False,historical_membership_snapshot,ASSUMED_public_by_effective_date_used_only_after_date
2010-01-01,2010-01-01,tts-15401130,True,historical_membership_snapshot,ASSUMED_public_by_effective_date_used_only_after_date
2010-01-01,2010-01-01,tts-15427298,False,historical_membership_snapshot,ASSUMED_public_by_effective_date_used_only_after_date
2010-01-01,2010-01-01,tts-158183018,False,historical_membership_snapshot,ASSUMED_public_by_effective_date_used_only_after_date
2010-01-01,2010-01-01,tts-15888595,True,historical_membership_snapshot,ASSUMED_public_by_effective_date_used_only_after_date
2010-01-01,2010-01-01,tts-159320127,False,historical_membership_snapshot,ASSUMED_public_by_effective_date_used_only_after_date
2010-01-01,2010-01-01,tts-161284558,False,historical_membership_snapshot,ASSUMED_public_by_effective_date_used_only_after_date
2010-01-01,2010-01-01,tts-161284560,True,historical_membership_snapshot,ASSUMED_public_by_effective_date_used_only_after_date
2010-01-01,2010-01-01,tts-163839424,False,historical_membership_snapshot,ASSUMED_public_by_effective_date_used_only_after_date
2010-01-01,2010-01-01,tts-167018563,False,historical_membership_snapshot,ASSUMED_public_by_effective_date_used_only_after_date
2010-01-01,2010-01-01,tts-16784810,True,historical_membership_snapshot,ASSUMED_public_by_effective_date_used_only_after_date
2010-01-01,2010-01-01,tts-174002103,False,historical_membership_snapshot,ASSUMED_public_by_effective_date_used_only_after_date
2010-01-01,2010-01-01,tts-174238383,False,historical_membership_snapshot,ASSUMED_public_by_effective_date_used_only_after_date
2010-01-01,2010-01-01,tts-175405676,False,historical_membership_snapshot,ASSUMED_public_by_effective_date_used_only_after_date
2010-01-01,2010-01-01,tts-177780548,False,historical_membership_snapshot,ASSUMED_public_by_effective_date_used_only_after_date
2010-01-01,2010-01-01,tts-177780551,True,historical_membership_snapshot,ASSUMED_public_by_effective_date_used_only_after_date
2010-01-01,2010-01-01,tts-1781672,False,historical_membership_snapshot,ASSUMED_public_by_effective_date_used_only_after_date
2010-01-01,2010-01-01,tts-1784188,False,historical_membership_snapshot,ASSUMED_public_by_effective_date_used_only_after_date
2010-01-01,2010-01-01,tts-17914161,False,historical_membership_snapshot,ASSUMED_public_by_effective_date_used_only_after_date
2010-01-01,2010-01-01,tts-17914522,True,historical_membership_snapshot,ASSUMED_public_by_effective_date_used_only_after_date
2010-01-01,2010-01-01,tts-17914799,False,historical_membership_snapshot,ASSUMED_public_by_effective_date_used_only_after_date
2010-01-01,2010-01-01,tts-17916214,True,historical_membership_snapshot,ASSUMED_public_by_effective_date_used_only_after_date
2010-01-01,2010-01-01,tts-17917826,True,historical_membership_snapshot,ASSUMED_public_by_effective_date_used_only_after_date
2010-01-01,2010-01-01,tts-181976270,False,historical_membership_snapshot,ASSUMED_public_by_effective_date_used_only_after_date
2010-01-01,2010-01-01,tts-1839830,True,historical_membership_snapshot,ASSUMED_public_by_effective_date_used_only_after_date
2010-01-01,2010-01-01,tts-1947579,False,historical_membership_snapshot,ASSUMED_public_by_effective_date_used_only_after_date
2010-01-01,2010-01-01,tts-20189978,False,historical_membership_snapshot,ASSUMED_public_by_effective_date_used_only_after_date
2010-01-01,2010-01-01,tts-202005198,False,historical_membership_snapshot,ASSUMED_public_by_effective_date_used_only_after_date
2010-01-01,2010-01-01,tts-203249662,False,historical_membership_snapshot,ASSUMED_public_by_effective_date_used_only_after_date
2010-01-01,2010-01-01,tts-20366359,False,historical_membership_snapshot,ASSUMED_public_by_effective_date_used_only_after_date
2010-01-01,2010-01-01,tts-203738081,False,historical_membership_snapshot,ASSUMED_public_by_effective_date_used_only_after_date
2010-01-01,2010-01-01,tts-203738082,False,historical_membership_snapshot,ASSUMED_public_by_effective_date_used_only_after_date
2010-01-01,2010-01-01,tts-20508704,False,historical_membership_snapshot,ASSUMED_public_by_effective_date_used_only_after_date
2010-01-01,2010-01-01,tts-207966789,False,historical_membership_snapshot,ASSUMED_public_by_effective_date_used_only_after_date
2010-01-01,2010-01-01,tts-208710142,False,historical_membership_snapshot,ASSUMED_public_by_effective_date_used_only_after_date
2010-01-01,2010-01-01,tts-2098957,False,historical_membership_snapshot,ASSUMED_public_by_effective_date_used_only_after_date
2010-01-01,2010-01-01,tts-217036446,False,historical_membership_snapshot,ASSUMED_public_by_effective_date_used_only_after_date
2010-01-01,2010-01-01,tts-219587327,False,historical_membership_snapshot,ASSUMED_public_by_effective_date_used_only_after_date
2010-01-01,2010-01-01,tts-222568848,False,historical_membership_snapshot,ASSUMED_public_by_effective_date_used_only_after_date
2010-01-01,2010-01-01,tts-224517911,False,historical_membership_snapshot,ASSUMED_public_by_effective_date_used_only_after_date
2010-01-01,2010-01-01,tts-226809961,False,historical_membership_snapshot,ASSUMED_public_by_effective_date_used_only_after_date
2010-01-01,2010-01-01,tts-228473225,False,historical_membership_snapshot,ASSUMED_public_by_effective_date_used_only_after_date
2010-01-01,2010-01-01,tts-231055357,False,historical_membership_snapshot,ASSUMED_public_by_effective_date_used_only_after_date
2010-01-01,2010-01-01,tts-231697626,False,historical_membership_snapshot,ASSUMED_public_by_effective_date_used_only_after_date
2010-01-01,2010-01-01,tts-232151446,False,historical_membership_snapshot,ASSUMED_public_by_effective_date_used_only_after_date
2010-01-01,2010-01-01,tts-234941877,False,historical_membership_snapshot,ASSUMED_public_by_effective_date_used_only_after_date
2010-01-01,2010-01-01,tts-237275457,True,historical_membership_snapshot,ASSUMED_public_by_effective_date_used_only_after_date
2010-01-01,2010-01-01,tts-239110702,False,historical_membership_snapshot,ASSUMED_public_by_effective_date_used_only_after_date
2010-01-01,2010-01-01,tts-23947362,False,historical_membership_snapshot,ASSUMED_public_by_effective_date_used_only_after_date
2010-01-01,2010-01-01,tts-24429604,False,historical_membership_snapshot,ASSUMED_public_by_effective_date_used_only_after_date
2010-01-01,2010-01-01,tts-245373754,False,historical_membership_snapshot,ASSUMED_public_by_effective_date_used_only_after_date
2010-01-01,2010-01-01,tts-268663742,False,historical_membership_snapshot,ASSUMED_public_by_effective_date_used_only_after_date
2010-01-01,2010-01-01,tts-2711488,False,historical_membership_snapshot,ASSUMED_public_by_effective_date_used_only_after_date
2010-01-01,2010-01-01,tts-284392746,False,historical_membership_snapshot,ASSUMED_public_by_effective_date_used_only_after_date
2010-01-01,2010-01-01,tts-2880955,True,historical_membership_snapshot,ASSUMED_public_by_effective_date_used_only_after_date
2010-01-01,2010-01-01,tts-289578745,False,historical_membership_snapshot,ASSUMED_public_by_effective_date_used_only_after_date
2010-01-01,2010-01-01,tts-291149473,False,historical_membership_snapshot,ASSUMED_public_by_effective_date_used_only_after_date
2010-01-01,2010-01-01,tts-29400599,False,historical_membership_snapshot,ASSUMED_public_by_effective_date_used_only_after_date
2010-01-01,2010-01-01,tts-294951046,False,historical_membership_snapshot,ASSUMED_public_by_effective_date_used_only_after_date
2010-01-01,2010-01-01,tts-306428272,False,historical_membership_snapshot,ASSUMED_public_by_effective_date_used_only_after_date
2010-01-01,2010-01-01,tts-3103596,False,historical_membership_snapshot,ASSUMED_public_by_effective_date_used_only_after_date
2010-01-01,2010-01-01,tts-310935268,False,historical_membership_snapshot,ASSUMED_public_by_effective_date_used_only_after_date
2010-01-01,2010-01-01,tts-3138949,True,historical_membership_snapshot,ASSUMED_public_by_effective_date_used_only_after_date
2010-01-01,2010-01-01,tts-315092541,False,historical_membership_snapshot,ASSUMED_public_by_effective_date_used_only_after_date
2010-01-01,2010-01-01,tts-320792105,False,historical_membership_snapshot,ASSUMED_public_by_effective_date_used_only_after_date
2010-01-01,2010-01-01,tts-3250167,False,historical_membership_snapshot,ASSUMED_public_by_effective_date_used_only_after_date
2010-01-01,2010-01-01,tts-342851559,False,historical_membership_snapshot,ASSUMED_public_by_effective_date_used_only_after_date
2010-01-01,2010-01-01,tts-3468716,False,historical_membership_snapshot,ASSUMED_public_by_effective_date_used_only_after_date
2010-01-01,2010-01-01,tts-347224215,False,historical_membership_snapshot,ASSUMED_public_by_effective_date_used_only_after_date
2010-01-01,2010-01-01,tts-36228692,False,historical_membership_snapshot,ASSUMED_public_by_effective_date_used_only_after_date
2010-01-01,2010-01-01,tts-36299719,True,historical_membership_snapshot,ASSUMED_public_by_effective_date_used_only_after_date
2010-01-01,2010-01-01,tts-36769516,True,historical_membership_snapshot,ASSUMED_public_by_effective_date_used_only_after_date
2010-01-01,2010-01-01,tts-36804965,False,historical_membership_snapshot,ASSUMED_public_by_effective_date_used_only_after_date
2010-01-01,2010-01-01,tts-3685519,False,historical_membership_snapshot,ASSUMED_public_by_effective_date_used_only_after_date
2010-01-01,2010-01-01,tts-37090221,False,historical_membership_snapshot,ASSUMED_public_by_effective_date_used_only_after_date
2010-01-01,2010-01-01,tts-37214168,False,historical_membership_snapshot,ASSUMED_public_by_effective_date_used_only_after_date
2010-01-01,2010-01-01,tts-375502573,False,historical_membership_snapshot,ASSUMED_public_by_effective_date_used_only_after_date
2010-01-01,2010-01-01,tts-40948542,False,historical_membership_snapshot,ASSUMED_public_by_effective_date_used_only_after_date
2010-01-01,2010-01-01,tts-410496110,False,historical_membership_snapshot,ASSUMED_public_by_effective_date_used_only_after_date
2010-01-01,2010-01-01,tts-41568568,False,historical_membership_snapshot,ASSUMED_public_by_effective_date_used_only_after_date
2010-01-01,2010-01-01,tts-41981429,False,historical_membership_snapshot,ASSUMED_public_by_effective_date_used_only_after_date
2010-01-01,2010-01-01,tts-45504153,True,historical_membership_snapshot,ASSUMED_public_by_effective_date_used_only_after_date
2010-01-01,2010-01-01,tts-45576417,False,historical_membership_snapshot,ASSUMED_public_by_effective_date_used_only_after_date
2010-01-01,2010-01-01,tts-48237583,False,historical_membership_snapshot,ASSUMED_public_by_effective_date_used_only_after_date
2010-01-01,2010-01-01,tts-48237584,False,historical_membership_snapshot,ASSUMED_public_by_effective_date_used_only_after_date
2010-01-01,2010-01-01,tts-49260269,False,historical_membership_snapshot,ASSUMED_public_by_effective_date_used_only_after_date
2010-01-01,2010-01-01,tts-51210920,False,historical_membership_snapshot,ASSUMED_public_by_effective_date_used_only_after_date
2010-01-01,2010-01-01,tts-51776389,False,historical_membership_snapshot,ASSUMED_public_by_effective_date_used_only_after_date
2010-01-01,2010-01-01,tts-5211016,True,historical_membership_snapshot,ASSUMED_public_by_effective_date_used_only_after_date
2010-01-01,2010-01-01,tts-53833112,True,historical_membership_snapshot,ASSUMED_public_by_effective_date_used_only_after_date
2010-01-01,2010-01-01,tts-54963811,False,historical_membership_snapshot,ASSUMED_public_by_effective_date_used_only_after_date
2010-01-01,2010-01-01,tts-60267672,False,historical_membership_snapshot,ASSUMED_public_by_effective_date_used_only_after_date
2010-01-01,2010-01-01,tts-61020822,False,historical_membership_snapshot,ASSUMED_public_by_effective_date_used_only_after_date
2010-01-01,2010-01-01,tts-61149824,False,historical_membership_snapshot,ASSUMED_public_by_effective_date_used_only_after_date
2010-01-01,2010-01-01,tts-61149825,False,historical_membership_snapshot,ASSUMED_public_by_effective_date_used_only_after_date
2010-01-01,2010-01-01,tts-61604636,True,historical_membership_snapshot,ASSUMED_public_by_effective_date_used_only_after_date
2010-01-01,2010-01-01,tts-6191934,True,historical_membership_snapshot,ASSUMED_public_by_effective_date_used_only_after_date
2010-01-01,2010-01-01,tts-65832501,False,historical_membership_snapshot,ASSUMED_public_by_effective_date_used_only_after_date
2010-01-01,2010-01-01,tts-67645939,False,historical_membership_snapshot,ASSUMED_public_by_effective_date_used_only_after_date
2010-01-01,2010-01-01,tts-71625495,True,historical_membership_snapshot,ASSUMED_public_by_effective_date_used_only_after_date
2010-01-01,2010-01-01,tts-72890301,False,historical_membership_snapshot,ASSUMED_public_by_effective_date_used_only_after_date
2010-01-01,2010-01-01,tts-80360010,False,historical_membership_snapshot,ASSUMED_public_by_effective_date_used_only_after_date
2010-01-01,2010-01-01,tts-80383707,False,historical_membership_snapshot,ASSUMED_public_by_effective_date_used_only_after_date
2010-01-01,2010-01-01,tts-818221,False,historical_membership_snapshot,ASSUMED_public_by_effective_date_used_only_after_date
2010-01-01,2010-01-01,tts-818315,True,historical_membership_snapshot,ASSUMED_public_by_effective_date_used_only_after_date
2010-01-01,2010-01-01,tts-818433,True,historical_membership_snapshot,ASSUMED_public_by_effective_date_used_only_after_date
2010-01-01,2010-01-01,tts-818958,False,historical_membership_snapshot,ASSUMED_public_by_effective_date_used_only_after_date
2010-01-01,2010-01-01,tts-819921,False,historical_membership_snapshot,ASSUMED_public_by_effective_date_used_only_after_date
2010-01-01,2010-01-01,tts-820309,True,historical_membership_snapshot,ASSUMED_public_by_effective_date_used_only_after_date
2010-01-01,2010-01-01,tts-820920,True,historical_membership_snapshot,ASSUMED_public_by_effective_date_used_only_after_date
2010-01-01,2010-01-01,tts-821074,True,historical_membership_snapshot,ASSUMED_public_by_effective_date_used_only_after_date
2010-01-01,2010-01-01,tts-821283,True,historical_membership_snapshot,ASSUMED_public_by_effective_date_used_only_after_date
2010-01-01,2010-01-01,tts-821304,True,historical_membership_snapshot,ASSUMED_public_by_effective_date_used_only_after_date
2010-01-01,2010-01-01,tts-827038,True,historical_membership_snapshot,ASSUMED_public_by_effective_date_used_only_after_date
2010-01-01,2010-01-01,tts-827425,False,historical_membership_snapshot,ASSUMED_public_by_effective_date_used_only_after_date
2010-01-01,2010-01-01,tts-827441,False,historical_membership_snapshot,ASSUMED_public_by_effective_date_used_only_after_date
2010-01-01,2010-01-01,tts-827539,True,historical_membership_snapshot,ASSUMED_public_by_effective_date_used_only_after_date
2010-01-01,2010-01-01,tts-827593,True,historical_membership_snapshot,ASSUMED_public_by_effective_date_used_only_after_date
2010-01-01,2010-01-01,tts-827665,False,historical_membership_snapshot,ASSUMED_public_by_effective_date_used_only_after_date
2010-01-01,2010-01-01,tts-827705,True,historical_membership_snapshot,ASSUMED_public_by_effective_date_used_only_after_date
2010-01-01,2010-01-01,tts-827769,False,historical_membership_snapshot,ASSUMED_public_by_effective_date_used_only_after_date
2010-01-01,2010-01-01,tts-827801,True,historical_membership_snapshot,ASSUMED_public_by_effective_date_used_only_after_date
2010-01-01,2010-01-01,tts-827847,False,historical_membership_snapshot,ASSUMED_public_by_effective_date_used_only_after_date
2010-01-01,2010-01-01,tts-827879,True,historical_membership_snapshot,ASSUMED_public_by_effective_date_used_only_after_date
2010-01-01,2010-01-01,tts-827919,True,historical_membership_snapshot,ASSUMED_public_by_effective_date_used_only_after_date
2010-01-01,2010-01-01,tts-828037,True,historical_membership_snapshot,ASSUMED_public_by_effective_date_used_only_after_date
2010-01-01,2010-01-01,tts-828255,True,historical_membership_snapshot,ASSUMED_public_by_effective_date_used_only_after_date
2010-01-01,2010-01-01,tts-828266,True,historical_membership_snapshot,ASSUMED_public_by_effective_date_used_only_after_date
2010-01-01,2010-01-01,tts-828275,False,historical_membership_snapshot,ASSUMED_public_by_effective_date_used_only_after_date
2010-01-01,2010-01-01,tts-828340,True,historical_membership_snapshot,ASSUMED_public_by_effective_date_used_only_after_date
2010-01-01,2010-01-01,tts-828342,False,historical_membership_snapshot,ASSUMED_public_by_effective_date_used_only_after_date
2010-01-01,2010-01-01,tts-828403,True,historical_membership_snapshot,ASSUMED_public_by_effective_date_used_only_after_date
2010-01-01,2010-01-01,tts-828408,False,historical_membership_snapshot,ASSUMED_public_by_effective_date_used_only_after_date
2010-01-01,2010-01-01,tts-828468,True,historical_membership_snapshot,ASSUMED_public_by_effective_date_used_only_after_date
2010-01-01,2010-01-01,tts-828513,True,historical_membership_snapshot,ASSUMED_public_by_effective_date_used_only_after_date
2010-01-01,2010-01-01,tts-828516,True,historical_membership_snapshot,ASSUMED_public_by_effective_date_used_only_after_date
2010-01-01,2010-01-01,tts-828600,True,historical_membership_snapshot,ASSUMED_public_by_effective_date_used_only_after_date
2010-01-01,2010-01-01,tts-828632,False,historical_membership_snapshot,ASSUMED_public_by_effective_date_used_only_after_date
2010-01-01,2010-01-01,tts-828772,False,historical_membership_snapshot,ASSUMED_public_by_effective_date_used_only_after_date
2010-01-01,2010-01-01,tts-828800,False,historical_membership_snapshot,ASSUMED_public_by_effective_date_used_only_after_date
2010-01-01,2010-01-01,tts-828820,True,historical_membership_snapshot,ASSUMED_public_by_effective_date_used_only_after_date
2010-01-01,2010-01-01,tts-828860,True,historical_membership_snapshot,ASSUMED_public_by_effective_date_used_only_after_date
2010-01-01,2010-01-01,tts-828861,True,historical_membership_snapshot,ASSUMED_public_by_effective_date_used_only_after_date
2010-01-01,2010-01-01,tts-828870,True,historical_membership_snapshot,ASSUMED_public_by_effective_date_used_only_after_date
2010-01-01,2010-01-01,tts-828913,False,historical_membership_snapshot,ASSUMED_public_by_effective_date_used_only_after_date
2010-01-01,2010-01-01,tts-829049,True,historical_membership_snapshot,ASSUMED_public_by_effective_date_used_only_after_date
2010-01-01,2010-01-01,tts-829063,True,historical_membership_snapshot,ASSUMED_public_by_effective_date_used_only_after_date
2010-01-01,2010-01-01,tts-829202,True,historical_membership_snapshot,ASSUMED_public_by_effective_date_used_only_after_date
2010-01-01,2010-01-01,tts-829281,True,historical_membership_snapshot,ASSUMED_public_by_effective_date_used_only_after_date
2010-01-01,2010-01-01,tts-829309,False,historical_membership_snapshot,ASSUMED_public_by_effective_date_used_only_after_date
2010-01-01,2010-01-01,tts-829352,True,historical_membership_snapshot,ASSUMED_public_by_effective_date_used_only_after_date
2010-01-01,2010-01-01,tts-829359,True,historical_membership_snapshot,ASSUMED_public_by_effective_date_used_only_after_date
2010-01-01,2010-01-01,tts-829383,True,historical_membership_snapshot,ASSUMED_public_by_effective_date_used_only_after_date
2010-01-01,2010-01-01,tts-829418,True,historical_membership_snapshot,ASSUMED_public_by_effective_date_used_only_after_date
2010-01-01,2010-01-01,tts-829549,True,historical_membership_snapshot,ASSUMED_public_by_effective_date_used_only_after_date
2010-01-01,2010-01-01,tts-829623,True,historical_membership_snapshot,ASSUMED_public_by_effective_date_used_only_after_date
2010-01-01,2010-01-01,tts-829786,True,historical_membership_snapshot,ASSUMED_public_by_effective_date_used_only_after_date
2010-01-01,2010-01-01,tts-829802,True,historical_membership_snapshot,ASSUMED_public_by_effective_date_used_only_after_date
2010-01-01,2010-01-01,tts-829808,False,historical_membership_snapshot,ASSUMED_public_by_effective_date_used_only_after_date
2010-01-01,2010-01-01,tts-829854,True,historical_membership_snapshot,ASSUMED_public_by_effective_date_used_only_after_date
2010-01-01,2010-01-01,tts-829933,False,historical_membership_snapshot,ASSUMED_public_by_effective_date_used_only_after_date
2010-01-01,2010-01-01,tts-830016,True,historical_membership_snapshot,ASSUMED_public_by_effective_date_used_only_after_date
2010-01-01,2010-01-01,tts-830020,False,historical_membership_snapshot,ASSUMED_public_by_effective_date_used_only_after_date
2010-01-01,2010-01-01,tts-830036,False,historical_membership_snapshot,ASSUMED_public_by_effective_date_used_only_after_date
2010-01-01,2010-01-01,tts-830046,True,historical_membership_snapshot,ASSUMED_public_by_effective_date_used_only_after_date
2010-01-01,2010-01-01,tts-830133,True,historical_membership_snapshot,ASSUMED_public_by_effective_date_used_only_after_date
2010-01-01,2010-01-01,tts-830145,True,historical_membership_snapshot,ASSUMED_public_by_effective_date_used_only_after_date
2010-01-01,2010-01-01,tts-830263,True,historical_membership_snapshot,ASSUMED_public_by_effective_date_used_only_after_date
2010-01-01,2010-01-01,tts-830313,False,historical_membership_snapshot,ASSUMED_public_by_effective_date_used_only_after_date
2010-01-01,2010-01-01,tts-830361,True,historical_membership_snapshot,ASSUMED_public_by_effective_date_used_only_after_date
2010-01-01,2010-01-01,tts-830379,False,historical_membership_snapshot,ASSUMED_public_by_effective_date_used_only_after_date
2010-01-01,2010-01-01,tts-830408,True,historical_membership_snapshot,ASSUMED_public_by_effective_date_used_only_after_date
2010-01-01,2010-01-01,tts-830459,False,historical_membership_snapshot,ASSUMED_public_by_effective_date_used_only_after_date
2010-01-01,2010-01-01,tts-830475,True,historical_membership_snapshot,ASSUMED_public_by_effective_date_used_only_after_date
2010-01-01,2010-01-01,tts-830484,False,historical_membership_snapshot,ASSUMED_public_by_effective_date_used_only_after_date
2010-01-01,2010-01-01,tts-830518,True,historical_membership_snapshot,ASSUMED_public_by_effective_date_used_only_after_date
2010-01-01,2010-01-01,tts-830523,False,historical_membership_snapshot,ASSUMED_public_by_effective_date_used_only_after_date
2010-01-01,2010-01-01,tts-830564,True,historical_membership_snapshot,ASSUMED_public_by_effective_date_used_only_after_date
2010-01-01,2010-01-01,tts-830598,False,historical_membership_snapshot,ASSUMED_public_by_effective_date_used_only_after_date
2010-01-01,2010-01-01,tts-830638,False,historical_membership_snapshot,ASSUMED_public_by_effective_date_used_only_after_date
2010-01-01,2010-01-01,tts-830674,False,historical_membership_snapshot,ASSUMED_public_by_effective_date_used_only_after_date
2010-01-01,2010-01-01,tts-830823,False,historical_membership_snapshot,ASSUMED_public_by_effective_date_used_only_after_date
2010-01-01,2010-01-01,tts-830842,False,historical_membership_snapshot,ASSUMED_public_by_effective_date_used_only_after_date
2010-01-01,2010-01-01,tts-830966,True,historical_membership_snapshot,ASSUMED_public_by_effective_date_used_only_after_date
2010-01-01,2010-01-01,tts-831069,True,historical_membership_snapshot,ASSUMED_public_by_effective_date_used_only_after_date
2010-01-01,2010-01-01,tts-831814,True,historical_membership_snapshot,ASSUMED_public_by_effective_date_used_only_after_date
2010-01-01,2010-01-01,tts-831838,True,historical_membership_snapshot,ASSUMED_public_by_effective_date_used_only_after_date
2010-01-01,2010-01-01,tts-831856,False,historical_membership_snapshot,ASSUMED_public_by_effective_date_used_only_after_date
2010-01-01,2010-01-01,tts-831866,False,historical_membership_snapshot,ASSUMED_public_by_effective_date_used_only_after_date
2010-01-01,2010-01-01,tts-831964,False,historical_membership_snapshot,ASSUMED_public_by_effective_date_used_only_after_date
2010-01-01,2010-01-01,tts-832022,True,historical_membership_snapshot,ASSUMED_public_by_effective_date_used_only_after_date
2010-01-01,2010-01-01,tts-832024,True,historical_membership_snapshot,ASSUMED_public_by_effective_date_used_only_after_date
2010-01-01,2010-01-01,tts-832025,True,historical_membership_snapshot,ASSUMED_public_by_effective_date_used_only_after_date
2010-01-01,2010-01-01,tts-832092,False,historical_membership_snapshot,ASSUMED_public_by_effective_date_used_only_after_date
2010-01-01,2010-01-01,tts-832098,True,historical_membership_snapshot,ASSUMED_public_by_effective_date_used_only_after_date
2010-01-01,2010-01-01,tts-832145,True,historical_membership_snapshot,ASSUMED_public_by_effective_date_used_only_after_date
2010-01-01,2010-01-01,tts-832177,True,historical_membership_snapshot,ASSUMED_public_by_effective_date_used_only_after_date
2010-01-01,2010-01-01,tts-832260,True,historical_membership_snapshot,ASSUMED_public_by_effective_date_used_only_after_date
2010-01-01,2010-01-01,tts-832265,True,historical_membership_snapshot,ASSUMED_public_by_effective_date_used_only_after_date
2010-01-01,2010-01-01,tts-832266,True,historical_membership_snapshot,ASSUMED_public_by_effective_date_used_only_after_date
2010-01-01,2010-01-01,tts-832280,False,historical_membership_snapshot,ASSUMED_public_by_effective_date_used_only_after_date
2010-01-01,2010-01-01,tts-832321,False,historical_membership_snapshot,ASSUMED_public_by_effective_date_used_only_after_date
2010-01-01,2010-01-01,tts-832375,True,historical_membership_snapshot,ASSUMED_public_by_effective_date_used_only_after_date
2010-01-01,2010-01-01,tts-832406,False,historical_membership_snapshot,ASSUMED_public_by_effective_date_used_only_after_date
2010-01-01,2010-01-01,tts-832423,False,historical_membership_snapshot,ASSUMED_public_by_effective_date_used_only_after_date
2010-01-01,2010-01-01,tts-832472,True,historical_membership_snapshot,ASSUMED_public_by_effective_date_used_only_after_date
2010-01-01,2010-01-01,tts-832500,True,historical_membership_snapshot,ASSUMED_public_by_effective_date_used_only_after_date
2010-01-01,2010-01-01,tts-832505,True,historical_membership_snapshot,ASSUMED_public_by_effective_date_used_only_after_date
2010-01-01,2010-01-01,tts-85128742,False,historical_membership_snapshot,ASSUMED_public_by_effective_date_used_only_after_date
2010-01-01,2010-01-01,tts-87928298,False,historical_membership_snapshot,ASSUMED_public_by_effective_date_used_only_after_date
2010-01-01,2010-01-01,tts-88339869,True,historical_membership_snapshot,ASSUMED_public_by_effective_date_used_only_after_date
2010-01-01,2010-01-01,tts-90308539,False,historical_membership_snapshot,ASSUMED_public_by_effective_date_used_only_after_date
2010-01-01,2010-01-01,tts-91263224,False,historical_membership_snapshot,ASSUMED_public_by_effective_date_used_only_after_date
2010-01-01,2010-01-01,tts-92502189,False,historical_membership_snapshot,ASSUMED_public_by_effective_date_used_only_after_date
2010-01-01,2010-01-01,tts-96423906,False,historical_membership_snapshot,ASSUMED_public_by_effective_date_used_only_after_date
2010-01-01,2010-01-01,tts-97315627,False,historical_membership_snapshot,ASSUMED_public_by_effective_date_used_only_after_date
2010-01-01,2010-01-01,tts-98691180,False,historical_membership_snapshot,ASSUMED_public_by_effective_date_used_only_after_date
2010-01-01,2010-01-01,unresolved:GOLD,False,historical_membership_snapshot,ASSUMED_public_by_effective_date_used_only_after_date
2010-01-01,2010-01-01,unresolved:IACI,False,historical_membership_snapshot,ASSUMED_public_by_effective_date_used_only_after_date
2010-01-01,2010-01-01,unresolved:MICC,True,historical_membership_snapshot,ASSUMED_public_by_effective_date_used_only_after_date
2010-01-01,2010-01-01,unresolved:NIHD,True,historical_membership_snapshot,ASSUMED_public_by_effective_date_used_only_after_date
2010-01-01,2010-01-01,unresolved:ORCHARD_SUPPLY_2011,False,historical_membership_snapshot,ASSUMED_public_by_effective_date_used_only_after_date
2010-01-01,2010-01-01,unresolved:SHLD,True,historical_membership_snapshot,ASSUMED_public_by_effective_date_used_only_after_date
2010-01-01,2010-01-01,unresolved:VSNT,False,historical_membership_snapshot,ASSUMED_public_by_effective_date_used_only_after_date
2010-01-01,2010-01-01,yahoo:LILA,False,historical_membership_snapshot,ASSUMED_public_by_effective_date_used_only_after_date
2010-01-01,2010-01-01,yahoo:LILAK,False,historical_membership_snapshot,ASSUMED_public_by_effective_date_used_only_after_date
2010-12-20,2010-12-20,tts-177780548,True,historical_membership_snapshot,ASSUMED_public_by_effective_date_used_only_after_date
2010-12-20,2010-12-20,tts-17914799,True,historical_membership_snapshot,ASSUMED_public_by_effective_date_used_only_after_date
2010-12-20,2010-12-20,tts-2880955,False,historical_membership_snapshot,ASSUMED_public_by_effective_date_used_only_after_date
2010-12-20,2010-12-20,tts-29400599,True,historical_membership_snapshot,ASSUMED_public_by_effective_date_used_only_after_date
2010-12-20,2010-12-20,tts-828632,True,historical_membership_snapshot,ASSUMED_public_by_effective_date_used_only_after_date
2010-12-20,2010-12-20,tts-828913,True,historical_membership_snapshot,ASSUMED_public_by_effective_date_used_only_after_date
2010-12-20,2010-12-20,tts-829418,False,historical_membership_snapshot,ASSUMED_public_by_effective_date_used_only_after_date
2010-12-20,2010-12-20,tts-829549,False,historical_membership_snapshot,ASSUMED_public_by_effective_date_used_only_after_date
2010-12-20,2010-12-20,tts-829933,True,historical_membership_snapshot,ASSUMED_public_by_effective_date_used_only_after_date
2010-12-20,2010-12-20,tts-830145,False,historical_membership_snapshot,ASSUMED_public_by_effective_date_used_only_after_date
2010-12-20,2010-12-20,tts-831856,True,historical_membership_snapshot,ASSUMED_public_by_effective_date_used_only_after_date
2010-12-20,2010-12-20,tts-832098,False,historical_membership_snapshot,ASSUMED_public_by_effective_date_used_only_after_date
2010-12-20,2010-12-20,tts-832145,False,historical_membership_snapshot,ASSUMED_public_by_effective_date_used_only_after_date
2010-12-20,2010-12-20,tts-832375,False,historical_membership_snapshot,ASSUMED_public_by_effective_date_used_only_after_date
2011-04-04,2011-04-04,tts-829049,False,historical_membership_snapshot,ASSUMED_public_by_effective_date_used_only_after_date
2011-04-04,2011-04-04,tts-831866,True,historical_membership_snapshot,ASSUMED_public_by_effective_date_used_only_after_date
2011-05-27,2011-05-27,tts-832321,True,historical_membership_snapshot,ASSUMED_public_by_effective_date_used_only_after_date
2011-05-27,2011-05-27,unresolved:MICC,False,historical_membership_snapshot,ASSUMED_public_by_effective_date_used_only_after_date
2011-07-15,2011-07-15,tts-830484,True,historical_membership_snapshot,ASSUMED_public_by_effective_date_used_only_after_date
2011-07-15,2011-07-15,tts-832024,False,historical_membership_snapshot,ASSUMED_public_by_effective_date_used_only_after_date
2011-12-06,2011-12-06,tts-36299719,False,historical_membership_snapshot,ASSUMED_public_by_effective_date_used_only_after_date
2011-12-06,2011-12-06,tts-60267672,True,historical_membership_snapshot,ASSUMED_public_by_effective_date_used_only_after_date
2011-12-19,2011-12-19,tts-133282628,False,historical_membership_snapshot,ASSUMED_public_by_effective_date_used_only_after_date
2011-12-19,2011-12-19,tts-3685519,True,historical_membership_snapshot,ASSUMED_public_by_effective_date_used_only_after_date
2011-12-19,2011-12-19,tts-37214168,True,historical_membership_snapshot,ASSUMED_public_by_effective_date_used_only_after_date
2011-12-19,2011-12-19,tts-820920,False,historical_membership_snapshot,ASSUMED_public_by_effective_date_used_only_after_date
2011-12-19,2011-12-19,tts-829281,False,historical_membership_snapshot,ASSUMED_public_by_effective_date_used_only_after_date
2011-12-19,2011-12-19,tts-830036,True,historical_membership_snapshot,ASSUMED_public_by_effective_date_used_only_after_date
2011-12-19,2011-12-19,tts-832266,False,historical_membership_snapshot,ASSUMED_public_by_effective_date_used_only_after_date
2011-12-19,2011-12-19,tts-832280,True,historical_membership_snapshot,ASSUMED_public_by_effective_date_used_only_after_date
2011-12-19,2011-12-19,unresolved:GOLD,True,historical_membership_snapshot,ASSUMED_public_by_effective_date_used_only_after_date
2011-12-19,2011-12-19,unresolved:NIHD,False,historical_membership_snapshot,ASSUMED_public_by_effective_date_used_only_after_date
2012-04-23,2012-04-23,tts-37090221,True,historical_membership_snapshot,ASSUMED_public_by_effective_date_used_only_after_date
2012-04-23,2012-04-23,tts-5211016,False,historical_membership_snapshot,ASSUMED_public_by_effective_date_used_only_after_date
2012-05-30,2012-05-30,tts-36228692,True,historical_membership_snapshot,ASSUMED_public_by_effective_date_used_only_after_date
2012-05-30,2012-05-30,tts-45504153,False,historical_membership_snapshot,ASSUMED_public_by_effective_date_used_only_after_date
2012-07-23,2012-07-23,tts-177780548,False,historical_membership_snapshot,ASSUMED_public_by_effective_date_used_only_after_date
2012-07-23,2012-07-23,tts-51210920,True,historical_membership_snapshot,ASSUMED_public_by_effective_date_used_only_after_date
2012-12-12,2012-12-12,tts-222568848,True,historical_membership_snapshot,ASSUMED_public_by_effective_date_used_only_after_date
2012-12-12,2012-12-12,tts-53833112,False,historical_membership_snapshot,ASSUMED_public_by_effective_date_used_only_after_date
2012-12-24,2012-12-24,isin:US5312291025,True,historical_membership_snapshot,ASSUMED_public_by_effective_date_used_only_after_date
2012-12-24,2012-12-24,tts-129193787,False,historical_membership_snapshot,ASSUMED_public_by_effective_date_used_only_after_date
2012-12-24,2012-12-24,tts-1784188,True,historical_membership_snapshot,ASSUMED_public_by_effective_date_used_only_after_date
2012-12-24,2012-12-24,tts-1839830,False,historical_membership_snapshot,ASSUMED_public_by_effective_date_used_only_after_date
2012-12-24,2012-12-24,tts-20189978,True,historical_membership_snapshot,ASSUMED_public_by_effective_date_used_only_after_date
2012-12-24,2012-12-24,tts-3103596,True,historical_membership_snapshot,ASSUMED_public_by_effective_date_used_only_after_date
2012-12-24,2012-12-24,tts-36769516,False,historical_membership_snapshot,ASSUMED_public_by_effective_date_used_only_after_date
2012-12-24,2012-12-24,tts-41568568,True,historical_membership_snapshot,ASSUMED_public_by_effective_date_used_only_after_date
2012-12-24,2012-12-24,tts-45576417,True,historical_membership_snapshot,ASSUMED_public_by_effective_date_used_only_after_date
2012-12-24,2012-12-24,tts-48237584,True,historical_membership_snapshot,ASSUMED_public_by_effective_date_used_only_after_date
2012-12-24,2012-12-24,tts-819921,True,historical_membership_snapshot,ASSUMED_public_by_effective_date_used_only_after_date
2012-12-24,2012-12-24,tts-827801,False,historical_membership_snapshot,ASSUMED_public_by_effective_date_used_only_after_date
2012-12-24,2012-12-24,tts-828800,True,historical_membership_snapshot,ASSUMED_public_by_effective_date_used_only_after_date
2012-12-24,2012-12-24,tts-829786,False,historical_membership_snapshot,ASSUMED_public_by_effective_date_used_only_after_date
2012-12-24,2012-12-24,tts-829933,False,historical_membership_snapshot,ASSUMED_public_by_effective_date_used_only_after_date
2012-12-24,2012-12-24,tts-830313,True,historical_membership_snapshot,ASSUMED_public_by_effective_date_used_only_after_date
2012-12-24,2012-12-24,tts-830966,False,historical_membership_snapshot,ASSUMED_public_by_effective_date_used_only_after_date
2012-12-24,2012-12-24,tts-832265,False,historical_membership_snapshot,ASSUMED_public_by_effective_date_used_only_after_date
2012-12-24,2012-12-24,tts-832321,False,historical_membership_snapshot,ASSUMED_public_by_effective_date_used_only_after_date
2012-12-24,2012-12-24,tts-832505,False,historical_membership_snapshot,ASSUMED_public_by_effective_date_used_only_after_date
2013-01-15,2013-01-15,isin:US5312291025,False,historical_membership_snapshot,ASSUMED_public_by_effective_date_used_only_after_date
2013-01-15,2013-01-15,tts-54963811,True,historical_membership_snapshot,ASSUMED_public_by_effective_date_used_only_after_date
2013-03-18,2013-03-18,isin:US50076Q1067,True,historical_membership_snapshot,ASSUMED_public_by_effective_date_used_only_after_date
2013-03-18,2013-03-18,tts-54963811,False,historical_membership_snapshot,ASSUMED_public_by_effective_date_used_only_after_date
2013-06-05,2013-06-05,isin:US5312291025,True,historical_membership_snapshot,ASSUMED_public_by_effective_date_used_only_after_date
2013-06-05,2013-06-05,tts-6191934,False,historical_membership_snapshot,ASSUMED_public_by_effective_date_used_only_after_date
2013-06-06,2013-06-06,tts-60267672,False,historical_membership_snapshot,ASSUMED_public_by_effective_date_used_only_after_date
2013-06-06,2013-06-06,tts-829933,True,historical_membership_snapshot,ASSUMED_public_by_effective_date_used_only_after_date
2013-07-15,2013-07-15,tts-23947362,True,historical_membership_snapshot,ASSUMED_public_by_effective_date_used_only_after_date
2013-07-15,2013-07-15,tts-61604636,False,historical_membership_snapshot,ASSUMED_public_by_effective_date_used_only_after_date
2013-07-25,2013-07-25,tts-17914522,False,historical_membership_snapshot,ASSUMED_public_by_effective_date_used_only_after_date
2013-07-25,2013-07-25,tts-828275,True,historical_membership_snapshot,ASSUMED_public_by_effective_date_used_only_after_date
2013-08-22,2013-08-22,tts-832321,True,historical_membership_snapshot,ASSUMED_public_by_effective_date_used_only_after_date
2013-08-22,2013-08-22,tts-88339869,False,historical_membership_snapshot,ASSUMED_public_by_effective_date_used_only_after_date
2013-10-29,2013-10-29,tts-120075582,True,historical_membership_snapshot,ASSUMED_public_by_effective_date_used_only_after_date
2013-10-29,2013-10-29,tts-828600,False,historical_membership_snapshot,ASSUMED_public_by_effective_date_used_only_after_date
2013-11-18,2013-11-18,tts-65832501,True,historical_membership_snapshot,ASSUMED_public_by_effective_date_used_only_after_date
2013-11-18,2013-11-18,unresolved:GOLD,False,historical_membership_snapshot,ASSUMED_public_by_effective_date_used_only_after_date
2013-12-23,2013-12-23,tts-24429604,True,historical_membership_snapshot,ASSUMED_public_by_effective_date_used_only_after_date
2013-12-23,2013-12-23,tts-36804965,True,historical_membership_snapshot,ASSUMED_public_by_effective_date_used_only_after_date
2013-12-23,2013-12-23,tts-821304,False,historical_membership_snapshot,ASSUMED_public_by_effective_date_used_only_after_date
2013-12-23,2013-12-23,tts-829281,True,historical_membership_snapshot,ASSUMED_public_by_effective_date_used_only_after_date
2013-12-23,2013-12-23,tts-829623,False,historical_membership_snapshot,ASSUMED_public_by_effective_date_used_only_after_date
2013-12-23,2013-12-23,tts-830036,False,historical_membership_snapshot,ASSUMED_public_by_effective_date_used_only_after_date
2013-12-23,2013-12-23,tts-830823,True,historical_membership_snapshot,ASSUMED_public_by_effective_date_used_only_after_date
2013-12-23,2013-12-23,tts-832145,True,historical_membership_snapshot,ASSUMED_public_by_effective_date_used_only_after_date
2013-12-23,2013-12-23,tts-832280,False,historical_membership_snapshot,ASSUMED_public_by_effective_date_used_only_after_date
2013-12-23,2013-12-23,unresolved:SHLD,False,historical_membership_snapshot,ASSUMED_public_by_effective_date_used_only_after_date
2014-02-04,2014-02-04,tts-88339869,False,LIFE_cash_redemption,effective_action_date_next_session
2014-04-03,2014-04-03,tts-1947579,True,historical_membership_snapshot,ASSUMED_public_by_effective_date_used_only_after_date
2014-07-24,2014-07-24,isin:US5312293005,True,historical_membership_snapshot,ASSUMED_public_by_effective_date_used_only_after_date
2014-08-07,2014-08-07,tts-15427298,True,historical_membership_snapshot,ASSUMED_public_by_effective_date_used_only_after_date
2014-12-22,2014-12-22,tts-161284558,True,historical_membership_snapshot,ASSUMED_public_by_effective_date_used_only_after_date
2014-12-22,2014-12-22,tts-3250167,True,historical_membership_snapshot,ASSUMED_public_by_effective_date_used_only_after_date
2014-12-22,2014-12-22,tts-36769516,True,historical_membership_snapshot,ASSUMED_public_by_effective_date_used_only_after_date
2014-12-22,2014-12-22,tts-67645939,True,historical_membership_snapshot,ASSUMED_public_by_effective_date_used_only_after_date
2014-12-22,2014-12-22,tts-828861,False,historical_membership_snapshot,ASSUMED_public_by_effective_date_used_only_after_date
2014-12-22,2014-12-22,tts-828913,False,historical_membership_snapshot,ASSUMED_public_by_effective_date_used_only_after_date
2014-12-22,2014-12-22,tts-829854,False,historical_membership_snapshot,ASSUMED_public_by_effective_date_used_only_after_date
2014-12-22,2014-12-22,tts-832505,True,historical_membership_snapshot,ASSUMED_public_by_effective_date_used_only_after_date
2015-03-23,2015-03-23,tts-80360010,True,historical_membership_snapshot,ASSUMED_public_by_effective_date_used_only_after_date
2015-03-23,2015-03-23,tts-828800,False,historical_membership_snapshot,ASSUMED_public_by_effective_date_used_only_after_date
2015-07-02,2015-07-02,isin:US50076Q1067,False,historical_membership_snapshot,ASSUMED_public_by_effective_date_used_only_after_date
2015-07-02,2015-07-02,tts-90308539,True,historical_membership_snapshot,ASSUMED_public_by_effective_date_used_only_after_date
2015-07-02,2015-07-02,yahoo:LILA,True,historical_membership_snapshot,ASSUMED_public_by_effective_date_used_only_after_date
2015-07-02,2015-07-02,yahoo:LILAK,True,historical_membership_snapshot,ASSUMED_public_by_effective_date_used_only_after_date
2015-07-27,2015-07-27,tts-12035732,False,historical_membership_snapshot,ASSUMED_public_by_effective_date_used_only_after_date
2015-07-27,2015-07-27,tts-831964,True,historical_membership_snapshot,ASSUMED_public_by_effective_date_used_only_after_date
2015-07-29,2015-07-29,tts-48237584,False,historical_membership_snapshot,ASSUMED_public_by_effective_date_used_only_after_date
2015-07-29,2015-07-29,tts-72890301,True,historical_membership_snapshot,ASSUMED_public_by_effective_date_used_only_after_date
2015-08-03,2015-08-03,tts-830475,False,historical_membership_snapshot,ASSUMED_public_by_effective_date_used_only_after_date
2015-08-03,2015-08-03,tts-830638,True,historical_membership_snapshot,ASSUMED_public_by_effective_date_used_only_after_date
2015-10-07,2015-10-07,tts-130097863,False,historical_membership_snapshot,ASSUMED_public_by_effective_date_used_only_after_date
2015-10-07,2015-10-07,tts-829309,True,historical_membership_snapshot,ASSUMED_public_by_effective_date_used_only_after_date
2015-11-11,2015-11-11,tts-828037,False,historical_membership_snapshot,ASSUMED_public_by_effective_date_used_only_after_date
2015-11-11,2015-11-11,tts-91263224,True,historical_membership_snapshot,ASSUMED_public_by_effective_date_used_only_after_date
2015-12-21,2015-12-21,tts-11704179,True,historical_membership_snapshot,ASSUMED_public_by_effective_date_used_only_after_date
2015-12-21,2015-12-21,tts-120075582,False,historical_membership_snapshot,ASSUMED_public_by_effective_date_used_only_after_date
2015-12-21,2015-12-21,tts-132399257,True,historical_membership_snapshot,ASSUMED_public_by_effective_date_used_only_after_date
2015-12-21,2015-12-21,tts-177780548,True,historical_membership_snapshot,ASSUMED_public_by_effective_date_used_only_after_date
2015-12-21,2015-12-21,tts-237275457,False,historical_membership_snapshot,ASSUMED_public_by_effective_date_used_only_after_date
2015-12-21,2015-12-21,tts-820309,False,historical_membership_snapshot,ASSUMED_public_by_effective_date_used_only_after_date
2015-12-21,2015-12-21,tts-828266,False,historical_membership_snapshot,ASSUMED_public_by_effective_date_used_only_after_date
2015-12-21,2015-12-21,tts-828772,True,historical_membership_snapshot,ASSUMED_public_by_effective_date_used_only_after_date
2015-12-21,2015-12-21,tts-828860,False,historical_membership_snapshot,ASSUMED_public_by_effective_date_used_only_after_date
2015-12-21,2015-12-21,tts-828861,True,historical_membership_snapshot,ASSUMED_public_by_effective_date_used_only_after_date
2015-12-21,2015-12-21,tts-829854,True,historical_membership_snapshot,ASSUMED_public_by_effective_date_used_only_after_date
2015-12-21,2015-12-21,tts-831069,False,historical_membership_snapshot,ASSUMED_public_by_effective_date_used_only_after_date
2015-12-21,2015-12-21,tts-832321,False,historical_membership_snapshot,ASSUMED_public_by_effective_date_used_only_after_date
2015-12-21,2015-12-21,tts-96423906,True,historical_membership_snapshot,ASSUMED_public_by_effective_date_used_only_after_date
2015-12-21,2015-12-21,yahoo:LILA,False,historical_membership_snapshot,ASSUMED_public_by_effective_date_used_only_after_date
2015-12-21,2015-12-21,yahoo:LILAK,False,historical_membership_snapshot,ASSUMED_public_by_effective_date_used_only_after_date
2015-12-28,2015-12-28,tts-130097863,False,ALTR_cash_redemption,effective_action_date_next_session
2016-02-22,2016-02-22,tts-832472,False,historical_membership_snapshot,ASSUMED_public_by_effective_date_used_only_after_date
2016-02-22,2016-02-22,tts-98691180,True,historical_membership_snapshot,ASSUMED_public_by_effective_date_used_only_after_date
2016-03-16,2016-03-16,tts-830020,True,historical_membership_snapshot,ASSUMED_public_by_effective_date_used_only_after_date
2016-03-16,2016-03-16,tts-830518,False,historical_membership_snapshot,ASSUMED_public_by_effective_date_used_only_after_date
2016-04-18,2016-04-18,isin:US5312291025,False,historical_membership_snapshot,ASSUMED_public_by_effective_date_used_only_after_date
2016-04-18,2016-04-18,isin:US5312293005,False,historical_membership_snapshot,ASSUMED_public_by_effective_date_used_only_after_date
2016-04-18,2016-04-18,tts-104028640,True,historical_membership_snapshot,ASSUMED_public_by_effective_date_used_only_after_date
2016-04-18,2016-04-18,tts-104028642,True,historical_membership_snapshot,ASSUMED_public_by_effective_date_used_only_after_date
2016-04-18,2016-04-18,tts-117027845,True,historical_membership_snapshot,ASSUMED_public_by_effective_date_used_only_after_date
2016-04-18,2016-04-18,tts-117027846,True,historical_membership_snapshot,ASSUMED_public_by_effective_date_used_only_after_date
2016-06-10,2016-06-10,tts-104028640,False,historical_membership_snapshot,ASSUMED_public_by_effective_date_used_only_after_date
2016-06-10,2016-06-10,tts-104028642,False,historical_membership_snapshot,ASSUMED_public_by_effective_date_used_only_after_date
2016-06-10,2016-06-10,tts-117027845,False,historical_membership_snapshot,ASSUMED_public_by_effective_date_used_only_after_date
2016-06-10,2016-06-10,tts-117027846,False,historical_membership_snapshot,ASSUMED_public_by_effective_date_used_only_after_date
2016-06-10,2016-06-10,tts-821304,True,historical_membership_snapshot,ASSUMED_public_by_effective_date_used_only_after_date
2016-07-18,2016-07-18,tts-828772,False,historical_membership_snapshot,ASSUMED_public_by_effective_date_used_only_after_date
2016-07-18,2016-07-18,tts-829623,True,historical_membership_snapshot,ASSUMED_public_by_effective_date_used_only_after_date
2016-10-19,2016-10-19,tts-48237583,True,historical_membership_snapshot,ASSUMED_public_by_effective_date_used_only_after_date
2016-10-19,2016-10-19,tts-832500,False,historical_membership_snapshot,ASSUMED_public_by_effective_date_used_only_after_date
2016-12-19,2016-12-19,tts-17914161,True,historical_membership_snapshot,ASSUMED_public_by_effective_date_used_only_after_date
2016-12-19,2016-12-19,tts-29400599,False,historical_membership_snapshot,ASSUMED_public_by_effective_date_used_only_after_date
2016-12-19,2016-12-19,tts-827919,False,historical_membership_snapshot,ASSUMED_public_by_effective_date_used_only_after_date
2016-12-19,2016-12-19,tts-830016,False,historical_membership_snapshot,ASSUMED_public_by_effective_date_used_only_after_date
2016-12-19,2016-12-19,tts-830564,False,historical_membership_snapshot,ASSUMED_public_by_effective_date_used_only_after_date
2016-12-19,2016-12-19,tts-832098,True,historical_membership_snapshot,ASSUMED_public_by_effective_date_used_only_after_date
2016-12-19,2016-12-19,tts-832375,True,historical_membership_snapshot,ASSUMED_public_by_effective_date_used_only_after_date
2016-12-19,2016-12-19,tts-832472,True,historical_membership_snapshot,ASSUMED_public_by_effective_date_used_only_after_date
2017-02-07,2017-02-07,tts-24429604,False,historical_membership_snapshot,ASSUMED_public_by_effective_date_used_only_after_date
2017-02-07,2017-02-07,tts-829418,True,historical_membership_snapshot,ASSUMED_public_by_effective_date_used_only_after_date
2017-03-20,2017-03-20,tts-819921,False,historical_membership_snapshot,ASSUMED_public_by_effective_date_used_only_after_date
2017-03-20,2017-03-20,tts-832406,True,historical_membership_snapshot,ASSUMED_public_by_effective_date_used_only_after_date
2017-04-24,2017-04-24,tts-36804965,False,historical_membership_snapshot,ASSUMED_public_by_effective_date_used_only_after_date
2017-04-24,2017-04-24,tts-831069,True,historical_membership_snapshot,ASSUMED_public_by_effective_date_used_only_after_date
2017-06-19,2017-06-19,isin:US9843321061,False,historical_membership_snapshot,ASSUMED_public_by_effective_date_used_only_after_date
2017-06-19,2017-06-19,tts-11222722,True,historical_membership_snapshot,ASSUMED_public_by_effective_date_used_only_after_date
2017-10-23,2017-10-23,tts-17916214,False,historical_membership_snapshot,ASSUMED_public_by_effective_date_used_only_after_date
2017-10-23,2017-10-23,tts-827425,True,historical_membership_snapshot,ASSUMED_public_by_effective_date_used_only_after_date
2017-12-18,2017-12-18,tts-127962865,True,historical_membership_snapshot,ASSUMED_public_by_effective_date_used_only_after_date
2017-12-18,2017-12-18,tts-132399257,False,historical_membership_snapshot,ASSUMED_public_by_effective_date_used_only_after_date
2017-12-18,2017-12-18,tts-15427298,False,historical_membership_snapshot,ASSUMED_public_by_effective_date_used_only_after_date
2017-12-18,2017-12-18,tts-3103596,False,historical_membership_snapshot,ASSUMED_public_by_effective_date_used_only_after_date
2017-12-18,2017-12-18,tts-3468716,True,historical_membership_snapshot,ASSUMED_public_by_effective_date_used_only_after_date
2017-12-18,2017-12-18,tts-36228692,False,historical_membership_snapshot,ASSUMED_public_by_effective_date_used_only_after_date
2017-12-18,2017-12-18,tts-827847,True,historical_membership_snapshot,ASSUMED_public_by_effective_date_used_only_after_date
2017-12-18,2017-12-18,tts-830523,True,historical_membership_snapshot,ASSUMED_public_by_effective_date_used_only_after_date
2017-12-18,2017-12-18,tts-830823,False,historical_membership_snapshot,ASSUMED_public_by_effective_date_used_only_after_date
2017-12-18,2017-12-18,tts-830842,True,historical_membership_snapshot,ASSUMED_public_by_effective_date_used_only_after_date
2017-12-18,2017-12-18,tts-831856,False,historical_membership_snapshot,ASSUMED_public_by_effective_date_used_only_after_date
2018-07-23,2018-07-23,tts-132468358,True,historical_membership_snapshot,ASSUMED_public_by_effective_date_used_only_after_date
2018-07-23,2018-07-23,tts-832145,False,historical_membership_snapshot,ASSUMED_public_by_effective_date_used_only_after_date
2018-11-05,2018-11-05,tts-14011355,False,historical_membership_snapshot,ASSUMED_public_by_effective_date_used_only_after_date
2018-11-05,2018-11-05,tts-24429604,True,historical_membership_snapshot,ASSUMED_public_by_effective_date_used_only_after_date
2018-11-19,2018-11-19,tts-132814882,True,historical_membership_snapshot,ASSUMED_public_by_effective_date_used_only_after_date
2018-11-19,2018-11-19,tts-821304,False,historical_membership_snapshot,ASSUMED_public_by_effective_date_used_only_after_date
2018-12-24,2018-12-24,tts-11159809,True,historical_membership_snapshot,ASSUMED_public_by_effective_date_used_only_after_date
2018-12-24,2018-12-24,tts-137012693,False,historical_membership_snapshot,ASSUMED_public_by_effective_date_used_only_after_date
2018-12-24,2018-12-24,tts-149357573,True,historical_membership_snapshot,ASSUMED_public_by_effective_date_used_only_after_date
2018-12-24,2018-12-24,tts-15401130,False,historical_membership_snapshot,ASSUMED_public_by_effective_date_used_only_after_date
2018-12-24,2018-12-24,tts-159320127,True,historical_membership_snapshot,ASSUMED_public_by_effective_date_used_only_after_date
2018-12-24,2018-12-24,tts-17917826,False,historical_membership_snapshot,ASSUMED_public_by_effective_date_used_only_after_date
2018-12-24,2018-12-24,tts-48237583,False,historical_membership_snapshot,ASSUMED_public_by_effective_date_used_only_after_date
2018-12-24,2018-12-24,tts-80383707,True,historical_membership_snapshot,ASSUMED_public_by_effective_date_used_only_after_date
2018-12-24,2018-12-24,tts-828820,False,historical_membership_snapshot,ASSUMED_public_by_effective_date_used_only_after_date
2018-12-24,2018-12-24,tts-830016,True,historical_membership_snapshot,ASSUMED_public_by_effective_date_used_only_after_date
2018-12-24,2018-12-24,tts-830966,True,historical_membership_snapshot,ASSUMED_public_by_effective_date_used_only_after_date
2018-12-24,2018-12-24,tts-832375,False,historical_membership_snapshot,ASSUMED_public_by_effective_date_used_only_after_date
2019-03-20,2019-03-20,tts-161284558,False,old_FOX_merger,effective_action_date_next_session
2019-03-20,2019-03-20,tts-161284560,False,old_FOXA_merger,effective_action_date_next_session
2019-11-05,2019-11-05,tts-161284558,False,historical_membership_snapshot,ASSUMED_public_by_effective_date_used_only_after_date
2019-11-05,2019-11-05,tts-161284560,False,historical_membership_snapshot,ASSUMED_public_by_effective_date_used_only_after_date
2019-11-05,2019-11-05,tts-61149824,True,historical_membership_snapshot,ASSUMED_public_by_effective_date_used_only_after_date
2019-11-05,2019-11-05,tts-61149825,True,historical_membership_snapshot,ASSUMED_public_by_effective_date_used_only_after_date
2019-11-19,2019-11-19,tts-175405676,True,historical_membership_snapshot,ASSUMED_public_by_effective_date_used_only_after_date
2019-11-19,2019-11-19,tts-832022,False,historical_membership_snapshot,ASSUMED_public_by_effective_date_used_only_after_date
2019-12-23,2019-12-23,tts-16784810,False,historical_membership_snapshot,ASSUMED_public_by_effective_date_used_only_after_date
2019-12-23,2019-12-23,tts-177780551,False,historical_membership_snapshot,ASSUMED_public_by_effective_date_used_only_after_date
2019-12-23,2019-12-23,tts-17914161,False,historical_membership_snapshot,ASSUMED_public_by_effective_date_used_only_after_date
2019-12-23,2019-12-23,tts-41981429,True,historical_membership_snapshot,ASSUMED_public_by_effective_date_used_only_after_date
2019-12-23,2019-12-23,tts-61020822,True,historical_membership_snapshot,ASSUMED_public_by_effective_date_used_only_after_date
2019-12-23,2019-12-23,tts-827769,True,historical_membership_snapshot,ASSUMED_public_by_effective_date_used_only_after_date
2019-12-23,2019-12-23,tts-828408,True,historical_membership_snapshot,ASSUMED_public_by_effective_date_used_only_after_date
2019-12-23,2019-12-23,tts-829202,False,historical_membership_snapshot,ASSUMED_public_by_effective_date_used_only_after_date
2019-12-23,2019-12-23,tts-829418,False,historical_membership_snapshot,ASSUMED_public_by_effective_date_used_only_after_date
2019-12-23,2019-12-23,tts-830459,True,historical_membership_snapshot,ASSUMED_public_by_effective_date_used_only_after_date
2019-12-23,2019-12-23,tts-831069,False,historical_membership_snapshot,ASSUMED_public_by_effective_date_used_only_after_date
2019-12-23,2019-12-23,tts-832092,True,historical_membership_snapshot,ASSUMED_public_by_effective_date_used_only_after_date
2020-04-20,2020-04-20,tts-2711488,True,historical_membership_snapshot,ASSUMED_public_by_effective_date_used_only_after_date
2020-04-20,2020-04-20,tts-67645939,False,historical_membership_snapshot,ASSUMED_public_by_effective_date_used_only_after_date
2020-04-30,2020-04-30,tts-159320127,False,historical_membership_snapshot,ASSUMED_public_by_effective_date_used_only_after_date
2020-04-30,2020-04-30,tts-163839424,True,historical_membership_snapshot,ASSUMED_public_by_effective_date_used_only_after_date
2020-06-22,2020-06-22,tts-140322345,True,historical_membership_snapshot,ASSUMED_public_by_effective_date_used_only_after_date
2020-06-22,2020-06-22,tts-149357573,False,historical_membership_snapshot,ASSUMED_public_by_effective_date_used_only_after_date
2020-07-20,2020-07-20,tts-14359676,True,historical_membership_snapshot,ASSUMED_public_by_effective_date_used_only_after_date
2020-07-20,2020-07-20,tts-832092,False,historical_membership_snapshot,ASSUMED_public_by_effective_date_used_only_after_date
2020-08-24,2020-08-24,tts-146910073,True,historical_membership_snapshot,ASSUMED_public_by_effective_date_used_only_after_date
2020-08-24,2020-08-24,tts-830016,False,historical_membership_snapshot,ASSUMED_public_by_effective_date_used_only_after_date
2020-10-19,2020-10-19,tts-203738082,True,historical_membership_snapshot,ASSUMED_public_by_effective_date_used_only_after_date
2020-10-19,2020-10-19,tts-45576417,False,historical_membership_snapshot,ASSUMED_public_by_effective_date_used_only_after_date
2020-12-21,2020-12-21,tts-11704179,False,historical_membership_snapshot,ASSUMED_public_by_effective_date_used_only_after_date
2020-12-21,2020-12-21,tts-120195246,True,historical_membership_snapshot,ASSUMED_public_by_effective_date_used_only_after_date
2020-12-21,2020-12-21,tts-174238383,True,historical_membership_snapshot,ASSUMED_public_by_effective_date_used_only_after_date
2020-12-21,2020-12-21,tts-1784188,False,historical_membership_snapshot,ASSUMED_public_by_effective_date_used_only_after_date
2020-12-21,2020-12-21,tts-203738081,True,historical_membership_snapshot,ASSUMED_public_by_effective_date_used_only_after_date
2020-12-21,2020-12-21,tts-3250167,False,historical_membership_snapshot,ASSUMED_public_by_effective_date_used_only_after_date
2020-12-21,2020-12-21,tts-828516,False,historical_membership_snapshot,ASSUMED_public_by_effective_date_used_only_after_date
2020-12-21,2020-12-21,tts-828861,False,historical_membership_snapshot,ASSUMED_public_by_effective_date_used_only_after_date
2020-12-21,2020-12-21,tts-829786,True,historical_membership_snapshot,ASSUMED_public_by_effective_date_used_only_after_date
2020-12-21,2020-12-21,tts-830674,True,historical_membership_snapshot,ASSUMED_public_by_effective_date_used_only_after_date
2020-12-21,2020-12-21,tts-830842,False,historical_membership_snapshot,ASSUMED_public_by_effective_date_used_only_after_date
2020-12-21,2020-12-21,tts-831964,False,historical_membership_snapshot,ASSUMED_public_by_effective_date_used_only_after_date
2020-12-21,2020-12-21,tts-97315627,True,historical_membership_snapshot,ASSUMED_public_by_effective_date_used_only_after_date
2021-07-21,2021-07-21,tts-219587327,True,historical_membership_snapshot,ASSUMED_public_by_effective_date_used_only_after_date
2021-07-21,2021-07-21,tts-831866,False,historical_membership_snapshot,ASSUMED_public_by_effective_date_used_only_after_date
2021-08-26,2021-08-26,tts-167018563,True,historical_membership_snapshot,ASSUMED_public_by_effective_date_used_only_after_date
2021-08-26,2021-08-26,tts-829854,False,historical_membership_snapshot,ASSUMED_public_by_effective_date_used_only_after_date
2021-12-20,2021-12-20,tts-137190768,True,historical_membership_snapshot,ASSUMED_public_by_effective_date_used_only_after_date
2021-12-20,2021-12-20,tts-174002103,True,historical_membership_snapshot,ASSUMED_public_by_effective_date_used_only_after_date
2021-12-20,2021-12-20,tts-177780548,False,historical_membership_snapshot,ASSUMED_public_by_effective_date_used_only_after_date
2021-12-20,2021-12-20,tts-20508704,True,historical_membership_snapshot,ASSUMED_public_by_effective_date_used_only_after_date
2021-12-20,2021-12-20,tts-207966789,True,historical_membership_snapshot,ASSUMED_public_by_effective_date_used_only_after_date
2021-12-20,2021-12-20,tts-224517911,True,historical_membership_snapshot,ASSUMED_public_by_effective_date_used_only_after_date
2021-12-20,2021-12-20,tts-231697626,True,historical_membership_snapshot,ASSUMED_public_by_effective_date_used_only_after_date
2021-12-20,2021-12-20,tts-61020822,False,historical_membership_snapshot,ASSUMED_public_by_effective_date_used_only_after_date
2021-12-20,2021-12-20,tts-61149824,False,historical_membership_snapshot,ASSUMED_public_by_effective_date_used_only_after_date
2021-12-20,2021-12-20,tts-61149825,False,historical_membership_snapshot,ASSUMED_public_by_effective_date_used_only_after_date
2021-12-20,2021-12-20,tts-828255,False,historical_membership_snapshot,ASSUMED_public_by_effective_date_used_only_after_date
2021-12-20,2021-12-20,tts-829309,False,historical_membership_snapshot,ASSUMED_public_by_effective_date_used_only_after_date
2021-12-20,2021-12-20,tts-832025,False,historical_membership_snapshot,ASSUMED_public_by_effective_date_used_only_after_date
2022-01-24,2022-01-24,tts-174238383,False,historical_membership_snapshot,ASSUMED_public_by_effective_date_used_only_after_date
2022-01-24,2022-01-24,tts-818221,True,historical_membership_snapshot,ASSUMED_public_by_effective_date_used_only_after_date
2022-02-02,2022-02-02,tts-239110702,True,historical_membership_snapshot,ASSUMED_public_by_effective_date_used_only_after_date
2022-02-22,2022-02-22,tts-203249662,True,historical_membership_snapshot,ASSUMED_public_by_effective_date_used_only_after_date
2022-02-22,2022-02-22,tts-821283,False,historical_membership_snapshot,ASSUMED_public_by_effective_date_used_only_after_date
2022-11-21,2022-11-21,tts-120195246,False,historical_membership_snapshot,ASSUMED_public_by_effective_date_used_only_after_date
2022-11-21,2022-11-21,tts-40948542,True,historical_membership_snapshot,ASSUMED_public_by_effective_date_used_only_after_date
2022-12-19,2022-12-19,tts-140322345,False,historical_membership_snapshot,ASSUMED_public_by_effective_date_used_only_after_date
2022-12-19,2022-12-19,tts-231055357,True,historical_membership_snapshot,ASSUMED_public_by_effective_date_used_only_after_date
2022-12-19,2022-12-19,tts-232151446,True,historical_membership_snapshot,ASSUMED_public_by_effective_date_used_only_after_date
2022-12-19,2022-12-19,tts-234941877,True,historical_membership_snapshot,ASSUMED_public_by_effective_date_used_only_after_date
2022-12-19,2022-12-19,tts-245373754,True,historical_membership_snapshot,ASSUMED_public_by_effective_date_used_only_after_date
2022-12-19,2022-12-19,tts-3138949,False,historical_membership_snapshot,ASSUMED_public_by_effective_date_used_only_after_date
2022-12-19,2022-12-19,tts-41981429,False,historical_membership_snapshot,ASSUMED_public_by_effective_date_used_only_after_date
2022-12-19,2022-12-19,tts-51776389,True,historical_membership_snapshot,ASSUMED_public_by_effective_date_used_only_after_date
2022-12-19,2022-12-19,tts-830020,False,historical_membership_snapshot,ASSUMED_public_by_effective_date_used_only_after_date
2022-12-19,2022-12-19,tts-830638,False,historical_membership_snapshot,ASSUMED_public_by_effective_date_used_only_after_date
2022-12-19,2022-12-19,tts-830966,False,historical_membership_snapshot,ASSUMED_public_by_effective_date_used_only_after_date
2022-12-19,2022-12-19,tts-832092,True,historical_membership_snapshot,ASSUMED_public_by_effective_date_used_only_after_date
2022-12-19,2022-12-19,tts-97315627,False,historical_membership_snapshot,ASSUMED_public_by_effective_date_used_only_after_date
2023-06-07,2023-06-07,tts-268663742,True,historical_membership_snapshot,ASSUMED_public_by_effective_date_used_only_after_date
2023-06-07,2023-06-07,tts-832260,False,historical_membership_snapshot,ASSUMED_public_by_effective_date_used_only_after_date
2023-06-20,2023-06-20,tts-232151446,False,historical_membership_snapshot,ASSUMED_public_by_effective_date_used_only_after_date
2023-06-20,2023-06-20,tts-85128742,True,historical_membership_snapshot,ASSUMED_public_by_effective_date_used_only_after_date
2023-07-17,2023-07-17,tts-110325346,True,historical_membership_snapshot,ASSUMED_public_by_effective_date_used_only_after_date
2023-07-17,2023-07-17,tts-827879,False,historical_membership_snapshot,ASSUMED_public_by_effective_date_used_only_after_date
2023-12-14,2023-12-14,tts-830459,False,historical_membership_snapshot,ASSUMED_public_by_effective_date_used_only_after_date
2023-12-14,2023-12-14,tts-830842,True,historical_membership_snapshot,ASSUMED_public_by_effective_date_used_only_after_date
2023-12-18,2023-12-18,tts-129307390,True,historical_membership_snapshot,ASSUMED_public_by_effective_date_used_only_after_date
2023-12-18,2023-12-18,tts-163839424,False,historical_membership_snapshot,ASSUMED_public_by_effective_date_used_only_after_date
2023-12-18,2023-12-18,tts-224517911,False,historical_membership_snapshot,ASSUMED_public_by_effective_date_used_only_after_date
2023-12-18,2023-12-18,tts-228473225,True,historical_membership_snapshot,ASSUMED_public_by_effective_date_used_only_after_date
2023-12-18,2023-12-18,tts-284392746,True,historical_membership_snapshot,ASSUMED_public_by_effective_date_used_only_after_date
2023-12-18,2023-12-18,tts-291149473,True,historical_membership_snapshot,ASSUMED_public_by_effective_date_used_only_after_date
2023-12-18,2023-12-18,tts-40948542,False,historical_membership_snapshot,ASSUMED_public_by_effective_date_used_only_after_date
2023-12-18,2023-12-18,tts-41981429,True,historical_membership_snapshot,ASSUMED_public_by_effective_date_used_only_after_date
2023-12-18,2023-12-18,tts-61020822,True,historical_membership_snapshot,ASSUMED_public_by_effective_date_used_only_after_date
2023-12-18,2023-12-18,tts-72890301,False,historical_membership_snapshot,ASSUMED_public_by_effective_date_used_only_after_date
2023-12-18,2023-12-18,tts-827425,False,historical_membership_snapshot,ASSUMED_public_by_effective_date_used_only_after_date
2023-12-18,2023-12-18,tts-832177,False,historical_membership_snapshot,ASSUMED_public_by_effective_date_used_only_after_date
2024-03-18,2024-03-18,tts-294951046,True,historical_membership_snapshot,ASSUMED_public_by_effective_date_used_only_after_date
2024-03-18,2024-03-18,tts-41981429,False,historical_membership_snapshot,ASSUMED_public_by_effective_date_used_only_after_date
2024-06-24,2024-06-24,tts-289578745,True,historical_membership_snapshot,ASSUMED_public_by_effective_date_used_only_after_date
2024-06-24,2024-06-24,tts-830484,False,historical_membership_snapshot,ASSUMED_public_by_effective_date_used_only_after_date
2024-07-22,2024-07-22,tts-181976270,True,historical_membership_snapshot,ASSUMED_public_by_effective_date_used_only_after_date
2024-07-22,2024-07-22,tts-80360010,False,historical_membership_snapshot,ASSUMED_public_by_effective_date_used_only_after_date
2024-11-18,2024-11-18,tts-217036446,True,historical_membership_snapshot,ASSUMED_public_by_effective_date_used_only_after_date
2024-11-18,2024-11-18,tts-828632,False,historical_membership_snapshot,ASSUMED_public_by_effective_date_used_only_after_date
2024-12-23,2024-12-23,tts-127281511,True,historical_membership_snapshot,ASSUMED_public_by_effective_date_used_only_after_date
2024-12-23,2024-12-23,tts-14359676,False,historical_membership_snapshot,ASSUMED_public_by_effective_date_used_only_after_date
2024-12-23,2024-12-23,tts-181976270,False,historical_membership_snapshot,ASSUMED_public_by_effective_date_used_only_after_date
2024-12-23,2024-12-23,tts-202005198,True,historical_membership_snapshot,ASSUMED_public_by_effective_date_used_only_after_date
2024-12-23,2024-12-23,tts-829281,False,historical_membership_snapshot,ASSUMED_public_by_effective_date_used_only_after_date
2024-12-23,2024-12-23,tts-829808,True,historical_membership_snapshot,ASSUMED_public_by_effective_date_used_only_after_date
2025-05-19,2025-05-19,tts-129307390,False,historical_membership_snapshot,ASSUMED_public_by_effective_date_used_only_after_date
2025-05-19,2025-05-19,tts-87928298,True,historical_membership_snapshot,ASSUMED_public_by_effective_date_used_only_after_date
2025-07-28,2025-07-28,tts-827441,True,historical_membership_snapshot,ASSUMED_public_by_effective_date_used_only_after_date
2025-07-28,2025-07-28,tts-827769,False,historical_membership_snapshot,ASSUMED_public_by_effective_date_used_only_after_date
2025-10-30,2025-10-30,tts-375502573,True,historical_membership_snapshot,ASSUMED_public_by_effective_date_used_only_after_date
2025-11-06,2025-11-06,tts-375502573,False,historical_membership_snapshot,ASSUMED_public_by_effective_date_used_only_after_date
2025-12-22,2025-12-22,tts-1076458,False,historical_membership_snapshot,ASSUMED_public_by_effective_date_used_only_after_date
2025-12-22,2025-12-22,tts-110325346,False,historical_membership_snapshot,ASSUMED_public_by_effective_date_used_only_after_date
2025-12-22,2025-12-22,tts-11159809,False,historical_membership_snapshot,ASSUMED_public_by_effective_date_used_only_after_date
2025-12-22,2025-12-22,tts-15401130,True,historical_membership_snapshot,ASSUMED_public_by_effective_date_used_only_after_date
2025-12-22,2025-12-22,tts-1781672,True,historical_membership_snapshot,ASSUMED_public_by_effective_date_used_only_after_date
2025-12-22,2025-12-22,tts-2098957,True,historical_membership_snapshot,ASSUMED_public_by_effective_date_used_only_after_date
2025-12-22,2025-12-22,tts-231055357,False,historical_membership_snapshot,ASSUMED_public_by_effective_date_used_only_after_date
2025-12-22,2025-12-22,tts-310935268,True,historical_membership_snapshot,ASSUMED_public_by_effective_date_used_only_after_date
2025-12-22,2025-12-22,tts-45576417,True,historical_membership_snapshot,ASSUMED_public_by_effective_date_used_only_after_date
2025-12-22,2025-12-22,tts-61020822,False,historical_membership_snapshot,ASSUMED_public_by_effective_date_used_only_after_date
2025-12-22,2025-12-22,tts-832423,True,historical_membership_snapshot,ASSUMED_public_by_effective_date_used_only_after_date
2025-12-22,2025-12-22,tts-85128742,False,historical_membership_snapshot,ASSUMED_public_by_effective_date_used_only_after_date
2026-01-05,2026-01-05,unresolved:VSNT,True,historical_membership_snapshot,ASSUMED_public_by_effective_date_used_only_after_date
2026-01-09,2026-01-09,unresolved:VSNT,False,historical_membership_snapshot,ASSUMED_public_by_effective_date_used_only_after_date
2026-01-20,2026-01-20,tts-203249662,False,historical_membership_snapshot,ASSUMED_public_by_effective_date_used_only_after_date
2026-01-20,2026-01-20,tts-827665,True,historical_membership_snapshot,ASSUMED_public_by_effective_date_used_only_after_date
2026-04-20,2026-04-20,tts-342851559,True,historical_membership_snapshot,ASSUMED_public_by_effective_date_used_only_after_date
2026-04-20,2026-04-20,tts-830674,False,historical_membership_snapshot,ASSUMED_public_by_effective_date_used_only_after_date
2026-05-18,2026-05-18,tts-832092,False,historical_membership_snapshot,ASSUMED_public_by_effective_date_used_only_after_date
2026-05-18,2026-05-18,tts-92502189,True,historical_membership_snapshot,ASSUMED_public_by_effective_date_used_only_after_date
2026-06-22,2026-06-22,tts-137190768,False,historical_membership_snapshot,ASSUMED_public_by_effective_date_used_only_after_date
2026-06-22,2026-06-22,tts-158183018,True,historical_membership_snapshot,ASSUMED_public_by_effective_date_used_only_after_date
2026-06-22,2026-06-22,tts-20189978,False,historical_membership_snapshot,ASSUMED_public_by_effective_date_used_only_after_date
2026-06-22,2026-06-22,tts-226809961,True,historical_membership_snapshot,ASSUMED_public_by_effective_date_used_only_after_date
2026-06-22,2026-06-22,tts-306428272,True,historical_membership_snapshot,ASSUMED_public_by_effective_date_used_only_after_date
2026-06-22,2026-06-22,tts-320792105,True,historical_membership_snapshot,ASSUMED_public_by_effective_date_used_only_after_date
2026-06-22,2026-06-22,tts-347224215,True,historical_membership_snapshot,ASSUMED_public_by_effective_date_used_only_after_date
2026-06-22,2026-06-22,tts-828275,False,historical_membership_snapshot,ASSUMED_public_by_effective_date_used_only_after_date
2026-06-22,2026-06-22,tts-828513,False,historical_membership_snapshot,ASSUMED_public_by_effective_date_used_only_after_date
2026-06-22,2026-06-22,tts-832423,False,historical_membership_snapshot,ASSUMED_public_by_effective_date_used_only_after_date
2026-06-29,2026-06-29,tts-410496110,True,historical_membership_snapshot,ASSUMED_public_by_effective_date_used_only_after_date
2026-07-07,2026-07-07,tts-208710142,True,historical_membership_snapshot,ASSUMED_public_by_effective_date_used_only_after_date
2026-08-04,2026-08-04,tts-36769516,False,historical_membership_snapshot,ASSUMED_public_by_effective_date_used_only_after_date
2026-09-14,2026-09-14,tts-90308539,False,historical_membership_snapshot,ASSUMED_public_by_effective_date_used_only_after_date
