purchase_date,source_effective_date,source_available_date,source,source_age_days,mapped_snapshot_weight,unresolved_weight_reserved_as_cash,mapped_current_member_target_weight,departed_source_weight_not_bought,unresolved_tickers,new_members_without_source_weight,no_future_snapshot_used
2010-09-30,2010-06-30,2010-08-30,USAA_Nasdaq100_SEC_semiannual,92,0.9807461511659377,0.0192538488340579,0.9807461511659377,0.0,MICC|NIHD|SHLD|YHOO,0,True
2010-10-29,2010-06-30,2010-08-30,USAA_Nasdaq100_SEC_semiannual,121,0.9807461511659377,0.0192538488340579,0.9807461511659377,0.0,MICC|NIHD|SHLD|YHOO,0,True
2010-11-30,2010-09-30,2010-11-29,USAA_Nasdaq100_SEC_quarterly,61,0.9811878696363363,0.018812130363659,0.9811878696363363,0.0,MICC|NIHD|SHLD|YHOO,0,True
2010-12-31,2010-09-30,2010-11-29,USAA_Nasdaq100_SEC_quarterly,92,0.9811878696363363,0.018812130363659,0.966173627555277,0.015014242081059401,MICC|NIHD|SHLD|YHOO,7,True
2011-01-31,2010-09-30,2010-12-31,QQQ_SEC_annual,123,0.9811860346791186,0.0188139653208764,0.966138461206106,0.0150475734730125,MICC|NIHD|SHLD|YHOO,7,True
2011-02-28,2010-09-30,2010-12-31,QQQ_SEC_annual,151,0.9811860346791186,0.0188139653208764,0.966138461206106,0.0150475734730125,MICC|NIHD|SHLD|YHOO,7,True
2011-03-31,2010-12-31,2011-03-07,USAA_Nasdaq100_SEC_quarterly,90,0.9823884295841838,0.0176115704158116,0.9823884295841838,0.0,MICC|NIHD|SHLD|YHOO,0,True
2011-04-29,2011-04-04,2011-04-06,Nasdaq_2011_special_rebalance,25,0.9829000000000001,0.0171,0.9829000000000001,0.0,MICC|NIHD|SHLD|YHOO,0,True
2011-05-31,2011-05-02,2011-04-06,Nasdaq_2011_special_rebalance,29,0.9809999999999993,0.0189999999999998,0.9809999999999993,0.0,MICC|NIHD|SHLD|YHOO,1,True
2011-06-30,2011-05-02,2011-04-06,Nasdaq_2011_special_rebalance,59,0.9809999999999993,0.0189999999999998,0.9809999999999993,0.0,MICC|NIHD|SHLD|YHOO,1,True
2011-07-29,2011-05-02,2011-04-06,Nasdaq_2011_special_rebalance,88,0.9809999999999993,0.0189999999999998,0.9787999999999994,0.0022,MICC|NIHD|SHLD|YHOO,2,True
2011-08-31,2011-05-02,2011-04-06,Nasdaq_2011_special_rebalance,121,0.9809999999999993,0.0189999999999998,0.9787999999999994,0.0022,MICC|NIHD|SHLD|YHOO,2,True
2011-09-30,2011-06-30,2011-09-01,USAA_Nasdaq100_SEC_quarterly,92,0.9865473987442328,0.013452601255762399,0.9841701199360419,0.0023772788081908,NIHD|SHLD|YHOO,1,True
2011-10-31,2011-06-30,2011-09-01,USAA_Nasdaq100_SEC_quarterly,123,0.9865473987442328,0.013452601255762399,0.9841701199360419,0.0023772788081908,NIHD|SHLD|YHOO,1,True
2011-11-30,2011-09-30,2011-11-29,USAA_Nasdaq100_SEC_quarterly,61,0.9883851591020847,0.0116148408979105,0.9883851591020847,0.0,NIHD|SHLD|YHOO,0,True
2011-12-30,2011-09-30,2011-11-29,USAA_Nasdaq100_SEC_quarterly,91,0.9883851591020847,0.0116148408979105,0.9788623359138291,0.0095228231882554,NIHD|SHLD|YHOO,6,True
2012-01-31,2011-09-30,2012-01-23,QQQ_SEC_annual,123,0.9883744828756867,0.0116255171243086,0.9788631278271062,0.0095113550485805,NIHD|SHLD|YHOO,6,True
2012-02-29,2011-09-30,2012-01-23,QQQ_SEC_annual,152,0.9883744828756867,0.0116255171243086,0.9788631278271062,0.0095113550485805,NIHD|SHLD|YHOO,6,True
2012-03-30,2011-12-31,2012-03-02,USAA_Nasdaq100_SEC_quarterly,90,0.9882785512156755,0.011721448784319532,0.9882785512156755,0.0,GOLD|OSH_OLD|SHLD|YHOO,0,True
2012-04-30,2011-12-31,2012-03-02,USAA_Nasdaq100_SEC_quarterly,121,0.9882785512156755,0.011721448784319532,0.9871097188177236,0.0011688323979519,GOLD|OSH_OLD|SHLD|YHOO,1,True
2012-05-31,2012-03-31,2012-05-29,USAA_Nasdaq100_SEC_quarterly,61,0.9898986149111395,0.0101013850888557,0.9787132149579153,0.011185399953224,GOLD|SHLD|YHOO,2,True
2012-06-29,2012-03-31,2012-05-29,USAA_Nasdaq100_SEC_quarterly,90,0.9898986149111395,0.0101013850888557,0.9787132149579153,0.011185399953224,GOLD|SHLD|YHOO,2,True
2012-07-31,2012-03-31,2012-05-29,USAA_Nasdaq100_SEC_quarterly,122,0.9898986149111395,0.0101013850888557,0.9776514743715822,0.0122471405395572,GOLD|SHLD|YHOO,3,True
2012-08-31,2012-06-30,2012-08-30,USAA_Nasdaq100_SEC_quarterly,62,0.989548298968116,0.010451701031879201,0.9887028593579782,0.0008454396101378,GOLD|SHLD|YHOO,1,True
2012-09-28,2012-06-30,2012-08-30,USAA_Nasdaq100_SEC_quarterly,90,0.989548298968116,0.010451701031879201,0.9887028593579782,0.0008454396101378,GOLD|SHLD|YHOO,1,True
2012-10-31,2012-06-30,2012-08-30,USAA_Nasdaq100_SEC_quarterly,123,0.989548298968116,0.010451701031879201,0.9887028593579782,0.0008454396101378,GOLD|SHLD|YHOO,1,True
2012-11-30,2012-09-30,2012-11-27,USAA_Nasdaq100_SEC_quarterly,61,0.9900916860324794,0.0099083139675161,0.9900916860324794,0.0,GOLD|SHLD|YHOO,0,True
2012-12-31,2012-09-30,2012-11-27,USAA_Nasdaq100_SEC_quarterly,92,0.9900916860324794,0.0099083139675161,0.9751292112715365,0.0149624747609428,GOLD|SHLD|YHOO,11,True
2013-01-31,2012-09-30,2013-01-29,QQQ_SEC_annual,123,0.9900966439775315,0.0099033560224638,0.9751306020800719,0.014966041897459599,GOLD|SHLD|YHOO,11,True
2013-02-28,2012-09-30,2013-01-29,QQQ_SEC_annual,151,0.9900966439775315,0.0099033560224638,0.9751306020800719,0.014966041897459599,GOLD|SHLD|YHOO,11,True
2013-03-28,2012-12-31,2013-03-07,USAA_Nasdaq100_SEC_quarterly,87,0.9850475430064551,0.014952456993539698,0.9850475430064551,0.0,GOLD|LMCA|SHLD|YHOO,1,True
2013-04-30,2012-12-31,2013-03-07,USAA_Nasdaq100_SEC_quarterly,120,0.9850475430064551,0.014952456993539698,0.9850475430064551,0.0,GOLD|LMCA|SHLD|YHOO,1,True
2013-05-31,2013-03-31,2013-05-29,USAA_Nasdaq100_SEC_quarterly,61,0.9792939983900252,0.020706001609969698,0.9792939983900252,0.0,GOLD|KRFT|SHLD|YHOO,0,True
2013-06-28,2013-03-31,2013-05-29,USAA_Nasdaq100_SEC_quarterly,89,0.9792939983900252,0.020706001609969698,0.971876211204193,0.0074177871858321,GOLD|KRFT|SHLD|YHOO,2,True
2013-07-31,2013-03-31,2013-05-29,USAA_Nasdaq100_SEC_quarterly,122,0.9792939983900252,0.020706001609969698,0.9232103992128989,0.0560835991771262,GOLD|KRFT|SHLD|YHOO,4,True
2013-08-30,2013-03-31,2013-05-29,USAA_Nasdaq100_SEC_quarterly,152,0.9792939983900252,0.020706001609969698,0.9198562952803984,0.0594377031096267,GOLD|KRFT|SHLD|YHOO,5,True
2013-09-30,2013-06-30,2013-09-03,USAA_Nasdaq100_SEC_quarterly,92,0.975769107863924,0.024230892136071498,0.9275252011736298,0.0482439066902942,GOLD|KRFT|LMCA|SHLD|YHOO,3,True
2013-10-31,2013-06-30,2013-09-03,USAA_Nasdaq100_SEC_quarterly,123,0.975769107863924,0.024230892136071498,0.9206431746216152,0.0551259332423088,GOLD|KRFT|LMCA|SHLD|YHOO,4,True
2013-11-29,2013-09-30,2013-11-21,USAA_Nasdaq100_SEC_quarterly,60,0.9747231988245741,0.025276801175420898,0.9680117542110463,0.0067114446135278,GOLD|KRFT|LMCA|SHLD|YHOO,2,True
2013-12-31,2013-09-30,2013-11-21,USAA_Nasdaq100_SEC_quarterly,92,0.9747231988245741,0.025276801175420898,0.9606601248884881,0.0140630739360862,GOLD|KRFT|LMCA|SHLD|YHOO,7,True
2014-01-31,2013-09-30,2014-01-21,QQQ_SEC_annual,123,0.9747140271493209,0.025285972850674302,0.9606621441051044,0.0140518830442164,GOLD|KRFT|LMCA|SHLD|YHOO,7,True
2014-02-28,2014-01-31,2014-02-07,CNDX_monthly,28,0.97942480416469,0.020575195835305198,0.97942480416469,0.0,AABA|KRFT|LMCA,0,True
2014-03-31,2014-02-28,2014-03-07,CNDX_monthly,31,0.9791022642734346,0.0208977357265599,0.9791022642734346,0.0,AABA|KRFT|LMCA,0,True
2014-04-30,2014-03-31,2014-04-07,CNDX_monthly,30,0.9792578432018818,0.0207421567981131,0.9792578432018818,0.0,AABA|KRFT|LMCA,1,True
2014-05-30,2014-04-30,2014-05-07,CNDX_monthly,30,0.9790796139598035,0.020920386040191502,0.9790796139598035,0.0,AABA|KRFT|LMCA,0,True
2014-06-30,2014-05-30,2014-06-06,CNDX_monthly,31,0.9799489723889582,0.0200510276110369,0.9799489723889582,0.0,AABA|KRFT|LMCA,0,True
2014-07-31,2014-06-30,2014-07-07,CNDX_monthly,31,0.9801628207120975,0.0198371792878974,0.9801628207120975,0.0,AABA|KRFT|LMCA,1,True
2014-08-29,2014-07-31,2014-08-07,CNDX_monthly,29,0.9810231427335235,0.0189768572664719,0.9810231427335235,0.0,AABA|KRFT|LMCA|LMCK,1,True
2014-09-30,2014-08-29,2014-09-05,CNDX_monthly,32,0.9804509139091674,0.0195490860908277,0.9804509139091674,0.0,AABA|KRFT|LMCA|LMCK,0,True
2014-10-31,2014-09-30,2014-10-07,CNDX_monthly,31,0.980112219040585,0.0198877809594099,0.980112219040585,0.0,AABA|KRFT|LMCA|LMCK,0,True
2014-11-28,2014-10-31,2014-11-07,CNDX_monthly,28,0.9795051273917739,0.020494872608221498,0.9790176578312019,0.0004874695605721,AABA|KRFT|LMCA|LMCK,0,True
2014-12-31,2014-11-28,2014-12-05,CNDX_monthly,33,0.9794650648379727,0.020534935162022,0.9731963112356965,0.006268753602276,AABA|KRFT|LMCA|LMCK,5,True
2015-01-30,2014-12-31,2015-01-07,CNDX_monthly,30,0.9799936125833258,0.0200063874166686,0.9739711768323976,0.0060224357509283,KRFT|LMCA|LMCK|YHOO,0,True
2015-02-27,2015-01-30,2015-02-06,CNDX_monthly,28,0.9806153376332333,0.0193846623667615,0.9748873332732408,0.005728004359992499,KRFT|LMCA|LMCK|YHOO,0,True
2015-03-31,2015-02-27,2015-03-06,CNDX_monthly,32,0.981640302917107,0.018359697082887698,0.9732644910255029,0.008375811891604199,KRFT|LMCA|LMCK|YHOO,1,True
2015-04-30,2015-03-31,2015-04-07,CNDX_monthly,30,0.9788450442275972,0.0211549557723975,0.9732023591396559,0.0056426850879413,KRFT|LMCA|LMCK|YHOO,0,True
2015-05-29,2015-04-30,2015-05-07,CNDX_monthly,29,0.9798903137143041,0.0201096862856903,0.9742466275631587,0.0056436861511453005,KRFT|LMCA|LMCK|YHOO,0,True
2015-06-30,2015-05-29,2015-06-05,CNDX_monthly,32,0.9802777396062595,0.0197222603937354,0.9747248117877061,0.0055529278185535,KRFT|LMCA|LMCK|YHOO,0,True
2015-07-31,2015-06-30,2015-07-07,CNDX_monthly,31,0.9803655082736268,0.0196344917263677,0.9630023964090212,0.0173631118646057,KRFT|LMCA|LMCK|YHOO,5,True
2015-08-31,2015-07-31,2015-08-07,CNDX_monthly,31,0.9911269459923937,0.0088730540076015,0.9855201947595637,0.0056067512328298996,LMCA|LMCK|YHOO,0,True
2015-09-30,2015-08-31,2015-09-07,CNDX_monthly,30,0.9914000314394689,0.0085999685605259,0.9858275900520964,0.005572441387372401,LMCA|LMCK|YHOO,0,True
2015-10-30,2015-09-30,2015-10-07,CNDX_monthly,30,0.991973852400555,0.0080261475994395,0.9831418638720911,0.008831988528464,LMCA|LMCK|YHOO,1,True
2015-11-30,2015-10-30,2015-11-06,CNDX_monthly,31,0.9913171085846403,0.0086828914153547,0.9804169189395201,0.01090018964512,LMCA|LMCK|YHOO,1,True
2015-12-31,2015-11-30,2015-12-07,CNDX_monthly,31,0.9916779183627634,0.0083220816372318,0.975755733356834,0.01592218500592927,LMCA|LMCK|YHOO,7,True
2016-01-29,2015-12-31,2016-01-07,CNDX_monthly,29,0.9916368691694509,0.0083631308305437,0.9904625973802189,0.001174271789232,LMCA|LMCK|YHOO,0,True
2016-02-29,2016-01-29,2016-02-05,CNDX_monthly,31,0.9920260331626202,0.0079739668373752,0.9887785918421987,0.0032474413204213,LMCA|LMCK|YHOO,1,True
2016-03-31,2016-02-29,2016-03-07,CNDX_monthly,31,0.9914982899434602,0.0085017100565344,0.9874665625109487,0.0040317274325115,LMCA|LMCK|YHOO,1,True
2016-04-29,2016-03-31,2016-04-07,CNDX_monthly,29,0.9908076093013221,0.009192390698672701,0.989764688239623,0.001042921061699,LMCA|LMCK|YHOO,4,True
2016-05-31,2016-04-29,2016-05-06,CNDX_monthly,32,0.9930597527937381,0.0069402472062564,0.9919590526718448,0.0011007001218933,YHOO,0,True
2016-06-30,2016-05-31,2016-06-07,CNDX_monthly,30,0.993089194256661,0.00691080574333398,0.9917076559203034,0.0013815383363576328,BATRR|YHOO,1,True
2016-07-29,2016-06-30,2016-07-07,CNDX_monthly,29,0.9930181251883821,0.0069818748116125,0.9905682742092888,0.0024498509790932,YHOO,1,True
2016-08-31,2016-07-29,2016-08-05,CNDX_monthly,33,0.9933735389399712,0.0066264610600233,0.9924238530556657,0.0009496858843054,YHOO,0,True
2016-09-30,2016-08-31,2016-09-07,CNDX_monthly,30,0.992645696784351,0.0073543032156437,0.9916834862026236,0.0009622105817274,YHOO,0,True
2016-10-31,2016-09-30,2016-10-07,CNDX_monthly,31,0.9927447140001754,0.0072552859998197,0.9892232897279569,0.0035214242722185,YHOO,1,True
2016-11-30,2016-10-31,2016-11-07,CNDX_monthly,30,0.9929109647664658,0.0070890352335287,0.9919229431265484,0.0009880216399175,YHOO,0,True
2016-12-30,2016-11-30,2016-12-07,CNDX_monthly,30,0.9930146166270357,0.0069853833729597,0.9865021418324411,0.0065124747945944,YHOO,4,True
2017-01-31,2016-12-30,2017-01-06,CNDX_monthly,32,0.9934975207426041,0.0065024792573906,0.992304115829682,0.0011934049129218999,YHOO,0,True
2017-02-28,2016-12-30,2017-01-06,CNDX_monthly,60,0.9934975207426041,0.0065024792573906,0.9864803198865978,0.007017200856006201,YHOO,1,True
2017-03-31,2016-12-30,2017-01-06,CNDX_monthly,91,0.9934975207426041,0.0065024792573906,0.9842563700178173,0.009241150724786701,YHOO,2,True
2017-04-28,2016-12-30,2017-01-06,CNDX_monthly,119,0.9934975207426041,0.0065024792573906,0.9831683332935982,0.010329187449005801,YHOO,3,True
2017-05-31,2016-12-30,2017-01-06,CNDX_monthly,152,0.9934975207426041,0.0065024792573906,0.9831683332935982,0.010329187449005801,YHOO,3,True
2017-06-30,2016-12-30,2017-01-06,CNDX_monthly,182,0.9934975207426041,0.0065024792573906,0.9831683332935982,0.010329187449005801,YHOO,4,True
2017-07-31,2016-12-30,2017-01-06,CNDX_monthly,213,0.9934975207426041,0.0065024792573906,0.9831683332935982,0.010329187449005801,YHOO,4,True
2017-08-31,2017-07-31,2017-08-07,CNDX_monthly,31,0.9999999999999944,0.0,0.9986238030559096,0.001376196944085,,0,True
2017-09-29,2017-08-31,2017-09-07,CNDX_monthly,29,0.9999999999999949,0.0,0.9986302364502272,0.0013697635497676001,,0,True
2017-10-31,2017-09-29,2017-10-06,CNDX_monthly,32,0.9999999999999947,0.0,0.9979663200506029,0.0020336799493919,,1,True
2017-11-30,2017-10-31,2017-11-07,CNDX_monthly,30,0.9999999999999947,0.0,0.9988338424555099,0.0011661575444846,,0,True
2017-12-29,2017-11-30,2017-12-07,CNDX_monthly,29,0.9999999999999949,0.0,0.9924040159396428,0.0075959840603521,,5,True
2018-01-31,2017-12-29,2018-01-05,CNDX_monthly,33,0.9999999999999952,0.0,0.999399591317276,0.0006004086827191,,0,True
2018-02-28,2018-01-31,2018-02-07,CNDX_monthly,28,0.9999999999999949,0.0,0.9993995684830631,0.0006004315169319,,0,True
2018-03-30,2018-02-28,2018-03-07,CNDX_monthly,30,0.9999999999999952,0.0,0.9994470651704399,0.0005529348295555,,0,True
2018-04-30,2018-03-30,2018-04-06,CNDX_monthly,31,0.9999999999999949,0.0,0.9999999999999949,0.0,,0,True
2018-05-31,2018-04-30,2018-05-07,CNDX_monthly,31,0.9999999999999949,0.0,0.9999999999999949,0.0,,0,True
2018-06-29,2018-05-31,2018-06-07,CNDX_monthly,29,0.9999999999999951,0.0,0.9999999999999951,0.0,,0,True
2018-07-31,2018-06-29,2018-07-06,CNDX_monthly,32,0.999999999999995,0.0,0.9990314184880202,0.0009685815119749,,1,True
2018-08-31,2018-07-31,2018-08-07,CNDX_monthly,31,0.9999999999999946,0.0,0.9999999999999946,0.0,,0,True
2018-09-28,2018-08-31,2018-09-07,CNDX_monthly,28,0.999999999999995,0.0,0.999999999999995,0.0,,0,True
2018-10-31,2018-09-28,2018-10-05,CNDX_monthly,33,0.9999999999999948,0.0,0.9999999999999948,0.0,,0,True
2018-11-30,2018-10-31,2018-11-07,CNDX_monthly,30,0.9999999999999952,0.0,0.9967119322492918,0.0032880677507035002,,2,True
2018-12-31,2018-11-30,2018-12-07,CNDX_monthly,31,0.9999999999999947,0.0,0.985627161952653,0.0143728380473417,,6,True
2019-01-31,2018-12-31,2019-01-07,CNDX_monthly,31,0.9999999999999947,0.0,0.9999999999999947,0.0,,0,True
2019-02-28,2019-01-31,2019-02-07,CNDX_monthly,28,0.9999999999999951,0.0,0.9999999999999951,0.0,,0,True
2019-03-29,2019-02-28,2019-03-07,CNDX_monthly,29,0.9999999999999948,0.0,0.9879811240089912,0.0120188759910035,,0,True
2019-04-30,2019-03-29,2019-04-05,CNDX_monthly,32,0.9999999999999952,0.0,0.9972016051820121,0.0027983948179830997,,0,True
2019-05-31,2019-04-30,2019-05-07,CNDX_monthly,31,0.9999999999999949,0.0,0.9971677103561005,0.0028322896438945,,0,True
2019-06-28,2019-05-31,2019-06-07,CNDX_monthly,28,0.9999999999999949,0.0,0.9972090347001079,0.0027909652998869,,0,True
2019-07-31,2019-06-28,2019-07-05,CNDX_monthly,33,0.9999999999999952,0.0,0.997293294203208,0.0027067057967872,,0,True
2019-08-30,2019-07-31,2019-08-07,CNDX_monthly,30,0.9999999999999953,0.0,0.9973049813688619,0.0026950186311335,,0,True
2019-09-30,2019-08-30,2019-09-06,CNDX_monthly,31,0.9999999999999951,0.0,0.9975648444293465,0.0024351555706486,,0,True
2019-10-31,2019-09-30,2019-10-07,CNDX_monthly,31,0.999999999999995,0.0,0.9976954411428209,0.0023045588571741,,0,True
2019-11-29,2019-10-31,2019-11-07,CNDX_monthly,29,0.9999999999999953,0.0,0.9911836785192193,0.008816321480776,,1,True
2019-12-31,2019-11-29,2019-12-06,CNDX_monthly,32,0.9999999999999947,0.0,0.9919093000882192,0.0080906999117754,,6,True
2020-01-31,2019-12-31,2020-01-07,CNDX_monthly,31,0.9999999999999948,0.0,0.9999999999999948,0.0,,0,True
2020-02-28,2020-01-31,2020-02-07,CNDX_monthly,28,0.9999999999999952,0.0,0.9999999999999952,0.0,,0,True
2020-03-31,2020-02-28,2020-03-06,CNDX_monthly,32,0.9999999999999947,0.0,0.9999999999999947,0.0,,0,True
2020-04-30,2020-03-31,2020-04-07,CNDX_monthly,30,0.9999999999999951,0.0,0.9993467383413941,0.0006532616586011,,1,True
2020-05-29,2020-04-30,2020-05-07,CNDX_monthly,29,0.9999999999999948,0.0,0.9999999999999948,0.0,,0,True
2020-06-30,2020-05-29,2020-06-05,CNDX_monthly,32,0.9999999999999946,0.0,0.9991593065496288,0.0008406934503658,,1,True
2020-07-31,2020-06-30,2020-07-07,CNDX_monthly,31,0.9999999999999949,0.0,0.9973028050526934,0.0026971949473015,,1,True
2020-08-31,2020-07-31,2020-08-07,CNDX_monthly,31,0.9999999999999951,0.0,0.9991101418985607,0.0008898581014344,,1,True
2020-09-30,2020-08-31,2020-09-07,CNDX_monthly,30,0.9999999999999949,0.0,0.9999999999999949,0.0,,0,True
2020-10-30,2020-09-30,2020-10-07,CNDX_monthly,30,0.9999999999999944,0.0,0.9990604218486734,0.0009395781513212,,1,True
2020-11-30,2020-10-30,2020-11-06,CNDX_monthly,31,0.9999999999999949,0.0,0.9999999999999949,0.0,,0,True
2020-12-31,2020-11-30,2020-12-07,CNDX_monthly,31,0.9999999999999951,0.0,0.9924182798911119,0.0075817201088833,,6,True
2021-01-29,2020-12-31,2021-01-07,CNDX_monthly,29,0.9999999999999952,0.0,0.9999999999999952,0.0,,0,True
2021-02-26,2021-01-29,2021-02-05,CNDX_monthly,28,0.9999999999999953,0.0,0.9999999999999953,0.0,,0,True
2021-03-31,2021-02-26,2021-03-05,CNDX_monthly,33,0.9999999999999953,0.0,0.9999999999999953,0.0,,0,True
2021-04-30,2021-03-31,2021-04-07,CNDX_monthly,30,0.999999999999995,0.0,0.999999999999995,0.0,,0,True
2021-05-31,2021-04-30,2021-05-07,CNDX_monthly,31,0.9999999999999947,0.0,0.9999999999999947,0.0,,0,True
2021-06-30,2021-05-31,2021-06-07,CNDX_monthly,30,0.9999999999999952,0.0,0.9999999999999952,0.0,,0,True
2021-07-30,2021-06-30,2021-07-07,CNDX_monthly,30,0.9999999999999952,0.0,0.9970569815715349,0.0029430184284603,,1,True
2021-08-31,2021-07-30,2021-08-06,CNDX_monthly,32,0.999999999999995,0.0,0.9980980326594056,0.0019019673405894,,1,True
2021-09-30,2021-08-31,2021-09-07,CNDX_monthly,30,0.9999999999999954,0.0,0.9999999999999954,0.0,,0,True
2021-10-29,2021-09-30,2021-10-07,CNDX_monthly,29,0.9999999999999953,0.0,0.9999999999999953,0.0,,0,True
2021-11-30,2021-10-29,2021-11-05,CNDX_monthly,32,0.9999999999999948,0.0,0.9999999999999948,0.0,,0,True
2021-12-31,2021-11-30,2021-12-07,CNDX_monthly,31,0.9999999999999949,0.0,0.9927746726245534,0.007225327375441799,,6,True
2022-01-31,2021-12-31,2022-01-07,CNDX_monthly,31,0.9999999999999947,0.0,0.9992869101382514,0.0007130898617433,,1,True
2022-02-28,2022-01-31,2022-02-07,CNDX_monthly,28,0.9999999999999953,0.0,0.9965200160152504,0.0034799839847448,,2,True
2022-03-31,2022-02-28,2022-03-07,CNDX_monthly,31,0.9999999999999951,0.0,0.9999999999999951,0.0,,0,True
2022-04-29,2022-03-31,2022-04-07,CNDX_monthly,29,0.9999999999999948,0.0,0.9999999999999948,0.0,,0,True
2022-05-31,2022-04-29,2022-05-06,CNDX_monthly,32,0.999999999999995,0.0,0.999999999999995,0.0,,0,True
2022-06-30,2022-05-31,2022-06-07,CNDX_monthly,30,0.9999999999999949,0.0,0.9999999999999949,0.0,,0,True
2022-07-29,2022-06-30,2022-07-07,CNDX_monthly,29,0.999999999999994,0.0,0.999999999999994,0.0,,0,True
2022-08-31,2022-07-29,2022-08-05,CNDX_monthly,33,0.9999999999999952,0.0,0.9999999999999952,0.0,,0,True
2022-09-30,2022-08-31,2022-09-07,CNDX_monthly,30,0.9999999999999952,0.0,0.9999999999999952,0.0,,0,True
2022-10-31,2022-09-30,2022-10-07,CNDX_monthly,31,0.9999999999999948,0.0,0.9999999999999948,0.0,,0,True
2022-11-30,2022-10-31,2022-11-07,CNDX_monthly,30,0.9999999999999946,0.0,0.999212273464742,0.0007877265352526,,1,True
2022-12-30,2022-11-30,2022-12-07,CNDX_monthly,30,0.999999999999995,0.0,0.9906041618189464,0.0093958381810488,,6,True
2023-01-31,2022-12-30,2023-01-06,CNDX_monthly,32,0.9999999999999948,0.0,0.9999999999999948,0.0,,0,True
2023-02-28,2023-01-31,2023-02-07,CNDX_monthly,28,0.9999999999999948,0.0,0.9999999999999948,0.0,,0,True
2023-03-31,2023-02-28,2023-03-07,CNDX_monthly,31,0.9999999999999948,0.0,0.9999999999999948,0.0,,0,True
2023-04-28,2023-03-31,2023-04-07,CNDX_monthly,28,0.999999999999995,0.0,0.999999999999995,0.0,,0,True
2023-05-31,2023-04-28,2023-05-05,CNDX_monthly,33,0.9999999999999952,0.0,0.9999999999999952,0.0,,0,True
2023-06-30,2023-05-31,2023-06-07,CNDX_monthly,30,0.9999999999999946,0.0,0.9940581682598983,0.0059418317400961,,2,True
2023-07-31,2023-06-30,2023-07-07,CNDX_monthly,31,0.9999999999999949,0.0,0.995625838587264,0.004374161412731,,1,True
2023-08-31,2023-07-31,2023-08-07,CNDX_monthly,31,0.9999999999999951,0.0,0.9999999999999951,0.0,,0,True
2023-09-29,2023-08-31,2023-09-07,CNDX_monthly,29,0.9999999999999953,0.0,0.9999999999999953,0.0,,0,True
2023-10-31,2023-09-29,2023-10-06,CNDX_monthly,32,0.9999999999999953,0.0,0.9999999999999953,0.0,,0,True
2023-11-30,2023-10-31,2023-11-07,CNDX_monthly,30,0.9999999999999959,0.0,0.9999999999999959,0.0,,0,True
2023-12-29,2023-11-30,2023-12-07,CNDX_monthly,29,0.9999999999999952,0.0,0.989506212683066,0.0104937873169291,,7,True
2024-01-31,2023-12-29,2024-01-05,CNDX_monthly,33,0.999999999999995,0.0,0.999999999999995,0.0,,0,True
2024-02-29,2024-01-31,2024-02-07,CNDX_monthly,29,0.999999999999995,0.0,0.999999999999995,0.0,,0,True
2024-03-29,2024-02-29,2024-03-07,CNDX_monthly,29,0.9999999999999949,0.0,0.9980569918342921,0.0019430081657029,,1,True
2024-04-30,2024-03-29,2024-04-05,CNDX_monthly,32,0.9999999999999947,0.0,0.9999999999999947,0.0,,0,True
2024-05-31,2024-04-30,2024-05-07,CNDX_monthly,31,0.9999999999999951,0.0,0.9999999999999951,0.0,,0,True
2024-06-28,2024-05-31,2024-06-07,CNDX_monthly,28,0.9999999999999944,0.0,0.9992218920267424,0.0007781079732521,,1,True
2024-07-31,2024-06-28,2024-07-05,CNDX_monthly,33,0.9999999999999948,0.0,0.9992652590189729,0.0007347409810218819,,1,True
2024-08-30,2024-07-31,2024-08-07,CNDX_monthly,30,0.9999999999999948,0.0,0.9999999999999948,0.0,,0,True
2024-09-30,2024-08-30,2024-09-06,CNDX_monthly,31,0.9999999999999956,0.0,0.9999999999999956,0.0,,0,True
2024-10-31,2024-09-30,2024-10-07,CNDX_monthly,31,0.9999999999999957,0.0,0.9999999999999957,0.0,,0,True
2024-11-29,2024-10-31,2024-11-07,CNDX_monthly,29,0.9999999999999949,0.0,0.9990588756054821,0.0009411243945126,,1,True
2024-12-31,2024-11-29,2024-12-06,CNDX_monthly,32,0.9999999999999947,0.0,0.9962947830489227,0.0037052169510721003,,3,True
2025-01-31,2024-12-31,2025-01-07,CNDX_monthly,31,0.9999999999999952,0.0,0.9999999999999952,0.0,,0,True
2025-02-28,2025-01-31,2025-02-07,CNDX_monthly,28,0.9999999999999956,0.0,0.9999999999999956,0.0,,0,True
2025-03-31,2025-02-28,2025-03-07,CNDX_monthly,31,0.9999999999999954,0.0,0.9999999999999954,0.0,,0,True
2025-04-30,2025-03-31,2025-04-07,CNDX_monthly,30,0.9999999999999949,0.0,0.9999999999999949,0.0,,0,True
2025-05-30,2025-04-30,2025-05-07,CNDX_monthly,30,0.9999999999999954,0.0,0.9991422541972924,0.000857745802703,,1,True
2025-06-30,2025-05-30,2025-06-06,CNDX_monthly,31,0.9999999999999948,0.0,0.9999999999999948,0.0,,0,True
2025-07-31,2025-06-30,2025-07-07,CNDX_monthly,31,0.9999999999999953,0.0,0.998228848531952,0.0017711514680433,,1,True
2025-08-29,2025-07-31,2025-08-07,CNDX_monthly,29,0.9999999999999949,0.0,0.9999999999999949,0.0,,0,True
2025-09-30,2025-08-29,2025-09-05,CNDX_monthly,32,0.9999999999999952,0.0,0.9999999999999952,0.0,,0,True
2025-10-31,2025-09-30,2025-10-07,CNDX_monthly,31,0.9999999999999947,0.0,0.9999999999999947,0.0,,1,True
2025-11-28,2025-10-31,2025-11-07,CNDX_monthly,28,0.9999999999999948,0.0,0.9996320596001388,0.0003679403998559,,0,True
2025-12-31,2025-11-28,2025-12-05,CNDX_monthly,33,0.9999999999999949,0.0,0.993537763463105,0.006462236536889999,,6,True
2026-01-30,2025-12-31,2026-01-07,CNDX_monthly,30,0.9999999999999943,0.0,0.9970414287336619,0.0029585712663325,,1,True
2026-02-27,2026-01-30,2026-02-06,CNDX_monthly,28,0.9999999999999953,0.0,0.9999999999999953,0.0,,0,True
2026-03-31,2026-02-27,2026-03-06,CNDX_monthly,32,0.9999999999999951,0.0,0.9999999999999951,0.0,,0,True
2026-04-30,2026-03-31,2026-04-07,CNDX_monthly,30,0.9999999999999951,0.0,0.9993669781542371,0.000633021845758,,1,True
2026-05-29,2026-04-30,2026-05-07,CNDX_monthly,29,0.9999999999999947,0.0,0.9992884218620003,0.0007115781379944,,1,True
2026-06-30,2026-05-29,2026-06-05,CNDX_monthly,32,0.9999999999999948,0.0,0.9949719758349942,0.0050280241650007005,,6,True
2026-07-31,2026-06-30,2026-07-07,CNDX_monthly,31,0.9999999999999949,0.0,0.9999999999999949,0.0,,1,True
2026-08-31,2026-07-31,2026-08-07,CNDX_monthly,31,0.9999999999999948,0.0,0.9975801472891045,0.0024198527108902,,0,True
