accessionNumber,filingDate,reportDate,acceptanceDateTime,act,form,fileNumber,filmNumber,items,core_type,size,isXBRL,isInlineXBRL,isXBRLNumeric,primaryDocument,primaryDocDescription
0000908695-10-000235,2010-11-29,2010-09-30,2010-11-29T18:36:40.000Z,40,N-Q,811-07852,101218242,,N-Q,52094,0,0,,nqnas09302010.txt,"USAA MUTUAL FUNDS TRUST, NASDAQ-100 INDEX FUND, N-Q FOR 9/30/10"
0000908695-11-000039,2011-03-07,2010-12-31,2011-03-07T16:44:15.000Z,40,N-CSR,811-07852,11667259,,N-CSR,170932,0,0,,ncsrnas123110.txt,USAA NASDAQ-100 INDEX FUND - ANNUAL RPT 12-31-10
0000908695-11-000091,2011-05-31,2011-03-31,2011-05-31T18:16:12.000Z,40,N-Q,811-07852,11880816,,N-Q,51029,0,0,,nqnasdaq033111.txt,USAA NASDAQ-100 INDEX FUND QUARTERLY REPORT - 03/31/2011
0000908695-11-000175,2011-09-01,2011-06-30,2011-09-01T19:26:05.000Z,40,N-CSRS,811-07852,111070932,,N-CSRS,147029,0,0,,ncsrsnas06302011.txt,"USAA MUTUAL FUNDS TRUST, N-CSRS, NASDAQ-100 INDEX FUND, 6/30/11"
0000908695-11-000261,2011-11-29,2011-09-30,2011-11-29T19:26:08.000Z,40,N-Q,811-07852,111230770,,N-Q,53093,0,0,,nqnas093011.txt,"USAA N-Q, NASDAQ-100 INDEX FUND, 09/30/11"
0000908695-12-000052,2012-03-02,2011-12-31,2012-03-02T18:10:14.000Z,40,N-CSR,811-07852,12661931,,N-CSR,174543,0,0,,ncsrnas123111.txt,"USAA MUTUAL FUNDS TRUST, NASDAQ-100 INDEX FUND, ANNUAL RPT, 12/31/11"
0000908695-12-000113,2012-05-29,2012-03-31,2012-05-29T17:24:37.000Z,40,N-Q,811-07852,12873516,,N-Q,55757,0,0,,nqnas33112.txt,NQ FOR USAA NASDAQ-100 INDEX FUND FOR 3/31/12
0000908695-12-000212,2012-08-30,2012-06-30,2012-08-30T15:47:33.000Z,40,N-CSRS,811-07852,121064995,,N-CSRS,149735,0,0,,ncsrs63012.txt,"USAA NASDAQ-100 INDEX FUND, SEMIANN RPT, 6/30/12"
0000908695-12-000291,2012-11-27,2012-09-30,2012-11-27T19:44:45.000Z,40,N-Q,811-07852,121226357,,N-Q,53641,0,0,,nqnas93012.txt,"USAA NASDAQ-100 INDEX FUND, 9-30-2012"
0000908695-13-000043,2013-03-07,2012-12-31,2013-03-07T15:03:57.000Z,40,N-CSR,811-07852,13671808,,N-CSR,171769,0,0,,ncsrsnas123112.txt,"USAA MUTUAL FUNDS TRUST, NASDAQ-100 INDEX FUND, 12/31/12"
0000908695-13-000124,2013-05-29,2013-03-31,2013-05-29T18:35:07.000Z,40,N-Q,811-07852,13877885,,N-Q,53322,0,0,,nqnas033113.txt,USAA NASDAQ-100 INDEX FUND - N-Q 03-31-2013
0000908695-13-000261,2013-09-03,2013-06-30,2013-09-03T19:00:10.000Z,40,N-CSRS,811-07852,131074800,,N-CSRS,147339,0,0,,ncsrsnas063013.txt,"USAA NASDAQ-100 INDEX FUND, SEMIANN RPT, 6/30/13"
0000908695-13-000324,2013-11-21,2013-09-30,2013-11-21T20:02:55.000Z,40,N-Q,811-07852,131235178,,N-Q,51307,0,0,,nqnas093013.txt,USAA NASDAQ-100 INDEX FUND - N-Q 09-30-2013
