date,ticker,name,original_security_id,shares,reported_value_usd,approximate_raw_close_usd,price_rounding_bound_usd,equity_weight,source_url,filed_date
2010-06-30,ROST,"Ross Stores, Inc.",tts-830361,12002,640000,53.32444592567905,0.04165972337943676,0.004129511814275206,https://www.sec.gov/Archives/edgar/data/908695/000090869510000170/ncsrsnas063010.htm,2010-08-27
2010-06-30,URBN,"Urban Outfitters, Inc.*",tts-820920,16254,559000,34.39153439153439,0.03076165866863541,0.003606870475281,https://www.sec.gov/Archives/edgar/data/908695/000090869510000170/ncsrsnas063010.htm,2010-08-27
2010-06-30,ORLY,"O'Reilly Automotive, Inc.*",tts-818315,13336,634000,47.540491901619674,0.03749250149970006,0.0040907976410163764,https://www.sec.gov/Archives/edgar/data/908695/000090869510000170/ncsrsnas063010.htm,2010-08-27
2010-06-30,CMCSA,"Comcast Corp. ""A""",tts-828340,140249,2436000,17.369107801125143,0.0035650878081127137,0.015717954343085004,https://www.sec.gov/Archives/edgar/data/908695/000090869510000170/ncsrsnas063010.htm,2010-08-27
2010-06-30,DTV,"DIRECTV ""A""*",tts-12035732,62571,2122000,33.913474293202924,0.00799092231225328,0.013691912609206231,https://www.sec.gov/Archives/edgar/data/908695/000090869510000170/ncsrsnas063010.htm,2010-08-27
2010-06-30,DISH,"DISH Network Corp. ""A""",tts-832145,21074,383000,18.174053335864098,0.02372591819303407,0.0024712547263553188,https://www.sec.gov/Archives/edgar/data/908695/000090869510000170/ncsrsnas063010.htm,2010-08-27
2010-06-30,VMED,"Virgin Media, Inc.",tts-6191934,32855,548000,16.679348653173033,0.015218383807639629,0.0035358944909731453,https://www.sec.gov/Archives/edgar/data/908695/000090869510000170/ncsrsnas063010.htm,2010-08-27
2010-06-30,WYNN,Wynn Resorts Ltd.,tts-831069,13029,994000,76.29135006523909,0.038375930616317444,0.006413648036546179,https://www.sec.gov/Archives/edgar/data/908695/000090869510000170/ncsrsnas063010.htm,2010-08-27
2010-06-30,LINTA,"Liberty Media Corp. Interactive ""A""*",tts-137012693,53185,558000,10.491679984958164,0.00940114693992667,0.0036004181130711954,https://www.sec.gov/Archives/edgar/data/908695/000090869510000170/ncsrsnas063010.htm,2010-08-27
2010-06-30,GRMN,Garmin Ltd.,tts-237275457,17801,521000,29.268018650637604,0.02808830964552553,0.00336168071130841,https://www.sec.gov/Archives/edgar/data/908695/000090869510000170/ncsrsnas063010.htm,2010-08-27
2010-06-30,SHLD,Sears Holdings Corp.*,unresolved:SHLD,11646,753000,64.65739309634209,0.042933195947106303,0.004858628743983172,https://www.sec.gov/Archives/edgar/data/908695/000090869510000170/ncsrsnas063010.htm,2010-08-27
2010-06-30,APOL,"Apollo Group, Inc. ""A""*",tts-827801,14796,628000,42.44390375777237,0.033792917004595836,0.004052083467757546,https://www.sec.gov/Archives/edgar/data/908695/000090869510000170/ncsrsnas063010.htm,2010-08-27
2010-06-30,BBBY,"Bed Bath & Beyond, Inc.*",tts-827919,34310,1272000,37.07373943456718,0.01457301078402798,0.008207404730871972,https://www.sec.gov/Archives/edgar/data/908695/000090869510000170/ncsrsnas063010.htm,2010-08-27
2010-06-30,AMZN,"Amazon.com, Inc.*",tts-827705,28696,3135000,109.24867577362699,0.017424031223863955,0.020228155527738705,https://www.sec.gov/Archives/edgar/data/908695/000090869510000170/ncsrsnas063010.htm,2010-08-27
2010-06-30,EXPE,"Expedia, Inc.",tts-828861,26851,504000,18.770250642434174,0.018621280399240252,0.003251990553741725,https://www.sec.gov/Archives/edgar/data/908695/000090869510000170/ncsrsnas063010.htm,2010-08-27
2010-06-30,PCLN,"Priceline.com, Inc.*",tts-136266150,4869,860000,176.62764428013966,0.10269049086054631,0.005549031500432308,https://www.sec.gov/Archives/edgar/data/908695/000090869510000170/ncsrsnas063010.htm,2010-08-27
2010-06-30,MAT,"Mattel, Inc.",tts-17916214,40408,855000,21.15917640071273,0.012373787368837853,0.0055167696893832835,https://www.sec.gov/Archives/edgar/data/908695/000090869510000170/ncsrsnas063010.htm,2010-08-27
2010-06-30,NWSA,"News Corp. ""A""",unresolved:NWSA,138102,1652000,11.962172886706927,0.0036205123749112975,0.010659302370597876,https://www.sec.gov/Archives/edgar/data/908695/000090869510000170/ncsrsnas063010.htm,2010-08-27
2010-06-30,SBUX,Starbucks Corp.,tts-830408,100428,2440000,24.296013064085713,0.0049786912016569086,0.015743763791924225,https://www.sec.gov/Archives/edgar/data/908695/000090869510000170/ncsrsnas063010.htm,2010-08-27
2010-06-30,SPLS,"Staples, Inc.",tts-820309,47536,906000,19.059239313362504,0.010518343991921912,0.005845840162083339,https://www.sec.gov/Archives/edgar/data/908695/000090869510000170/ncsrsnas063010.htm,2010-08-27
2010-06-30,COST,Costco Wholesale Corp.,tts-828403,22489,1233000,54.82680421539419,0.02223309173373649,0.007955762604689576,https://www.sec.gov/Archives/edgar/data/908695/000090869510000170/ncsrsnas063010.htm,2010-08-27
2010-06-30,AMGN,"Amgen, Inc.*",tts-827593,43284,2277000,52.606043803714996,0.011551612605119674,0.014692028751726007,https://www.sec.gov/Archives/edgar/data/908695/000090869510000170/ncsrsnas063010.htm,2010-08-27
2010-06-30,BIIB,"Biogen Idec, Inc.*",tts-1076458,28075,1332000,47.44434550311665,0.017809439002671415,0.008594546463460273,https://www.sec.gov/Archives/edgar/data/908695/000090869510000170/ncsrsnas063010.htm,2010-08-27
2010-06-30,CELG,Celgene Corp.*,tts-832022,44287,2251000,50.82755661932396,0.011289994806602388,0.014524267334271077,https://www.sec.gov/Archives/edgar/data/908695/000090869510000170/ncsrsnas063010.htm,2010-08-27
2010-06-30,CEPH,"Cephalon, Inc.*",tts-832024,7159,406000,56.71183126134935,0.06984215672579969,0.0026196590571808337,https://www.sec.gov/Archives/edgar/data/908695/000090869510000170/ncsrsnas063010.htm,2010-08-27
2010-06-30,GENZ,Genzyme Corp.*,tts-829049,32439,1647000,50.77221862572829,0.015413545423718363,0.01062704055954885,https://www.sec.gov/Archives/edgar/data/908695/000090869510000170/ncsrsnas063010.htm,2010-08-27
2010-06-30,GILD,"Gilead Sciences, Inc.*",tts-829063,84901,2910000,34.27521466178255,0.00588921214119975,0.01877637403053258,https://www.sec.gov/Archives/edgar/data/908695/000090869510000170/ncsrsnas063010.htm,2010-08-27
2010-06-30,VRTX,"Vertex Pharmaceuticals, Inc.*",tts-821074,20485,674000,32.90212350500366,0.0244081034903588,0.004348892129408577,https://www.sec.gov/Archives/edgar/data/908695/000090869510000170/ncsrsnas063010.htm,2010-08-27
2010-06-30,HSIC,"Henry Schein, Inc.*",tts-829202,8836,485000,54.88909008601177,0.05658669081032141,0.0031293956717554296,https://www.sec.gov/Archives/edgar/data/908695/000090869510000170/ncsrsnas063010.htm,2010-08-27
2010-06-30,PDCO,"Patterson Companies, Inc.",tts-830145,11297,322000,28.503142427193062,0.044259537930424,0.002077660631557213,https://www.sec.gov/Archives/edgar/data/908695/000090869510000170/ncsrsnas063010.htm,2010-08-27
2010-06-30,HOLX,"Hologic, Inc.*",tts-832375,26697,372000,13.93414990448365,0.01872869610817695,0.0024002787420474635,https://www.sec.gov/Archives/edgar/data/908695/000090869510000170/ncsrsnas063010.htm,2010-08-27
2010-06-30,ISRG,"Intuitive Surgical, Inc.*",tts-829383,3791,1196000,315.4840411500923,0.13189132155104194,0.0077170252029267914,https://www.sec.gov/Archives/edgar/data/908695/000090869510000170/ncsrsnas063010.htm,2010-08-27
2010-06-30,ESRX,"Express Scripts, Inc.*",tts-828820,47397,2229000,47.02829292993228,0.01054919087705973,0.014382315365655367,https://www.sec.gov/Archives/edgar/data/908695/000090869510000170/ncsrsnas063010.htm,2010-08-27
2010-06-30,XRAY,"DENTSPLY International, Inc.",tts-821304,13527,405000,29.940119760479043,0.03696311081540622,0.002613206694971029,https://www.sec.gov/Archives/edgar/data/908695/000090869510000170/ncsrsnas063010.htm,2010-08-27
2010-06-30,CERN,Cerner Corp.*,tts-832025,7938,602000,75.83774250440918,0.06298815822625346,0.0038843220503026158,https://www.sec.gov/Archives/edgar/data/908695/000090869510000170/ncsrsnas063010.htm,2010-08-27
2010-06-30,ILMN,"Illumina, Inc.*",tts-829281,11580,504000,43.523316062176164,0.04317789291882556,0.003251990553741725,https://www.sec.gov/Archives/edgar/data/908695/000090869510000170/ncsrsnas063010.htm,2010-08-27
2010-06-30,LIFE,Life Technologies Corp.*,unresolved:LIFE,17904,846000,47.25201072386059,0.027926720285969615,0.005458698429495038,https://www.sec.gov/Archives/edgar/data/908695/000090869510000170/ncsrsnas063010.htm,2010-08-27
2010-06-30,QGEN,Qiagen N.V.*,tts-133282628,22979,442000,19.234953653335655,0.021758997345402323,0.0028519440967338145,https://www.sec.gov/Archives/edgar/data/908695/000090869510000170/ncsrsnas063010.htm,2010-08-27
2010-06-30,MYL,"Mylan, Inc.*",tts-16784810,30407,518000,17.03555102443516,0.01644358206991811,0.003342323624678995,https://www.sec.gov/Archives/edgar/data/908695/000090869510000170/ncsrsnas063010.htm,2010-08-27
2010-06-30,TEVA,Teva Pharmaceutical Industries Ltd. ADR,tts-45504153,71602,3723000,51.99575430853887,0.006983045166336136,0.024022144507104052,https://www.sec.gov/Archives/edgar/data/908695/000090869510000170/ncsrsnas063010.htm,2010-08-27
2010-06-30,WCRX,"Warner Chilcott plc ""A""*",tts-1839830,24402,557000,22.82599786902713,0.020490123760347513,0.00359396575086139,https://www.sec.gov/Archives/edgar/data/908695/000090869510000170/ncsrsnas063010.htm,2010-08-27
2010-06-30,CHRW,"C.H. Robinson Worldwide, Inc.",tts-828266,15956,888000,55.65304587615944,0.031336174479819505,0.005729697642306849,https://www.sec.gov/Archives/edgar/data/908695/000090869510000170/ncsrsnas063010.htm,2010-08-27
2010-06-30,EXPD,"Expeditors International of Washington, Inc.",tts-828860,20281,700000,34.51506335979488,0.024653616685567772,0.0045166535468635065,https://www.sec.gov/Archives/edgar/data/908695/000090869510000170/ncsrsnas063010.htm,2010-08-27
2010-06-30,FWLT,Foster Wheeler AG*,tts-2880955,12764,269000,21.074898151049826,0.03917267314321529,0.0017356854344375476,https://www.sec.gov/Archives/edgar/data/908695/000090869510000170/ncsrsnas063010.htm,2010-08-27
2010-06-30,JOYG,"Joy Global, Inc.",tts-36299719,9854,493000,50.03044448954739,0.05074081591231987,0.0031810145694338697,https://www.sec.gov/Archives/edgar/data/908695/000090869510000170/ncsrsnas063010.htm,2010-08-27
2010-06-30,PCAR,"PACCAR, Inc.",tts-830133,39651,1581000,39.87289097374593,0.012610022445839954,0.01020118465370172,https://www.sec.gov/Archives/edgar/data/908695/000090869510000170/ncsrsnas063010.htm,2010-08-27
2010-06-30,CTAS,Cintas Corp.,tts-832098,17955,430000,23.948760790866054,0.0278473962684489,0.002774515750216154,https://www.sec.gov/Archives/edgar/data/908695/000090869510000170/ncsrsnas063010.htm,2010-08-27
2010-06-30,FSLR,"First Solar, Inc.*",tts-5211016,7244,825000,113.88735505245721,0.06902263942573164,0.005323198823089133,https://www.sec.gov/Archives/edgar/data/908695/000090869510000170/ncsrsnas063010.htm,2010-08-27
2010-06-30,SRCL,"Stericycle, Inc.*",tts-830564,8687,570000,65.61528721077472,0.05755726948313572,0.0036778464595888555,https://www.sec.gov/Archives/edgar/data/908695/000090869510000170/ncsrsnas063010.htm,2010-08-27
2010-06-30,FAST,Fastenal Co.,tts-828870,13688,687000,50.18994739918176,0.03652834599649328,0.004432772838136041,https://www.sec.gov/Archives/edgar/data/908695/000090869510000170/ncsrsnas063010.htm,2010-08-27
2010-06-30,JBHT,"JB Hunt Transport Services, Inc.",tts-829418,12185,398000,32.66311038161674,0.04103405826836274,0.0025680401595023937,https://www.sec.gov/Archives/edgar/data/908695/000090869510000170/ncsrsnas063010.htm,2010-08-27
2010-06-30,ADBE,"Adobe Systems, Inc.*",tts-827038,50011,1322000,26.43418447941453,0.009997800483893543,0.008530022841362223,https://www.sec.gov/Archives/edgar/data/908695/000090869510000170/ncsrsnas063010.htm,2010-08-27
2010-06-30,ADSK,"Autodesk, Inc.*",tts-831838,23281,567000,24.35462394227052,0.02147674068983291,0.0036584893729594403,https://www.sec.gov/Archives/edgar/data/908695/000090869510000170/ncsrsnas063010.htm,2010-08-27
2010-06-30,CTXS,"Citrix Systems, Inc.*",tts-828516,21380,903000,42.23573433115061,0.023386342376052385,0.005826483075453924,https://www.sec.gov/Archives/edgar/data/908695/000090869510000170/ncsrsnas063010.htm,2010-08-27
2010-06-30,INTU,"Intuit, Inc.*",tts-829359,38492,1338000,34.76046970799127,0.012989712147978802,0.008633260636719103,https://www.sec.gov/Archives/edgar/data/908695/000090869510000170/ncsrsnas063010.htm,2010-08-27
2010-06-30,CSCO,"Cisco Systems, Inc.*",tts-828468,197830,4216000,21.311226810898248,0.0025274225344993177,0.02720315907653792,https://www.sec.gov/Archives/edgar/data/908695/000090869510000170/ncsrsnas063010.htm,2010-08-27
2010-06-30,QCOM,"QUALCOMM, Inc.(a)",tts-830263,191796,6298000,32.83697261673862,0.00260693653673695,0.04063697719735195,https://www.sec.gov/Archives/edgar/data/908695/000090869510000170/ncsrsnas063010.htm,2010-08-27
2010-06-30,RIMM,Research In Motion Ltd.*,tts-129193787,54077,2664000,49.26308781922074,0.009246075041145035,0.017189092926920547,https://www.sec.gov/Archives/edgar/data/908695/000090869510000170/ncsrsnas063010.htm,2010-08-27
2010-06-30,AAPL,"Apple, Inc.(a)*",tts-831814,123036,30947000,251.52800806268084,0.004063851230534153,0.19968125330683564,https://www.sec.gov/Archives/edgar/data/908695/000090869510000170/ncsrsnas063010.htm,2010-08-27
2010-06-30,DELL,"Dell, Inc.*",tts-828600,69884,843000,12.062847003605976,0.007154713525270448,0.005439341342865623,https://www.sec.gov/Archives/edgar/data/908695/000090869510000170/ncsrsnas063010.htm,2010-08-27
2010-06-30,LOGI,Logitech International S.A.*,tts-829549,16444,221000,13.439552420335685,0.030406227195329604,0.0014259720483669072,https://www.sec.gov/Archives/edgar/data/908695/000090869510000170/ncsrsnas063010.htm,2010-08-27
2010-06-30,NTAP,"NetApp, Inc.*",tts-830016,34935,1304000,37.32646343208816,0.01431229426077,0.008413880321585732,https://www.sec.gov/Archives/edgar/data/908695/000090869510000170/ncsrsnas063010.htm,2010-08-27
2010-06-30,SNDK,SanDisk Corp.*,tts-830518,22658,953000,42.060199488039544,0.022067261011563245,0.006149101185944174,https://www.sec.gov/Archives/edgar/data/908695/000090869510000170/ncsrsnas063010.htm,2010-08-27
2010-06-30,STX,Seagate Technology*,tts-15401130,47031,613000,13.03395632667815,0.010631285747698326,0.003955298034610471,https://www.sec.gov/Archives/edgar/data/908695/000090869510000170/ncsrsnas063010.htm,2010-08-27
2010-06-30,ADP,"Automatic Data Processing, Inc.",tts-15888595,34471,1388000,40.26573061413942,0.014504946186649648,0.008955878747209354,https://www.sec.gov/Archives/edgar/data/908695/000090869510000170/ncsrsnas063010.htm,2010-08-27
2010-06-30,FISV,"Fiserv, Inc.*",tts-832260,18506,845000,45.660866745920245,0.027018264346698368,0.005452246067285233,https://www.sec.gov/Archives/edgar/data/908695/000090869510000170/ncsrsnas063010.htm,2010-08-27
2010-06-30,PAYX,"Paychex, Inc.",tts-818433,33243,863000,25.960352555425203,0.015040760460848901,0.0055683885870617235,https://www.sec.gov/Archives/edgar/data/908695/000090869510000170/ncsrsnas063010.htm,2010-08-27
2010-06-30,FLIR,"FLIR Systems, Inc.*",tts-832266,15679,456000,29.083487467312967,0.03188978888959755,0.0029422771676710846,https://www.sec.gov/Archives/edgar/data/908695/000090869510000170/ncsrsnas063010.htm,2010-08-27
2010-06-30,FLEX,Flextronics International Ltd.*,tts-832265,85941,481000,5.596862964126552,0.00581794486915442,0.0031035862229162096,https://www.sec.gov/Archives/edgar/data/908695/000090869510000170/ncsrsnas063010.htm,2010-08-27
2010-06-30,ATVI,"Activision Blizzard, Inc.",tts-827879,107596,1129000,10.492955128443436,0.004647012900107811,0.007284716934869856,https://www.sec.gov/Archives/edgar/data/908695/000090869510000170/ncsrsnas063010.htm,2010-08-27
2010-06-30,ERTS,"Electronic Arts, Inc.*",tts-36769516,32264,464000,14.381353830895115,0.015497148524671461,0.0029938960653495246,https://www.sec.gov/Archives/edgar/data/908695/000090869510000170/ncsrsnas063010.htm,2010-08-27
2010-06-30,BIDU,"Baidu, Inc. ADR*",tts-3138949,26353,1794000,68.07574090236406,0.018973171934884073,0.011575537804390187,https://www.sec.gov/Archives/edgar/data/908695/000090869510000170/ncsrsnas063010.htm,2010-08-27
2010-06-30,EBAY,"eBay, Inc.*",tts-832177,94567,1855000,19.61572218638637,0.005287256654012499,0.011969131899188292,https://www.sec.gov/Archives/edgar/data/908695/000090869510000170/ncsrsnas063010.htm,2010-08-27
2010-06-30,GOOG,"Google, Inc. ""A""*",tts-71625495,14490,6447000,444.92753623188406,0.03450655624568668,0.041598379166612895,https://www.sec.gov/Archives/edgar/data/908695/000090869510000170/ncsrsnas063010.htm,2010-08-27
2010-06-30,VRSN,"VeriSign, Inc.*",tts-830966,16570,440000,26.55401327700664,0.030175015087507542,0.0028390393723142044,https://www.sec.gov/Archives/edgar/data/908695/000090869510000170/ncsrsnas063010.htm,2010-08-27
2010-06-30,YHOO,"Yahoo!, Inc.*",isin:US9843321061,64480,892000,13.833746898263028,0.007754342431761787,0.005755507091146069,https://www.sec.gov/Archives/edgar/data/908695/000090869510000170/ncsrsnas063010.htm,2010-08-27
2010-06-30,CTSH,"Cognizant Technology Solutions Corp. ""A""*",tts-828513,28278,1416000,50.07426267769998,0.017681589928566378,0.009136544889083893,https://www.sec.gov/Archives/edgar/data/908695/000090869510000170/ncsrsnas063010.htm,2010-08-27
2010-06-30,INFY,Infosys Technologies Ltd. ADR,tts-53833112,10558,632000,59.859821935972725,0.047357454063269556,0.004077892916596766,https://www.sec.gov/Archives/edgar/data/908695/000090869510000170/ncsrsnas063010.htm,2010-08-27
2010-06-30,AMAT,"Applied Materials, Inc.",tts-827539,67370,810000,12.02315570728811,0.0074217010538815496,0.005226413389942058,https://www.sec.gov/Archives/edgar/data/908695/000090869510000170/ncsrsnas063010.htm,2010-08-27
2010-06-30,KLAC,KLA-Tencor Corp.,tts-832472,19976,557000,27.883460152182618,0.0250300360432519,0.00359396575086139,https://www.sec.gov/Archives/edgar/data/908695/000090869510000170/ncsrsnas063010.htm,2010-08-27
2010-06-30,LRCX,Lam Research Corp.*,tts-832505,12654,482000,38.09072230124862,0.03951319740793425,0.0031100385851260148,https://www.sec.gov/Archives/edgar/data/908695/000090869510000170/ncsrsnas063010.htm,2010-08-27
2010-06-30,ALTR,Altera Corp.,isin:US0214411003,41119,1020000,24.806050730805712,0.012159828789610642,0.00658140945400111,https://www.sec.gov/Archives/edgar/data/908695/000090869510000170/ncsrsnas063010.htm,2010-08-27
2010-06-30,BRCM,"Broadcom Corp. ""A""",tts-828037,38966,1285000,32.97746753580044,0.012831699430272545,0.008291285439599437,https://www.sec.gov/Archives/edgar/data/908695/000090869510000170/ncsrsnas063010.htm,2010-08-27
2010-06-30,INTC,Intel Corp.,tts-829352,188872,3673000,19.447032911177942,0.0026472955228938116,0.0236995263966138,https://www.sec.gov/Archives/edgar/data/908695/000090869510000170/ncsrsnas063010.htm,2010-08-27
2010-06-30,LLTC,Linear Technology Corp.,tts-832500,29006,807000,27.821829966213887,0.017237812866303524,0.005207056303312643,https://www.sec.gov/Archives/edgar/data/908695/000090869510000170/ncsrsnas063010.htm,2010-08-27
2010-06-30,MRVL,Marvell Technology Group Ltd.*,tts-829786,59662,940000,15.755422211793102,0.008380543729677182,0.006065220477216709,https://www.sec.gov/Archives/edgar/data/908695/000090869510000170/ncsrsnas063010.htm,2010-08-27
2010-06-30,MXIM,"Maxim Integrated Products, Inc.",tts-829854,28732,481000,16.740916051788947,0.017402199638034247,0.0031035862229162096,https://www.sec.gov/Archives/edgar/data/908695/000090869510000170/ncsrsnas063010.htm,2010-08-27
2010-06-30,MCHP,"Microchip Technology, Inc.",tts-829623,15010,416000,27.71485676215856,0.033311125916055964,0.002684182679278884,https://www.sec.gov/Archives/edgar/data/908695/000090869510000170/ncsrsnas063010.htm,2010-08-27
2010-06-30,NVDA,NVIDIA Corp.*,tts-830046,54470,556000,10.20745364420782,0.009179364787956673,0.0035875133886515854,https://www.sec.gov/Archives/edgar/data/908695/000090869510000170/ncsrsnas063010.htm,2010-08-27
2010-06-30,XLNX,"Xilinx, Inc.",tts-821283,35573,899000,25.271975936806005,0.014055603969302562,0.005800673626614704,https://www.sec.gov/Archives/edgar/data/908695/000090869510000170/ncsrsnas063010.htm,2010-08-27
2010-06-30,BMC,"BMC Software, Inc.*",tts-17914522,20607,714000,34.64842043965643,0.024263599747658564,0.004606986617800777,https://www.sec.gov/Archives/edgar/data/908695/000090869510000170/ncsrsnas063010.htm,2010-08-27
2010-06-30,CA,"CA, Inc.",tts-14011355,47848,880000,18.39157331549908,0.010449757565624478,0.005678078744628409,https://www.sec.gov/Archives/edgar/data/908695/000090869510000170/ncsrsnas063010.htm,2010-08-27
2010-06-30,CHKP,Check Point Software Technologies Ltd.*,tts-828255,19753,582000,29.463878904470207,0.025312610742672,0.0037552748061065156,https://www.sec.gov/Archives/edgar/data/908695/000090869510000170/ncsrsnas063010.htm,2010-08-27
2010-06-30,MSFT,Microsoft Corp.(a),tts-829802,292408,6728000,23.008946403655166,0.001709939536537988,0.0434114929475681,https://www.sec.gov/Archives/edgar/data/908695/000090869510000170/ncsrsnas063010.htm,2010-08-27
2010-06-30,ORCL,Oracle Corp.,tts-61604636,203290,4363000,21.461950907570465,0.0024595405578237985,0.028151656321379257,https://www.sec.gov/Archives/edgar/data/908695/000090869510000170/ncsrsnas063010.htm,2010-08-27
2010-06-30,SYMC,Symantec Corp.*,tts-177780551,80762,1121000,13.880290235506799,0.006191030435105619,0.007233098037191416,https://www.sec.gov/Archives/edgar/data/908695/000090869510000170/ncsrsnas063010.htm,2010-08-27
2010-06-30,SIAL,Sigma-Aldrich Corp.,tts-830475,11203,558000,49.80808711952156,0.044630902436847274,0.0036004181130711954,https://www.sec.gov/Archives/edgar/data/908695/000090869510000170/ncsrsnas063010.htm,2010-08-27
2010-06-30,MICC,Millicom International Cellular S.A.,unresolved:MICC,10191,826000,81.05190854675695,0.04906289863605142,0.005329651185298938,https://www.sec.gov/Archives/edgar/data/908695/000090869510000170/ncsrsnas063010.htm,2010-08-27
2010-06-30,NIHD,"NII Holdings, Inc. ""B""*",unresolved:NIHD,15776,513000,32.517748478701826,0.03169371196754564,0.00331006181362997,https://www.sec.gov/Archives/edgar/data/908695/000090869510000170/ncsrsnas063010.htm,2010-08-27
2010-06-30,VOD,Vodafone Group plc,tts-17917826,63266,1308000,20.674611955868873,0.00790313912686119,0.008439689770424953,https://www.sec.gov/Archives/edgar/data/908695/000090869510000170/ncsrsnas063010.htm,2010-08-27
