symbol,file,rows,first_date,last_date,sha256
AAL,yf_AAL.csv,4044,2010-09-01,2026-09-30,b267157153475e9a7272cdcf9527a46d2bf6f3f60238574b37476ac0de0d0241
AAPL,yf_AAPL.csv,4044,2010-09-01,2026-09-30,4d92c17331b8b522a006dc12ba2e2f7007d045d5baeee504299b02aca88b6bce
ABBV,yf_ABBV.csv,3457,2013-01-02,2026-09-30,0eadc9d18d3d9a81628478df25bca4938d24caacbc1ccfe4b1d24569dc52cf78
ABNB,yf_ABNB.csv,1457,2020-12-10,2026-09-30,ff24c9d1e23d18838af1eec8c4d66e8303e5dd7c1e2d3a98db08156ff598fbc2
ADBE,yf_ADBE.csv,4044,2010-09-01,2026-09-30,5ea279899102ec6026ddde6d925d0f48e2ac253e19497666bf53c36446766a21
ADCT,yf_ADCT.csv,1601,2020-05-18,2026-09-30,552afd35de6842d081fc6681c6aa65b3f366aed1da6935188db5e688525bab2f
ADI,yf_ADI.csv,4044,2010-09-01,2026-09-30,98f625b26524049a2978c85a118fa87134f42ff52b882a3df6c7a9674aef8521
ADP,yf_ADP.csv,4044,2010-09-01,2026-09-30,349cf3acf171cb9dfb7e41455a949264d6874a5c173f66fc991a3d36089dbe37
ADRX,yf_ADRX.csv,4,2026-09-25,2026-09-30,4c172e42061d5172e25f0f9a1f430843cd59775561680801bea737cd6fd143e4
ADSK,yf_ADSK.csv,4044,2010-09-01,2026-09-30,f2ccfdd1acded807df82d54ea7b8ac001716d2d445862dbaa5baa4007adf9799
AEO,yf_AEO.csv,4044,2010-09-01,2026-09-30,a17970b38ae2dd71913a0d8a1b3ed52cbda24e3a150d072858aa3efb0c55b707
AEP,yf_AEP.csv,4044,2010-09-01,2026-09-30,66a29e5d96af4ffb0f92e7991381d5852610d10e3d63b37f29383efddd725ac4
AKAM,yf_AKAM.csv,4044,2010-09-01,2026-09-30,a3668695164838ba928f0dd247b2b4e2c2c081337f07f7728e7f4f20dfdc10c3
ALAB,yf_ALAB.csv,635,2024-03-20,2026-09-30,3adc0c10f2b2f92810503c7fb44bcfab24aeb892397a95487166d16fd519e31c
ALGN,yf_ALGN.csv,4044,2010-09-01,2026-09-30,7e4a5c85ee81bc5d4a6293062c9b555e75c2ef332b7132e3455067a006d7746d
ALNY,yf_ALNY.csv,4044,2010-09-01,2026-09-30,e891cc7c9b101f423e31c8bf973e77cc8115746545b800ca67e78068e354c6e6
AMAT,yf_AMAT.csv,4044,2010-09-01,2026-09-30,8cdbf4e68253fef62ce14f47bbac8dbd5e84013b78bcd0e8d9ff7cdd6350d2b7
AMD,yf_AMD.csv,4044,2010-09-01,2026-09-30,236fd9959edd84ea11ecfffa13f6082a4909db35ad85a54b66ba8da7c2be14a2
AMGN,yf_AMGN.csv,4044,2010-09-01,2026-09-30,cb84782be7a662258604d9e52352892904462a0f35865f72f42b3d38d0a9c807
AMZN,yf_AMZN.csv,4044,2010-09-01,2026-09-30,8e5c0630ee515c56aaf3440c8f36bf271f6de10fbcee53140b99ee8c7eaae378
APP,yf_APP.csv,1372,2021-04-15,2026-09-30,8f29ac5830d7f52a4ec4f2a02053a7c3371dffa023d8e58ee4db5367f8533038
ARM,yf_ARM.csv,764,2023-09-14,2026-09-30,c9a6ea2e6ddf4670f9912c125e0909c43a00ad736bd738585a529d75f30924b4
ASIX,yf_ASIX.csv,2524,2016-09-15,2026-09-30,02f0c7026805af90919f82c21ce4cb636dbb7873ca946308842a907fe7775659
ASML,yf_ASML.csv,4044,2010-09-01,2026-09-30,b4b378d7ad5d9eeb42fadcb6ea88dea5e7b1c37577f20f486bd66c89f403043a
AVGO,yf_AVGO.csv,4044,2010-09-01,2026-09-30,25ac7dbe80ccac13beb1a82a7c04f17fec78573faee30f832f7fe95f67912330
AXON,yf_AXON.csv,4044,2010-09-01,2026-09-30,b5bd8c4ff399fb4683182ddcfaa433a53a873031bfa9c2d93b3edd5cb295e736
AZN,yf_AZN.csv,4044,2010-09-01,2026-09-30,012879eb78578f854bb6fca7e4accd6ec185ecfc529c5edf8fcb98c6e5f42d77
BATRA,yf_BATRA.csv,2629,2016-04-18,2026-09-30,4269710bde152590b75cfbdccec72c86f5ad32e5076a35e506eecb991196e596
BATRK,yf_BATRK.csv,2629,2016-04-18,2026-09-30,2a2ac778b751dbd00b130b42b357fb87d2475b6c69620343be24381a3ac71c74
BB,yf_BB.csv,4044,2010-09-01,2026-09-30,3db45ac6c72612cf7f72920a5d38fe37b950b1691ed51b3cac6b6bdebb946810
BBBY,yf_BBBY.csv,53,2026-07-17,2026-09-30,bf9c27f27bcda94d596bb31b75db4f16c650e1ab4c28d2f2b9aef2831c2eda46
BIDU,yf_BIDU.csv,4044,2010-09-01,2026-09-30,48a02cc947842d270b3964982422a9e9f43fc7c3d99be24e40bb3e914fc29435
BIIB,yf_BIIB.csv,4044,2010-09-01,2026-09-30,a4e00411d126c20a7097554bcaeecbeb0bd888cc17b65bed3f7bdbba54752afd
BKNG,yf_BKNG.csv,4044,2010-09-01,2026-09-30,0c8dbe252e35e509037fd6c665a88aebe0b76786ec5375e61870e2bf97811b21
BKR,yf_BKR.csv,4044,2010-09-01,2026-09-30,322ef8c824766d6f3630f8bf0212a4eec2596ad2699a43e742b538cf84493c4c
BMRN,yf_BMRN.csv,4044,2010-09-01,2026-09-30,bf87960fbdcd2eabc47796f8e0661f0c6c7485bb4e38ce78aa9fe7037f6e5d65
BMY,yf_BMY.csv,4044,2010-09-01,2026-09-30,ff45801c4d731646bf967718cee263d87fa29a562a7111001b12b31c2dfb9c75
CCEP,yf_CCEP.csv,4044,2010-09-01,2026-09-30,0a4d01dcb86c06c14d630118e4803ae1e7a27fd2b0fe037389bfc3a189672534
CDNS,yf_CDNS.csv,4044,2010-09-01,2026-09-30,b74346f9dc907245ee46f51b9f8a7521f32e01cfa83c4b052c5c284c8c2eb328
CDW,yf_CDW.csv,3335,2013-06-27,2026-09-30,6fda333a0ddcc41559b4edb6f63fb88fe9598bf6c5d945ca75b90f10c7eea9a2
CEG,yf_CEG.csv,1179,2022-01-19,2026-09-30,add7eb844ac24f4be8ee138c27bf0ecca3987b58690f76b7b5e5047fa7655d92
CHFUSD=X,yf_CHFUSD=X.csv,4183,2010-09-01,2026-09-30,b12897974959dec3c9e815cc8bc100d005959884c28582181a98340758b04c3d
CHKP,yf_CHKP.csv,4044,2010-09-01,2026-09-30,02f79890813e8c2eb34c70c482ae43fd0614530b5382f7e16364dffbb155f944
CHRW,yf_CHRW.csv,4044,2010-09-01,2026-09-30,bb746b5dafb7b5d9e30544dc6e9a7ad14aab3dfa42fd520a9f07231fdb4c2e53
CHTR,yf_CHTR.csv,4044,2010-09-01,2026-09-30,f8c1081682736e9412ba9da2e76fadbf9dedc9d83c8f8e2e84966565d7a809bb
CI,yf_CI.csv,4044,2010-09-01,2026-09-30,c6db5a3471d2d242cecf323501ebb54ea772cf5f25bb44c03b6dde335bba2e26
CIEN,yf_CIEN.csv,4044,2010-09-01,2026-09-30,d2e31ab739ca24457f91d1b3e0ed6c319004ee5e3a3aab5a4af2cccca3e1aae1
CMCSA,yf_CMCSA.csv,4044,2010-09-01,2026-09-30,b2705775bcef864de0c02652444af5aea37441edb9c89bb8e6ced9b4b5886ea3
CNXT,yf_CNXT.csv,3065,2014-07-24,2026-09-30,6cc3deb4a5a19ebcffda206cfab41faf2ff2522939fd0fa63a9b3033594a3ed1
COMS,yf_COMS.csv,4044,2010-09-01,2026-09-30,65b7e3aa8acfc301f70c775e2aff195715f92d087d5a43c1ddb34a39a1f67ebc
COST,yf_COST.csv,4044,2010-09-01,2026-09-30,8d76d0bf0c750e312f39ae6f1b5fd00d6395b43cbdf0cd62d3407c4211a7b300
CPRT,yf_CPRT.csv,4044,2010-09-01,2026-09-30,76bd6bbf0567390d4752e68a4f12693d65321b504ed6fa3150c1a86bd2786d51
CPWR,yf_CPWR.csv,4044,2010-09-01,2026-09-30,53ae8723cfec86da0ff0301f36b05a80e16b0a7974fe97c9f88d35eef5992cc3
CRNC,yf_CRNC.csv,1770,2019-09-16,2026-09-30,e08fc4e470de5fe2b36130863f1e2d24eeb5144c70650d0c4067019878942ccd
CRWD,yf_CRWD.csv,1836,2019-06-12,2026-09-30,68e6eca263dd4d569bcefa40aad797d24805aa8344aaa90865bd3708c621f886
CRWV,yf_CRWV.csv,379,2025-03-28,2026-09-30,dbfe66156a03964f0402e6d09b090e94218f1f1d898dcbd694650a5377aa731d
CSCO,yf_CSCO.csv,4044,2010-09-01,2026-09-30,79025cb84975c5acd83619bbe4104b1ffafc2ef8d4f96ae61130ef3e012e50c0
CSGP,yf_CSGP.csv,4044,2010-09-01,2026-09-30,050dba45faa92ebae70db1643e168dd2b5eaad1543e74bcacbb2d85a2bb15e48
CSX,yf_CSX.csv,4044,2010-09-01,2026-09-30,340e6e02c0d70c54fed2ffefc35161791aff495d6cbb83b04c68322e3772891f
CTAS,yf_CTAS.csv,4044,2010-09-01,2026-09-30,aaf5a672764af8f5e4bdc3ea1bc4be3f5eed0d7276dfad793a600bb9bd752499
CTSH,yf_CTSH.csv,4044,2010-09-01,2026-09-30,36541947d165c5bdd72d471145a9eef0847367bff76f7bf00d54423fcde65c50
DASH,yf_DASH.csv,1458,2020-12-09,2026-09-30,b4e90650b69b63418310af721c3f5fbac093ddc5e9b5ad33bc75790736e2f377
DDOG,yf_DDOG.csv,1767,2019-09-19,2026-09-30,5a6b0e7e0244ff0bf83817b2c010897de289287555ce880f1d2d4a7ba9dc716c
DELL,yf_DELL.csv,2544,2016-08-17,2026-09-30,4adaa8b0873acd652c811deb76599697e518299a5b08bb69b793e8fa37d62713
DIS,yf_DIS.csv,4044,2010-09-01,2026-09-30,c115c7410c2e47df765cb3217f844ef1bdf905400c39c28bd4b4d66e3510d36a
DLTR,yf_DLTR.csv,4044,2010-09-01,2026-09-30,322d0ed90d1c5fa3bd74d322b5c962a4b14750eb5c0fd69d63e0934e0a9f4cf0
DOCU,yf_DOCU.csv,2118,2018-04-27,2026-09-30,0f3ee7b0a3f7b4ce45795dd6025f3b0a85d401836a2ef1ad261746c9d76bc77a
DXCM,yf_DXCM.csv,4044,2010-09-01,2026-09-30,a55a0a88a4d3736865e9a13fa33e6eef1004d5b95398de807d47ea8cc9a27eaf
EBAY,yf_EBAY.csv,4044,2010-09-01,2026-09-30,284d393771f2677ad5e175b37b5d7fdde2a3f2a1f81329f517c80d196879806f
ENPH,yf_ENPH.csv,3646,2012-03-30,2026-09-30,90f0cec2b9cd8200019b9c014dfb69bdfabe83a8be60c086953c6514ef369c6e
EQIX,yf_EQIX.csv,4044,2010-09-01,2026-09-30,1dbb49f72a53845236e7050c89be768343acc2d7ff3fef29845fcf51f5745234
ERIC,yf_ERIC.csv,4044,2010-09-01,2026-09-30,982b4c73da7a97d1fe621fac25071da500914b31cfae6fb7fe6fe9444d64338e
EXC,yf_EXC.csv,4044,2010-09-01,2026-09-30,9dc9220f67152634eeaa9688640fa7ff4805ce0146108cddc450b4a23d47e0e9
EXPD,yf_EXPD.csv,4044,2010-09-01,2026-09-30,5c312fdb9ba266b78a0e2018281594f55d086fcd64b1484bf818dea991132976
EXPE,yf_EXPE.csv,4044,2010-09-01,2026-09-30,2058068be1f8fccb13e8dd1dbf721d2d36c7331b318ae7e8644aad9a83e4875a
FANG,yf_FANG.csv,3510,2012-10-12,2026-09-30,139cdb7861f983d87c75d5e089cf967322ad3346dde2b6ea351f28db63977f11
FAST,yf_FAST.csv,4044,2010-09-01,2026-09-30,91c72c79e3f5e5a91f27d5f27ad40f316ede4ff0537856955f3af234b9b6053f
FB,yf_FB.csv,318,2025-06-26,2026-09-30,e9270b15c7bcedd677b739327ed4c12f3bf44c0fd15e65defe224ef9a6c010c2
FER,yf_FER.csv,3553,2012-08-13,2026-09-30,4f38cb7c974cf522df9a1f0e668d950c89eb05a8b6bb111b4bb1a049790622d2
FFIV,yf_FFIV.csv,4044,2010-09-01,2026-09-30,b6a668fa728ad80faea0b9347c2900127c737091fe6cb80399ab714dcb231d9b
FISV,yf_FISV.csv,4043,2010-09-01,2026-09-30,053eab4636ec7a9fceb287375ea94a9ddba9976c81b32bec6ca1203af73d6e1b
FLEX,yf_FLEX.csv,4044,2010-09-01,2026-09-30,a02c81c0a566cf1496e172ac7f949bd8cd5ad6d05a572efb9d927be8dcb276f9
FOSL,yf_FOSL.csv,4044,2010-09-01,2026-09-30,b775bdb650cbac773198e2a8ddd692dd006746f29cc87bc87fff0eba2632bde3
FOX,yf_FOX.csv,1899,2019-03-13,2026-09-30,0bb7dbf55d7854c6b1a003e063eeb99ba00ad3584017a8ea6b0fd9e5f58580da
FOXA,yf_FOXA.csv,1900,2019-03-12,2026-09-30,b488405cea1c100d99886c7ef019625a195f1ff47969472bfd08ccd2bf102e4d
FSLR,yf_FSLR.csv,4044,2010-09-01,2026-09-30,3031c42d085c46aa90a538eb6c9485ea251208221409d27bdf751c5734835f2f
FTNT,yf_FTNT.csv,4044,2010-09-01,2026-09-30,6835e1c5d5bf1528fdd1211e8d28b57985b91774448b375a3929697cdceb89c6
FWONA,yf_FWONA.csv,3451,2013-01-10,2026-09-30,10e17b789232d0e6d84acb8021171407bbbcbb4434c61f664b2f32c2c0d31870
FWONK,yf_FWONK.csv,3077,2014-07-08,2026-09-30,3208f7a6fafcbd6d5c0330dd1a158f1ce2ca377ed703d77e75a8fda972ff660a
GBPUSD=X,yf_GBPUSD=X.csv,4186,2010-09-01,2026-09-30,0c144031d8345b8064b85e61ef8a39f3c1be440be76c46851607c9ea84e03c89
GEHC,yf_GEHC.csv,950,2022-12-15,2026-09-30,025115a05771f02b620f2d838a60765cc176acbbd5ad8b5aa12005887975c382
GEN,yf_GEN.csv,4044,2010-09-01,2026-09-30,6ba6420deb676aa18e568232731677f8334de4805c8a4624f61300016247434f
GENZ,yf_GENZ.csv,4044,2010-09-01,2026-09-30,6205682910a831a703a9c0c1e3f21f521ebe8e10d3b58a0810eec332fa979f48
GEV,yf_GEV.csv,630,2024-03-27,2026-09-30,c40ecf18b6563f2eafce6b3f87bcc3e785972e81a45db368ccfdabb5a304dd9f
GFS,yf_GFS.csv,1235,2021-10-28,2026-09-30,d0a19a333a86423c95bc5f7844d3980962c53856851c7c64038e0ac9af00fbf8
GILD,yf_GILD.csv,4044,2010-09-01,2026-09-30,9c05e4f6c03844d2397f2c0b1ed8590edaf677139d27e88e9890dd95f7e78040
GLIBA,yf_GLIBA.csv,308,2025-07-11,2026-09-30,a0e3f72c2fa27083faf8e32d829a95f8b0124f3fe6eef065468bb740f9a89b57
GNTX,yf_GNTX.csv,4044,2010-09-01,2026-09-30,06635879380b30dadc9af4f11cf889318429a4fffe528bf9d3f807c31d7aeb01
GOLD,yf_GOLD.csv,3155,2014-03-17,2026-09-30,2fefae9244dd5e7291026985f929a5b0b2ec238bb79384465ea04fa7877b1f4c
GOOG,yf_GOOG.csv,4044,2010-09-01,2026-09-30,b608f1e4b9e7d4b45d4da981f82a4b61d563659af65c3785826146033e4e1aa1
GOOGL,yf_GOOGL.csv,4044,2010-09-01,2026-09-30,6c4f2ab65194d7fb068edb1bfcb384bbdc0c347713c633c8747e574fae22b2e9
GRAL,yf_GRAL.csv,577,2024-06-12,2026-09-30,9f4a6b74f81301ca9a7725fe79cd93aab3e768d1c56b1bb028dd032996d3385f
GRMN,yf_GRMN.csv,4044,2010-09-01,2026-09-30,cb80d87a7dfa361e34c3189f1995bb9578766d2f0a2a5cbd38515e23073c910c
GRPN,yf_GRPN.csv,3746,2011-11-04,2026-09-30,d683cb3c7d374e07c818924c7d2da77b89c31316cb6f2488a3d3fa62e612060a
GTX,yf_GTX.csv,2020,2018-09-17,2026-09-30,00dc9cfe6f6523c0015e107012a01b3e309bc7eff4109d67ad6e1a850a57252b
HAS,yf_HAS.csv,4044,2010-09-01,2026-09-30,171a48dcbff3b2245202f30e940815312fda93015350b3f86d5567e44f8e3764
HON,yf_HON.csv,4044,2010-09-01,2026-09-30,7af139a19ccf365a6dfbfc9f3db367b4af4ab7b34f26a7d8489ec6984c644fc1
HONA,yf_HONA.csv,75,2026-06-15,2026-09-30,81328630a2b4f7f003feb5f39d2beacb2ad4b1e0a6be672aa72c6d1f59b7b60f
HSIC,yf_HSIC.csv,4044,2010-09-01,2026-09-30,680cddb6f88b4ba4507d49c0e2c42ca6f117582647ca6dccd7d0e9cf05b96038
IDXX,yf_IDXX.csv,4044,2010-09-01,2026-09-30,89218ddafcc566e63b255249cbd728c901f430dfd033311fc41d35cb758e9db8
ILMN,yf_ILMN.csv,4044,2010-09-01,2026-09-30,7fe47072a05ae13141cc3abff081862a62c5d5123dca6ebcc1be829f039a161b
INCY,yf_INCY.csv,4044,2010-09-01,2026-09-30,6a21f6594d8459a53837a01b20c946139bcc34a96660a34b1c6f254d60c935bd
INFY,yf_INFY.csv,4044,2010-09-01,2026-09-30,823440b31376fc3a179eb214fccf967856fdedb2639fe323da2d98d8e06f6482
INKT,yf_INKT.csv,1244,2021-10-15,2026-09-30,938b1118c4987cef7a0250176111f8fc89d4abddbe0391a4e307b8ea426a7310
INSM,yf_INSM.csv,4044,2010-09-01,2026-09-30,7416f6d537ed2f38e2d3dfc4892ef8be286897396c739caedd0b496b33a591f3
INTC,yf_INTC.csv,4044,2010-09-01,2026-09-30,c9c838bbe9cd731331d875d27050197e3a5b8cd9d3aba954cf680a5606eae0c5
INTU,yf_INTU.csv,4044,2010-09-01,2026-09-30,801a90919164ad1c7ad5f38e53dbc9b8706bd753f342163a00f32bb2e0c52d77
ISRG,yf_ISRG.csv,4044,2010-09-01,2026-09-30,c5bb789b834d23beb95fec527b3d7ad7ee55fc5c47f259b04946018fc086f5be
JAVA,yf_JAVA.csv,1252,2021-10-05,2026-09-30,787eaf7bf04efa5e297c1505d844987afa5f051b5f5cf0f0a4cc8360d8d8a645
JBHT,yf_JBHT.csv,4044,2010-09-01,2026-09-30,f9472b77383b61cec260a168e229b0f5eb5477f56253100bb85cdb7a1e6439d2
JD,yf_JD.csv,3108,2014-05-22,2026-09-30,88edde5f19f4683844f9b4d8dbb5f537656acd00ace2d14baa7b21fb4fe64f89
KDP,yf_KDP.csv,4044,2010-09-01,2026-09-30,0ca899bf2fe13727d093720cc136bc4ea3e051447910530f8d92e3b032f5d8cb
KHC,yf_KHC.csv,2827,2015-07-06,2026-09-30,f8eb780806307ce2fd35804d484b39f3a79c227a2f49aaf2b040cf14863eefb0
KLAC,yf_KLAC.csv,4044,2010-09-01,2026-09-30,aeaf9198ba19e50de247d9ec5b4b20cc1e4c89bcb143fe14c9bc41d21fd64372
LAMR,yf_LAMR.csv,4044,2010-09-01,2026-09-30,2c33389d0acd1b546cf7da6d7f3b8e7685954f5a82e6582f71db410ca4c5fca8
LBRDA,yf_LBRDA.csv,2942,2014-11-04,2026-08-21,f2d3ab75008f0c251962c84fbdec68274e6c4b7fd5ac35d910a79504ee879f56
LBTYA,yf_LBTYA.csv,4044,2010-09-01,2026-09-30,9b15589de1fbbf28ba831b0e2abe5ce827ff41552b7d41b8d7ea57cd50f6a9ce
LBTYK,yf_LBTYK.csv,4044,2010-09-01,2026-09-30,0a9fa85db372b882325455f6722f50951a857ccf91d2f9f58a3f84fcbd6ecfbb
LCID,yf_LCID.csv,1515,2020-09-18,2026-09-30,07ccc32c433726460e4f52a97dfebe5a9157849e474e9a7724c381d01702b35a
LIFE,yf_LIFE.csv,169,2026-01-29,2026-09-30,3e82502729b38e3d3e22ac6865e76c84598cb3d6984d0feb1a2db9fc7cfa5037
LILA,yf_LILA.csv,2828,2015-07-02,2026-09-30,f2db15ff837f0dc53d743a4545ffad0b07e3d5d98f3f88cc550682ac2e7cbe7f
LILAB,yf_LILAB.csv,2828,2015-07-01,2026-09-30,90153d8557c9201f680c5bb91e2809cb403492afc108aeecc75f7a4ab939eb4c
LILAK,yf_LILAK.csv,2835,2015-06-23,2026-09-30,2b3a14a9f9fd713a319b0c3af57d2bd1788b0bdfdb4035b6e7114f297a0eb1a7
LIN,yf_LIN.csv,4044,2010-09-01,2026-09-30,c4b0105c8665881c4aa354f28f039cb9abb6cf98aea665ccb4239ae1e326a276
LION,yf_LION.csv,1151,2022-03-01,2026-09-30,5081e7979af6ae9ac2a242d6c9bae702fe8a21fbdf499ed2524313dd86ed51eb
LITE,yf_LITE.csv,2814,2015-07-23,2026-09-30,85ef8e72cc3c073e47b13b86579f1aaae7092978c376769d7f21f73815e30544
LLYVA,yf_LLYVA.csv,792,2023-08-04,2026-09-30,d0a2aa1d9efb9d0dd0884cf94532f99a5468a75a150c5d36ae563fb7fa89b9b0
LLYVK,yf_LLYVK.csv,792,2023-08-04,2026-09-30,318a5296ecce1d15b46e697f20657bff421eeaeba7edee24f330ce20604cb5e6
LOGI,yf_LOGI.csv,4044,2010-09-01,2026-09-30,e3d64d75439ade58691417553748cbb4701efd0887d0a824d1ebe8620f6bb3c3
LRCX,yf_LRCX.csv,4044,2010-09-01,2026-09-30,cf4c943ff41d7d6082238ae7fca645aff5fc62fc3b9b7cd705c4a810df3d6690
LULU,yf_LULU.csv,4044,2010-09-01,2026-09-30,a74b5f283a686f4269480796e627af420fee630c4860151ff3c5240c3c4cf4f5
MAR,yf_MAR.csv,4044,2010-09-01,2026-09-30,a2cc8afd08838477117de09be60ded11ec9ac30da842c4db35510fbad4312840
MAT,yf_MAT.csv,4044,2010-09-01,2026-09-30,f566c4b5e7b5724050f129af3b015ee92c4cd20d784e89f87b14bb78defc61b2
MCHP,yf_MCHP.csv,4044,2010-09-01,2026-09-30,3dee12b3efdadfbf27a8dbf5b1cd08ba74a00bc46ff96bcc1d5046fdc13bc4cd
MDB,yf_MDB.csv,2248,2017-10-19,2026-09-30,953ba1cb3e42daae71407d9642a879645be99a7285fb9f6b6ea91509f42e91f5
MDLZ,yf_MDLZ.csv,4044,2010-09-01,2026-09-30,29bdc153f7bcd8c8ad6fcbdefe2b29014f7bd9031bfcfe3f991656056c8b4def
MELI,yf_MELI.csv,4044,2010-09-01,2026-09-30,158b7a5d8004ed0be09c3565be66fb89f273eb67f8811342468aba7306748df1
META,yf_META.csv,3612,2012-05-18,2026-09-30,ac49b91844ec28afaa03d0bcd59b1a1b7891af4e5fd948943821cce0bad6f919
MICC,yf_MICC.csv,204,2025-12-08,2026-09-30,eff218f6692f7d9c979329a231c85b260ecfa2b55ae084f1cc4b3a5d28ae0181
MNST,yf_MNST.csv,4044,2010-09-01,2026-09-30,71f38ea7282c0a044a7d737793d1efec17e49b01a797172aa70ba590a9a4246a
MPWR,yf_MPWR.csv,4044,2010-09-01,2026-09-30,78b66cb241c23593ca6ae26bb0642bacbcbb6c4f75b5f7f74f4d503e02008fa1
MRNA,yf_MRNA.csv,1963,2018-12-07,2026-09-30,35900b0913c2168303585dc178f183cea0fe0c2ea7cf71f10395d4e070b5a2eb
MRVL,yf_MRVL.csv,4044,2010-09-01,2026-09-30,5d883e0047160db71918cf952c66a6747c7bcebddb7fbb20eafe3f8112894031
MSFT,yf_MSFT.csv,4044,2010-09-01,2026-09-30,aea8289e1d41abf68baa4b50fff3daebd0c64bc4fac6d66e334ea57c5060b4fb
MSTR,yf_MSTR.csv,4044,2010-09-01,2026-09-30,a4c99f537bf0b0137a5f033962831f2406ddf9971805f112d905c6c731e0c25a
MTCH,yf_MTCH.csv,4044,2010-09-01,2026-09-30,c2a5e8c8da48bbf01921eb4961130699e30341236c689bd3a1bf15e4aaecbc1c
MU,yf_MU.csv,4044,2010-09-01,2026-09-30,acc7a9e2bb8058265d742a98affe312c9df08a7c3e8c39998a104c1a97bfa23b
NBIS,yf_NBIS.csv,487,2024-10-21,2026-09-30,495c78cd02b1981e08a1d8403e976b609c37b454bb232e712e76abd9c8c29192
NCLH,yf_NCLH.csv,3445,2013-01-18,2026-09-30,dae57b7c288854983f67e853d4d29f41051861b20b30547ce010703a59ba5979
NFE,yf_NFE.csv,1926,2019-01-31,2026-09-30,d4c7a41d9005600d2d72640b1d683c4696456ed157e283ca34cf8181b1013de6
NFLX,yf_NFLX.csv,4044,2010-09-01,2026-09-30,a0782bafcf49cceefd8bded7ceeae588d66cf0bf39be408cbd9835529e4d8760
NTAP,yf_NTAP.csv,4044,2010-09-01,2026-09-30,43659e0567051ea8ed612434347b01cf6b1308cf1aa69951ecd49b401b38d6df
NTES,yf_NTES.csv,4044,2010-09-01,2026-09-30,fd16312acc4abb4851c22a3ceae4d06682d9480a55afa0444fd151108840bc24
NVDA,yf_NVDA.csv,4044,2010-09-01,2026-09-30,b152db66a46e9c37800dbd53289a2792664a276c6538a305bee7cc8be2f81fcf
NWS,yf_NWS.csv,3341,2013-06-19,2026-09-30,eff2a1d419e4205efb7a52d2f0ff746990f796880983e4d35d692ee0045350c2
NWSA,yf_NWSA.csv,3341,2013-06-19,2026-09-30,912e6a4b41871c03989a92fcfc520fe2f68a4363e4b205493160c13eda19a717
NXPI,yf_NXPI.csv,4044,2010-09-01,2026-09-30,6ca5c8cfd87cd3e29eb24ae334aac55f55296e9198c9206ed2e2ca8c0ed6054d
NXT,yf_NXT.csv,913,2023-02-09,2026-09-30,f7f7ddbd6458b9c85e5397a0f8515ee5f47a560eb8978fa425bcb0fc70c748be
ODFL,yf_ODFL.csv,4044,2010-09-01,2026-09-30,6ac56741c0823429f8e590c8ec11127e754b1d6da68f718241b3691c405a4e65
OKTA,yf_OKTA.csv,2383,2017-04-07,2026-09-30,1e73b1457aecfae7b13f8f044867a5bb14da7e51715038cad1a9f60cef3cf016
ON,yf_ON.csv,4044,2010-09-01,2026-09-30,6a67df619e6794607c376c56cdea3574a92e433ebe058a04755c7942e31c1047
ORCL,yf_ORCL.csv,4044,2010-09-01,2026-09-30,5c68d0c627c23fd6937207675e60b93ee4353046baa690c64f51cc6cb36444db
ORLY,yf_ORLY.csv,4044,2010-09-01,2026-09-30,00a226f70cb32c6f4745dfb627e3e8a5dce6fcaf35620fcc8ede75cc2d6cf754
PANW,yf_PANW.csv,3569,2012-07-20,2026-09-30,d12adc1cfc1d72211eecdf8b4a8c6e2b5e2d793a603070681f96d101280e7e30
PARA,yf_PARA.csv,1414,2021-02-12,2026-09-30,c56aa3d22682c780c90063c1e187b325da5f12d6f7a9bcaf585e8dd1e433180b
PAYX,yf_PAYX.csv,4044,2010-09-01,2026-09-30,0093916c13ccdee2fc11e268950f7b2ee7b8ed9f5dc0c4d632e32287cea3195e
PCAR,yf_PCAR.csv,4044,2010-09-01,2026-09-30,6c613380c5587e7a9b0c156c8827e7c0d26ad0036d89173120455bc3a1fc3050
PDD,yf_PDD.csv,2056,2018-07-26,2026-09-30,3d7ad513fc1d471d03484d9d6ce386072b4c5ac32db18c416e0c031a44ccc403
PEP,yf_PEP.csv,4044,2010-09-01,2026-09-30,d1867977a198a6244f4d65a3f88f22834cde5a06ac325e888928781ced2e3406
PLTR,yf_PLTR.csv,1507,2020-09-30,2026-09-30,99abd8c1f9069197776914088ac41d18c9b1a324622d910b8c2292756d21ab84
PRDO,yf_PRDO.csv,4044,2010-09-01,2026-09-30,29ea9fc5c5aa2dc590c45f399fc8442c83ac5eddff6c57b57d07abedc2483dee
PRGO,yf_PRGO.csv,4044,2010-09-01,2026-09-30,33c0b817f1961480472be1bdfe4b968a35b408f748545c2fd3cef45d4be7d795
PSKY,yf_PSKY.csv,4044,2010-09-01,2026-09-30,cb701685b74e4b01638b90aa43cbd4fb04cfec47e097116418e75864e2c77494
PTC,yf_PTC.csv,4044,2010-09-01,2026-09-30,71725bc3be01d1d937784d81a46a7820d9d4c1a6dc5d302e45bbe38a19d1791a
PTEN,yf_PTEN.csv,4044,2010-09-01,2026-09-30,fdc66689655559f5421fb46120c2a273c52d1abc5be853cd6432b5f7e24b617d
PTON,yf_PTON.csv,1762,2019-09-26,2026-09-30,8fdabf13a71b001fd6b0dedfafac6c3da097d1df4a353af583a4d932a19347d1
PYPL,yf_PYPL.csv,2827,2015-07-06,2026-09-30,1696dca54a6e2bc282cde31d8b40b110e051a5e8f655f0971be36b705b424989
QCOM,yf_QCOM.csv,4044,2010-09-01,2026-09-30,b3cc54e6e1c61390033c2ae490acda49ac471e9b63b580d4e56b66bd4629c93b
QGEN,yf_QGEN.csv,4044,2010-09-01,2026-09-30,b2b325decc2e83a238c83928dd6bc0c4ce19eb239d9d70b025d9404c051e7725
REGN,yf_REGN.csv,4044,2010-09-01,2026-09-30,e9fc9bc044b2110fec1900944715635376f3b9c6923dbade28c864f51d3b6c80
REZI,yf_REZI.csv,1990,2018-10-29,2026-09-30,4fb1e1a6774228a1a94f8a184585b96925b2c134f05b8a8192f4de4ab48e6ef6
RIVN,yf_RIVN.csv,1226,2021-11-10,2026-09-30,1a9ef3c0141af4e188353289976af225638a62199a4800599618e1efab7a7a69
RKLB,yf_RKLB.csv,1468,2020-11-24,2026-09-30,d21576b167b48f6c89f58853b58342085ba12b8809f8a2427ea4147c367733e4
ROP,yf_ROP.csv,4044,2010-09-01,2026-09-30,6bb2ad240a30c80ec4622ed844f92bf5e36bb2eedfd02a27ea5f9a79df2d3a32
ROST,yf_ROST.csv,4044,2010-09-01,2026-09-30,5ec3f49fbfd6ce40b4b80d6d5436ce860888283749f21db00097f70098808f9a
RYAAY,yf_RYAAY.csv,4044,2010-09-01,2026-09-30,c8878e64124eac623a965aff81d6e5815976e99a6f09d665b8ae36e1110377ad
SANM,yf_SANM.csv,4044,2010-09-01,2026-09-30,6131539af66073f9ec8b02962a465a037284b2ac924ee64ccf9a34360e45aadd
SBAC,yf_SBAC.csv,4044,2010-09-01,2026-09-30,800e6fb0b0d550f0053fd7ef03c8e81d379d5fbcfc077709aa1f68700583a293
SBUX,yf_SBUX.csv,4044,2010-09-01,2026-09-30,654c269aed492a4e0cec7fea49f9c1544330e5e4454cb4abfdd385c25ee0af88
SHLD,yf_SHLD.csv,764,2023-09-14,2026-09-30,24ca856af57203fcd2b207d5397e110cf05aa83295c5ca31d1dc5b8f0084e567
SHOP,yf_SHOP.csv,2858,2015-05-20,2026-09-30,37d54f12db5b6eba3eb757be1dc865bfc28976c889717d180b2e3ea898162932
SIRI,yf_SIRI.csv,4044,2010-09-01,2026-09-30,d1ed6105e5d66c65bc36c556a45aa1f447c0287d218396c4e0175b29e2575b0c
SMCI,yf_SMCI.csv,4044,2010-09-01,2026-09-30,1cd1179bfce8b594073e4f82f7f40c1d1518756d5f8c7c2c096ad5204ad45d37
SNDK,yf_SNDK.csv,409,2025-02-13,2026-09-30,d60b3eb952928bb3b6d7c07fa203ebb8209a7ac9a72d4ae013f4d70c58e0a0f2
SNPS,yf_SNPS.csv,4044,2010-09-01,2026-09-30,31ee0571d462cf2169db894040aec56198000ba64cbf921138e9f99eea8dcb82
SOLS,yf_SOLS.csv,238,2025-10-20,2026-09-30,3a84ef1e2ecb3919e836ebc27ba671721be36f73687dfb4bfef65a2b0982ad35
SPCX,yf_SPCX.csv,76,2026-06-12,2026-09-30,c4222ecac3bde6ab827a81c7aa7ecd4d702f95e5e87055efdece4dc076010b08
SPLS,yf_SPLS.csv,177,2026-01-16,2026-09-30,07f7e905b26ce9a60302516b57f8bdffbf90d6078697359a7821420628c6bc72
STLD,yf_STLD.csv,4044,2010-09-01,2026-09-30,029b449fce6c38064fdef09c1faf9f487d969eb471a877db94fb0d4ef1943e4c
STRZ,yf_STRZ.csv,352,2025-05-07,2026-09-30,b19d85323c60192cdf60695eb0055fdef6c329a2a632c06c110e40ea80577db5
STX,yf_STX.csv,4044,2010-09-01,2026-09-30,8c057dfc445a6d09f38115d61102b4ba77827ccaaee3f547dc54b11d8dc9807a
SUNN.SW,yf_SUNN.SW.csv,467,2024-11-14,2026-09-30,9357482e2e0d31f0b15c50151213025b0826acd3b07ec6ee0d442ecf4bf4c9ff
SWKS,yf_SWKS.csv,4044,2010-09-01,2026-09-30,f188341252653cb3564be34ba7f2fa5eecc84ae2c48f4d4f5e0743ad1fb438b7
T,yf_T.csv,4044,2010-09-01,2026-09-30,7a584452c8ab13ea9401b1efed1354db551045a65d0792e1980b180cac29f1b8
TAK,yf_TAK.csv,4044,2010-09-01,2026-09-30,3c2d3200b4a7dbfd1a4652f696fcf56ca01431105a385ef22b2cb06a07afa1f9
TCOM,yf_TCOM.csv,4044,2010-09-01,2026-09-30,1594af686b63e4292f63661840c402b730230e4c9654da61443e01e47bec0655
TDY,yf_TDY.csv,4044,2010-09-01,2026-09-30,fe1bbbce7ccbe06192c2d2a18a5a39c9d1f1bdef8a2705b9c45a3015098fa6ca
TEAM,yf_TEAM.csv,2717,2015-12-09,2026-09-30,dc734accb2983285f4a92781d053143b7b7956496bc3d0bc40967d49885654d4
TER,yf_TER.csv,4044,2010-09-01,2026-09-30,df37ce3255e3938fa94bd4166e734276bd7a9e925044b51e5051aa00b36eddb0
TEVA,yf_TEVA.csv,4044,2010-09-01,2026-09-30,d6488010fcfb9a031aeb47024ebac2ec40291f6d88df1e5055ae326dca89ee6d
TKO,yf_TKO.csv,4044,2010-09-01,2026-09-30,efa805ba09ef688ecd460f177f76b0b40e58d3d63cf1640bc4e9d655f9c5cc1f
TMUS,yf_TMUS.csv,4044,2010-09-01,2026-09-30,18700c5cd6879674f2b9bbca37a67b00c1a70b18f95f0ca6fbd5eadcc3bf5dea
TRI,yf_TRI.csv,4044,2010-09-01,2026-09-30,b850b3b643fcd14338979f3138b273c8a5220d036eb7946d35ebd42b6633d321
TRIP,yf_TRIP.csv,3724,2011-12-07,2026-09-30,09478ea09a08708b272e09fa5142ffa6e1035a016bdb34fcdacdfbf68e51fee6
TSCO,yf_TSCO.csv,4044,2010-09-01,2026-09-30,f7e24e9b9b1689ebee4541eb58f7fd4bfc4485345305d011a9bd9363ad5d9791
TSLA,yf_TSLA.csv,4044,2010-09-01,2026-09-30,707a125d299ebe1050757eb6594ae33a154a4f327c5cc5d52321e589ae16dc3c
TTD,yf_TTD.csv,2520,2016-09-21,2026-09-30,7021a22ace9f81815ad21141678b4b643cf7265193659e2478d7879e24c63e96
TTWO,yf_TTWO.csv,4044,2010-09-01,2026-09-30,fe88aae0ba76150e73653f791101a9bca22ec3570719efacc29c5962bf532b23
TXN,yf_TXN.csv,4044,2010-09-01,2026-09-30,40e84e59c1342254a40647b72047b219780049c87fcb7bd8399cde5d2b7d4219
UAL,yf_UAL.csv,4044,2010-09-01,2026-09-30,f9eec5a187cd07c9402b80fc900a1b1e15783af7b6897207dafcc36246b8521e
ULTA,yf_ULTA.csv,4044,2010-09-01,2026-09-30,8424d026c305b22b8a07d4233e63e46c206c3a64a052a64ac5da2cca1bbf9ef9
URBN,yf_URBN.csv,4044,2010-09-01,2026-09-30,72b648ff9956874302b3e52f87dbe478fffcf58773a24c3026e0056342a16cc4
VAC,yf_VAC.csv,3744,2011-11-08,2026-09-30,435863f10186edec6a159a00d79b22e9c01f16b8642e539527b823773fcd4b5d
VEON,yf_VEON.csv,4044,2010-09-01,2026-09-30,017f418c6c6e80b1b360f717e8be478ac14d0af7b013cc4a94e26ebfaf6e1e32
VIAV,yf_VIAV.csv,4044,2010-09-01,2026-09-30,dc9a531c2d0e40180bd7622b5fb29f7d22dd79728c839f7a622dabba96123341
VOD,yf_VOD.csv,4044,2010-09-01,2026-09-30,c5b3384d1cda4b06b9f71b3fcdcc9013790557864ac69bc5a9c62eb06eaec1b1
VRSK,yf_VRSK.csv,4044,2010-09-01,2026-09-30,3f87425df94d5cbe3ca978acab0ba43c80ab2f50bee53293e7b2bf655f17c67c
VRSN,yf_VRSN.csv,4044,2010-09-01,2026-09-30,625094bbe3bdf536f15ca6630e91f0f93a61dd41ec63d73f6e119c251be26937
VRTX,yf_VRTX.csv,4044,2010-09-01,2026-09-30,3300dd9ff48ad31e9a4401a542ae48d7ac9e16c9300abc339387eef53dd5537f
VSNT,yf_VSNT.csv,199,2025-12-15,2026-09-30,8383d808aea4bc72108ad1f89a0132bf3c690e2284e65d69d1607ae8b5c2cfdd
VSTS,yf_VSTS.csv,755,2023-09-27,2026-09-30,637c4d43a6e8ef229454803d48cdd56d11849b74ff6f75665967ed48701c2d95
VTRS,yf_VTRS.csv,4044,2010-09-01,2026-09-30,b786b346a60acc3ce3926ff47dc96d73ada44a064ed717ccfcc9a19d20482945
VZ,yf_VZ.csv,4044,2010-09-01,2026-09-30,6b0d50e52316f19dee4cb141a6dc803330db90080fa280e0b6d48ac3fabc31a2
WBD,yf_WBD.csv,4044,2010-09-01,2026-09-30,125e89e89bb3d5a1d7373220804fa089d0e300039e2a593de43f9c49a95b4fc8
WDAY,yf_WDAY.csv,3510,2012-10-12,2026-09-30,a6888995bbf153672feb806cb6af34ec8faddf5b8e8420f2be4d9e19f8cb81de
WDC,yf_WDC.csv,4044,2010-09-01,2026-09-30,5796132f90536235c49707268d90606a001f611364022d4084986e2cb58ffc57
WMT,yf_WMT.csv,4044,2010-09-01,2026-09-30,dcb87ef1001476ab5c9b338173012cf7a8e8325bac49e8d763362c318f9a6b13
WTW,yf_WTW.csv,4044,2010-09-01,2026-09-30,f5f86a09048111fd20b3a59a313e2dc6872f0111bc5692f7fc1fc3c7d04fd1fc
WYNN,yf_WYNN.csv,4044,2010-09-01,2026-09-30,87d2f357f447228decce470715e32711667fa3e5e3ec15e42b2f7805c4fd1996
XEL,yf_XEL.csv,4044,2010-09-01,2026-09-30,389b7bb18bcf4f31e7a08e81bb6f9bd117c50fcf7c2a5ca4cb13111150a9034d
XRAY,yf_XRAY.csv,4044,2010-09-01,2026-09-30,d7d9ea6028cc327b3518ed99ce47f40d9da9464a98ebb1069bcf775637d45c3d
ZM,yf_ZM.csv,1873,2019-04-18,2026-09-30,977148a141ecdda7cde5ac3b96c9458b0a78631ecee5691f4efed08c3dcb371d
ZS,yf_ZS.csv,2147,2018-03-16,2026-09-30,46fedc0983bcb01d8bcf06c144bd40a09297aa954fc9e840f171719f0a92f476
