symbol,security_id,first,last
AAL,tts-67645939,2013-12-10,2026-09-30
AAPL,tts-831814,2010-09-01,2026-09-30
ABBV,tts-54471318,2013-01-02,2026-09-30
ABNB,tts-207966789,2020-12-10,2026-09-30
ADBE,tts-827038,2010-09-01,2026-09-30
ADI,tts-41568568,2010-09-01,2026-09-30
ADP,tts-15888595,2010-09-01,2026-09-30
ADSK,tts-831838,2010-09-01,2026-09-30
AEO,tts-3682397,2010-09-01,2026-09-30
AEP,tts-203738081,2010-09-01,2026-09-30
AKAM,tts-831856,2010-09-01,2026-09-30
ALAB,tts-306428272,2024-03-21,2026-09-30
ALGN,tts-827425,2010-09-01,2026-09-30
ALNY,tts-1781672,2010-09-01,2026-09-30
AMAT,tts-827539,2010-09-01,2026-09-30
AMD,tts-80383707,2010-09-01,2026-09-30
AMGN,tts-827593,2010-09-01,2026-09-30
AMZN,tts-827705,2010-09-01,2026-09-30
APP,tts-217036446,2021-04-16,2026-09-30
ARM,tts-289578745,2023-09-15,2026-09-30
ASML,tts-827847,2010-09-01,2026-09-30
AVGO,tts-3685519,2010-09-01,2026-09-30
AXON,tts-127281511,2010-09-01,2026-09-30
AZN,tts-203249662,2010-09-01,2026-09-30
BATRA,tts-104028640,2016-04-18,2026-09-30
BATRK,tts-104028642,2016-04-18,2026-09-30
BB,tts-129193787,2010-09-01,2026-09-30
BBBY,tts-367344332,2026-07-17,2026-09-30
BIDU,tts-3138949,2010-09-01,2026-09-30
BIIB,tts-1076458,2010-09-01,2026-09-30
BKNG,tts-136266150,2010-09-01,2026-09-30
BKR,tts-234941877,2010-09-01,2026-09-30
BMRN,tts-831964,2010-09-01,2026-09-30
BMY,tts-818515,2010-09-01,2026-09-30
CCEP,tts-228473225,2010-09-01,2026-09-30
CDNS,tts-3468716,2010-09-01,2026-09-30
CDW,tts-61020822,2013-06-27,2026-09-30
CEG,tts-818716,2022-01-19,2026-09-30
CHKP,tts-828255,2010-09-01,2026-09-30
CHRW,tts-828266,2010-09-01,2026-09-30
CHTR,tts-828275,2010-09-14,2026-09-30
CI,tts-824309,2010-09-01,2026-09-30
CIEN,tts-68058336,2010-09-01,2026-09-30
CMCSA,tts-828340,2010-09-01,2026-09-30
COST,tts-828403,2010-09-01,2026-09-30
CPRT,tts-828408,2010-09-01,2026-09-30
CRWD,tts-167018563,2019-06-12,2026-09-30
CRWV,tts-347224215,2025-03-31,2026-09-30
CSCO,tts-828468,2010-09-01,2026-09-30
CSGP,tts-832092,2010-09-01,2026-09-30
CSX,tts-98691180,2010-09-01,2026-09-30
CTAS,tts-832098,2010-09-01,2026-09-30
CTSH,tts-828513,2010-09-01,2026-09-30
DASH,tts-291149473,2020-12-10,2026-09-30
DDOG,tts-174002103,2019-09-19,2026-09-30
DELL,tts-157040141,2018-12-24,2026-09-30
DIS,tts-828100,2010-09-01,2026-09-30
DLTR,tts-828632,2010-09-01,2026-09-30
DOCU,tts-140322345,2018-04-27,2026-09-30
DXCM,tts-2711488,2010-09-01,2026-09-30
EBAY,tts-832177,2010-09-01,2026-09-30
ENPH,tts-40948542,2012-04-02,2026-09-30
EQIX,tts-828800,2010-09-01,2026-09-30
ERIC,tts-4794202,2010-09-01,2026-09-30
EXC,tts-175405676,2010-09-01,2026-09-30
EXPD,tts-828860,2010-09-01,2026-09-30
EXPE,tts-828861,2010-09-01,2026-09-30
FANG,tts-51776389,2012-10-15,2026-09-30
FAST,tts-828870,2010-09-01,2026-09-30
FER,tts-310935268,2024-05-10,2026-09-30
FFIV,tts-828913,2010-09-01,2026-09-30
FISV,tts-832260,2010-09-01,2026-09-30
FISV,tts-377137730,2010-09-01,2026-09-30
FLEX,tts-832265,2010-09-01,2026-09-30
FOSL,tts-832280,2010-09-01,2026-09-30
FOX,tts-61149825,2019-03-13,2026-09-30
FOXA,tts-61149824,2019-03-12,2026-09-30
FSLR,tts-5211016,2010-09-01,2026-09-30
FTNT,tts-20508704,2010-09-01,2026-09-30
FWONA,tts-117027845,2016-04-19,2026-09-30
FWONK,tts-117027846,2016-04-19,2026-09-30
GEHC,tts-268663742,2022-12-16,2026-09-30
GEN,tts-282720976,2010-09-01,2026-09-30
GEV,tts-307473587,2024-03-28,2026-09-30
GFS,tts-231055357,2021-10-29,2026-09-30
GILD,tts-829063,2010-09-01,2026-09-30
GNTX,tts-832326,2010-09-01,2026-09-30
GOOG,tts-1947579,2014-03-28,2026-09-30
GOOGL,tts-71625495,2010-09-01,2026-09-30
GRAL,tts-315092541,2024-06-13,2026-09-30
GRMN,tts-237275457,2010-09-01,2026-09-30
HAS,tts-17914161,2010-09-01,2026-09-30
HON,tts-219587327,2010-09-01,2026-09-30
HONA,tts-410496110,2026-06-16,2026-09-30
HSIC,tts-829202,2010-09-01,2026-09-30
IDXX,tts-832406,2010-09-01,2026-09-30
ILMN,tts-829281,2010-09-01,2026-09-30
INCY,tts-829309,2010-09-01,2026-09-30
INFY,tts-53833112,2010-09-01,2026-09-30
INKT,tts-230505167,2021-10-15,2026-09-30
INSM,tts-832423,2010-09-01,2026-09-30
INTC,tts-829352,2010-09-01,2026-09-30
INTU,tts-829359,2010-09-01,2026-09-30
ISRG,tts-829383,2010-09-01,2026-09-30
JBHT,tts-829418,2010-09-01,2026-09-30
JD,tts-72890301,2014-05-22,2026-09-30
KDP,tts-203738082,2010-09-01,2026-09-30
KHC,tts-90308539,2015-07-06,2026-09-30
KLAC,tts-832472,2010-09-01,2026-09-30
LAMR,tts-829488,2010-09-01,2026-09-30
LBTYA,tts-1784188,2010-09-01,2026-09-30
LBTYK,tts-3250167,2010-09-01,2026-09-30
LCID,tts-224517911,2020-09-18,2026-09-30
LIFE,tts-387639951,2026-01-30,2026-09-30
LIN,tts-294951046,2010-09-01,2026-09-30
LITE,tts-92502189,2015-07-27,2026-09-30
LOGI,tts-829549,2010-09-01,2026-09-30
LRCX,tts-832505,2010-09-01,2026-09-30
LULU,tts-11159809,2010-09-01,2026-09-30
MAR,tts-65832501,2010-09-01,2026-09-30
MAT,tts-17916214,2010-09-01,2026-09-30
MCHP,tts-829623,2010-09-01,2026-09-30
MDB,tts-129307390,2017-10-20,2026-09-30
MDLZ,tts-51210920,2012-10-02,2026-09-30
MELI,tts-11222722,2010-09-01,2026-09-30
META,tts-222568848,2012-05-18,2026-09-30
MNST,tts-37214168,2010-09-01,2026-09-30
MPWR,tts-2098957,2010-09-01,2026-09-30
MRNA,tts-14359676,2018-12-07,2026-09-30
MRVL,tts-829786,2010-09-01,2026-09-30
MSFT,tts-829802,2010-09-01,2026-09-30
MSTR,tts-829808,2010-09-01,2026-09-30
MTCH,tts-97315627,2020-07-01,2026-09-30
MU,tts-17914799,2010-09-01,2026-09-30
NBIS,tts-320792105,2024-10-21,2026-09-30
NCLH,tts-132399257,2013-01-18,2026-09-30
NFLX,tts-829933,2010-09-01,2026-09-30
NTAP,tts-830016,2010-09-01,2026-09-30
NTES,tts-830020,2010-09-01,2026-09-30
NVDA,tts-830046,2010-09-01,2026-09-30
NWS,tts-16784815,2013-06-20,2026-09-30
NWSA,tts-16784816,2013-06-20,2026-09-30
NXPI,tts-24429604,2010-09-01,2026-09-30
ODFL,tts-818221,2010-09-01,2026-09-30
OKTA,tts-120195246,2017-04-07,2026-09-30
ON,tts-85128742,2010-09-01,2026-09-30
ORCL,tts-61604636,2010-09-01,2026-09-30
ORLY,tts-818315,2010-09-01,2026-09-30
PANW,tts-231697626,2012-07-23,2026-09-30
PAYX,tts-818433,2010-09-01,2026-09-30
PCAR,tts-830133,2010-09-01,2026-09-30
PDD,tts-146910073,2018-07-26,2026-09-30
PEP,tts-132468358,2010-09-01,2026-09-30
PLTR,tts-202005198,2020-10-01,2026-09-30
PRDO,tts-181197429,2010-09-01,2026-09-30
PRGO,tts-60267672,2010-09-01,2026-09-30
PSKY,tts-364559782,2010-09-01,2026-09-30
PTC,tts-67417572,2010-09-01,2026-09-30
PTEN,tts-830241,2010-09-01,2026-09-30
PTON,tts-174238383,2019-09-26,2026-09-30
PYPL,tts-91263224,2015-07-06,2026-09-30
QCOM,tts-830263,2010-09-01,2026-09-30
QGEN,tts-133282628,2010-09-01,2026-09-30
REGN,tts-830313,2010-09-01,2026-09-30
RIVN,tts-232151446,2021-11-11,2026-09-30
RKLB,tts-226809961,2020-11-27,2026-09-30
ROP,tts-284392746,2010-09-01,2026-09-30
ROST,tts-830361,2010-09-01,2026-09-30
RYAAY,tts-830379,2010-09-01,2026-09-30
SANM,tts-819878,2010-09-01,2026-09-30
SBAC,tts-819921,2010-09-01,2026-09-30
SBUX,tts-830408,2010-09-01,2026-09-30
SHOP,tts-87928298,2015-05-22,2026-09-30
SIRI,tts-830484,2010-09-01,2026-09-30
SMCI,tts-181976270,2010-09-01,2026-09-30
SNDK,tts-342851559,2025-02-14,2026-09-30
SNPS,tts-830523,2010-09-01,2026-09-30
SOLS,tts-375502573,2025-10-21,2026-09-30
SPCX,tts-208710142,2026-06-15,2026-09-30
STLD,tts-830598,2010-09-01,2026-09-30
STX,tts-15401130,2010-09-01,2026-09-30
SWKS,tts-830638,2010-09-01,2026-09-30
T,tts-821527,2010-09-01,2026-09-30
TCOM,tts-177780548,2010-09-01,2026-09-30
TDY,tts-827362,2010-09-01,2026-09-30
TEAM,tts-830674,2015-12-10,2026-09-30
TER,tts-158183018,2010-09-01,2026-09-30
TEVA,tts-45504153,2010-09-01,2026-09-30
TKO,tts-289567307,2010-09-01,2026-09-30
TMUS,tts-96423906,2015-10-27,2026-09-30
TRI,tts-827441,2010-09-01,2026-09-30
TRIP,tts-36804965,2011-12-08,2026-09-30
TSCO,tts-830823,2010-09-01,2026-09-30
TSLA,tts-23947362,2010-09-01,2026-09-30
TTD,tts-110325346,2016-09-22,2026-09-30
TTWO,tts-830842,2010-09-01,2026-09-30
TXN,tts-37090221,2010-09-01,2026-09-30
UAL,tts-149357573,2010-10-01,2026-09-30
ULTA,tts-11704179,2010-09-01,2026-09-30
URBN,tts-820920,2010-09-01,2026-09-30
VEON,tts-120075582,2010-09-01,2026-09-30
VIAV,tts-92502185,2010-09-01,2026-09-30
VOD,tts-17917826,2010-09-01,2026-09-30
VRSK,tts-20189978,2010-09-01,2026-09-30
VRSN,tts-830966,2010-09-01,2026-09-30
VRTX,tts-821074,2010-09-01,2026-09-30
VTRS,tts-206812113,2010-09-01,2026-09-30
WBD,tts-245373754,2022-04-05,2026-09-30
WDAY,tts-127962865,2012-10-15,2026-09-30
WDC,tts-45576417,2010-09-01,2026-09-30
WMT,tts-827665,2010-09-01,2026-09-30
WTW,tts-159320127,2010-09-01,2026-09-30
WYNN,tts-831069,2010-09-01,2026-09-30
XEL,tts-132814882,2010-09-01,2026-09-30
XRAY,tts-821304,2010-09-01,2026-09-30
ZM,tts-163839424,2019-04-18,2026-09-30
ZS,tts-137190768,2018-03-16,2026-09-30
