Date,Open,High,Low,Close,Adj Close,Volume,Dividends,Stock Splits,Capital Gains
2025-06-26 00:00:00-04:00,40.13999938964844,40.189998626708984,39.90999984741211,39.90999984741211,39.01595687866211,36700,0.0,0.0,0.0
2025-06-27 00:00:00-04:00,40.150001525878906,40.369998931884766,40.150001525878906,40.249000549316406,39.34735870361328,11300,0.0,0.0,0.0
2025-06-30 00:00:00-04:00,40.45000076293945,40.56999969482422,40.29999923706055,40.4739990234375,39.567317962646484,28700,0.0,0.0,0.0
2025-07-01 00:00:00-04:00,40.36199951171875,41.404998779296875,40.31999969482422,40.39400100708008,39.489112854003906,11300,0.0,0.0,0.0
2025-07-02 00:00:00-04:00,40.31100082397461,40.36000061035156,40.2400016784668,40.25,39.34833526611328,50300,0.0,0.0,0.0
2025-07-03 00:00:00-04:00,40.47999954223633,40.56999969482422,40.439998626708984,40.513999938964844,39.606422424316406,4400,0.0,0.0,0.0
2025-07-07 00:00:00-04:00,40.56999969482422,40.56999969482422,40.459999084472656,40.54999923706055,39.64162063598633,93100,0.0,0.0,0.0
2025-07-08 00:00:00-04:00,40.47999954223633,40.5099983215332,40.40999984741211,40.40999984741211,39.50475311279297,3200,0.0,0.0,0.0
2025-07-09 00:00:00-04:00,40.5,40.599998474121094,40.380001068115234,40.44499969482422,39.538970947265625,11500,0.0,0.0,0.0
2025-07-10 00:00:00-04:00,40.4900016784668,40.4900016784668,40.47600173950195,40.47600173950195,39.569278717041016,200,0.0,0.0,0.0
2025-07-11 00:00:00-04:00,40.470001220703125,40.5099983215332,40.43299865722656,40.45500183105469,39.54874801635742,3700,0.0,0.0,0.0
2025-07-14 00:00:00-04:00,40.4900016784668,40.4900016784668,40.439998626708984,40.44200134277344,39.536041259765625,2200,0.0,0.0,0.0
2025-07-15 00:00:00-04:00,40.4900016784668,40.4900016784668,40.36000061035156,40.36000061035156,39.455875396728516,2500,0.0,0.0,0.0
2025-07-16 00:00:00-04:00,40.47999954223633,40.5,40.38999938964844,40.45800018310547,39.55167770385742,97600,0.0,0.0,0.0
2025-07-17 00:00:00-04:00,40.444000244140625,40.52899932861328,40.444000244140625,40.51300048828125,39.605445861816406,2000,0.0,0.0,0.0
2025-07-18 00:00:00-04:00,40.52000045776367,40.529998779296875,40.47200012207031,40.47200012207031,39.565364837646484,14900,0.0,0.0,0.0
2025-07-21 00:00:00-04:00,40.630001068115234,40.91999816894531,40.40999984741211,40.40999984741211,39.50475311279297,2200,0.0,0.0,0.0
2025-07-22 00:00:00-04:00,40.75,40.75,40.40999984741211,40.5,39.592735290527344,3200,0.0,0.0,0.0
2025-07-23 00:00:00-04:00,40.619998931884766,40.939998626708984,40.54999923706055,40.57500076293945,39.66605758666992,1100,0.0,0.0,0.0
2025-07-24 00:00:00-04:00,40.62300109863281,40.62300109863281,40.5890007019043,40.5890007019043,39.67974090576172,600,0.0,0.0,0.0
2025-07-25 00:00:00-04:00,40.60499954223633,40.60499954223633,40.40999984741211,40.560001373291016,39.651397705078125,5600,0.0,0.0,0.0
2025-07-28 00:00:00-04:00,40.65999984741211,40.65999984741211,40.560001373291016,40.560001373291016,39.651397705078125,1700,0.0,0.0,0.0
2025-07-29 00:00:00-04:00,40.630001068115234,40.630001068115234,40.529998779296875,40.529998779296875,39.62206268310547,1400,0.0,0.0,0.0
2025-07-30 00:00:00-04:00,40.630001068115234,40.63999938964844,40.5,40.5,39.592735290527344,1000,0.0,0.0,0.0
2025-07-31 00:00:00-04:00,40.68000030517578,40.68000030517578,40.56700134277344,40.56700134277344,39.658233642578125,800,0.0,0.0,0.0
2025-08-01 00:00:00-04:00,40.540000915527344,40.54999923706055,40.263999938964844,40.263999938964844,39.36202621459961,1400,0.0,0.0,0.0
2025-08-04 00:00:00-04:00,40.47999954223633,40.58000183105469,40.43000030517578,40.54999923706055,39.64162063598633,2300,0.0,0.0,0.0
2025-08-05 00:00:00-04:00,40.41999816894531,40.43000030517578,40.41999816894531,40.43000030517578,39.5243034362793,1300,0.0,0.0,0.0
2025-08-06 00:00:00-04:00,40.47999954223633,40.5880012512207,40.47999954223633,40.52000045776367,39.61228942871094,2400,0.0,0.0,0.0
2025-08-07 00:00:00-04:00,40.52000045776367,40.59000015258789,40.52000045776367,40.54399871826172,39.63574981689453,500,0.0,0.0,0.0
2025-08-08 00:00:00-04:00,40.68000030517578,40.7400016784668,40.29999923706055,40.29999923706055,39.397220611572266,9300,0.0,0.0,0.0
2025-08-11 00:00:00-04:00,40.70899963378906,40.75,40.65999984741211,40.715999603271484,39.80390167236328,1000,0.0,0.0,0.0
2025-08-12 00:00:00-04:00,40.85499954223633,40.95000076293945,40.7400016784668,40.939998626708984,40.02288055419922,18900,0.0,0.0,0.0
2025-08-13 00:00:00-04:00,40.98500061035156,40.98500061035156,40.849998474121094,40.849998474121094,39.93489074707031,15600,0.0,0.0,0.0
2025-08-14 00:00:00-04:00,40.86000061035156,40.86000061035156,40.779998779296875,40.790000915527344,39.87623977661133,15200,0.0,0.0,0.0
2025-08-15 00:00:00-04:00,40.86000061035156,40.86000061035156,40.79100036621094,40.79100036621094,39.877220153808594,7700,0.0,0.0,0.0
2025-08-18 00:00:00-04:00,41.15999984741211,41.15999984741211,40.73500061035156,40.73500061035156,39.822471618652344,9300,0.0,0.0,0.0
2025-08-19 00:00:00-04:00,40.86000061035156,40.869998931884766,40.77000045776367,40.7760009765625,39.862552642822266,18000,0.0,0.0,0.0
2025-08-20 00:00:00-04:00,40.7599983215332,40.77000045776367,40.72600173950195,40.72600173950195,39.81367874145508,4900,0.0,0.0,0.0
2025-08-21 00:00:00-04:00,40.81999969482422,40.81999969482422,40.599998474121094,40.599998474121094,39.690494537353516,2700,0.0,0.0,0.0
2025-08-22 00:00:00-04:00,40.869998931884766,40.959999084472656,40.70000076293945,40.875999450683594,39.9603157043457,9300,0.0,0.0,0.0
2025-08-25 00:00:00-04:00,40.86000061035156,41.0,40.86000061035156,40.88999938964844,39.974002838134766,4900,0.0,0.0,0.0
2025-08-26 00:00:00-04:00,40.91999816894531,41.02000045776367,40.91999816894531,40.91999816894531,40.003326416015625,5400,0.0,0.0,0.0
2025-08-27 00:00:00-04:00,40.939998626708984,41.349998474121094,40.82600021362305,40.849998474121094,39.93489074707031,6000,0.0,0.0,0.0
2025-08-28 00:00:00-04:00,40.84000015258789,41.0099983215332,40.84000015258789,40.926998138427734,40.010169982910156,3200,0.0,0.0,0.0
2025-08-29 00:00:00-04:00,40.93000030517578,40.970001220703125,40.79999923706055,40.79999923706055,39.886016845703125,9900,0.0,0.0,0.0
2025-09-02 00:00:00-04:00,40.959999084472656,40.959999084472656,40.75,40.941001892089844,40.02385711669922,1400,0.0,0.0,0.0
2025-09-03 00:00:00-04:00,40.95000076293945,41.02000045776367,40.91999816894531,40.95000076293945,40.032657623291016,9400,0.0,0.0,0.0
2025-09-04 00:00:00-04:00,41.02000045776367,41.119998931884766,41.0099983215332,41.060001373291016,40.14019012451172,17400,0.0,0.0,0.0
2025-09-05 00:00:00-04:00,41.150001525878906,41.150001525878906,41.150001525878906,41.150001525878906,40.22817611694336,1100,0.0,0.0,0.0
2025-09-08 00:00:00-04:00,41.20000076293945,41.22999954223633,40.91999816894531,41.20000076293945,40.27705764770508,1900,0.0,0.0,0.0
2025-09-09 00:00:00-04:00,41.185001373291016,41.185001373291016,41.11899948120117,41.11899948120117,40.197872161865234,400,0.0,0.0,0.0
2025-09-10 00:00:00-04:00,41.2599983215332,41.650001525878906,41.0989990234375,41.0989990234375,40.178321838378906,5700,0.0,0.0,0.0
2025-09-11 00:00:00-04:00,41.2400016784668,41.38999938964844,41.2400016784668,41.334999084472656,40.40903091430664,2000,0.0,0.0,0.0
2025-09-12 00:00:00-04:00,41.41999816894531,41.41999816894531,41.27000045776367,41.27000045776367,40.34548568725586,1100,0.0,0.0,0.0
2025-09-15 00:00:00-04:00,41.43000030517578,41.43000030517578,41.310001373291016,41.310001373291016,40.38459396362305,3700,0.0,0.0,0.0
2025-09-16 00:00:00-04:00,41.41999816894531,41.41999816894531,41.25,41.255001068115234,40.33082580566406,3200,0.0,0.0,0.0
2025-09-17 00:00:00-04:00,41.279998779296875,41.279998779296875,41.2400016784668,41.2400016784668,40.316162109375,400,0.0,0.0,0.0
2025-09-18 00:00:00-04:00,41.400001525878906,41.400001525878906,41.290000915527344,41.290000915527344,40.36503982543945,6200,0.0,0.0,0.0
2025-09-19 00:00:00-04:00,41.31999969482422,41.41999816894531,41.31999969482422,41.40599822998047,40.47843551635742,3000,0.0,0.0,0.0
2025-09-22 00:00:00-04:00,41.400001525878906,41.5,41.400001525878906,41.48400115966797,40.55469512939453,800,0.0,0.0,0.0
2025-09-23 00:00:00-04:00,41.4010009765625,41.46500015258789,41.400001525878906,41.45399856567383,40.525367736816406,600,0.0,0.0,0.0
2025-09-24 00:00:00-04:00,41.40999984741211,41.40999984741211,41.279998779296875,41.279998779296875,40.496917724609375,200,0.145,0.0,0.0
2025-09-25 00:00:00-04:00,41.29999923706055,41.29999923706055,41.20000076293945,41.20000076293945,40.418434143066406,1100,0.0,0.0,0.0
2025-09-26 00:00:00-04:00,41.36000061035156,41.790000915527344,41.29999923706055,41.347999572753906,40.563629150390625,1500,0.0,0.0,0.0
2025-09-29 00:00:00-04:00,41.939998626708984,41.939998626708984,41.279998779296875,41.279998779296875,40.496917724609375,600,0.0,0.0,0.0
2025-09-30 00:00:00-04:00,41.35599899291992,41.35599899291992,41.35599899291992,41.35599899291992,40.57147216796875,200,0.0,0.0,0.0
2025-10-01 00:00:00-04:00,41.369998931884766,41.52000045776367,41.2599983215332,41.400001525878906,40.61464309692383,29800,0.0,0.0,0.0
2025-10-02 00:00:00-04:00,41.779998779296875,41.779998779296875,41.380001068115234,41.380001068115234,40.59502029418945,8800,0.0,0.0,0.0
2025-10-03 00:00:00-04:00,41.41999816894531,41.46500015258789,40.97999954223633,41.380001068115234,40.59502029418945,25200,0.0,0.0,0.0
2025-10-06 00:00:00-04:00,41.45399856567383,41.47200012207031,41.400001525878906,41.41600036621094,40.630340576171875,1500,0.0,0.0,0.0
2025-10-07 00:00:00-04:00,41.481998443603516,41.481998443603516,41.35900115966797,41.35900115966797,40.57441711425781,1900,0.0,0.0,0.0
2025-10-08 00:00:00-04:00,41.47999954223633,41.56999969482422,41.43000030517578,41.45500183105469,40.66859817504883,700,0.0,0.0,0.0
2025-10-09 00:00:00-04:00,41.470001220703125,41.560001373291016,41.470001220703125,41.50899887084961,40.7215690612793,3000,0.0,0.0,0.0
2025-10-10 00:00:00-04:00,41.459999084472656,41.459999084472656,40.933998107910156,40.933998107910156,40.15747833251953,2800,0.0,0.0,0.0
2025-10-13 00:00:00-04:00,41.060001373291016,41.25,41.060001373291016,41.178001403808594,40.396854400634766,2900,0.0,0.0,0.0
2025-10-14 00:00:00-04:00,41.12900161743164,41.12900161743164,41.12900161743164,41.12900161743164,40.34878158569336,300,0.0,0.0,0.0
2025-10-15 00:00:00-04:00,41.185001373291016,41.185001373291016,41.185001373291016,41.185001373291016,40.40372085571289,300,0.0,0.0,0.0
2025-10-16 00:00:00-04:00,41.15999984741211,41.15999984741211,41.08000183105469,41.08000183105469,40.30071258544922,3700,0.0,0.0,0.0
2025-10-17 00:00:00-04:00,41.20000076293945,41.20000076293945,41.189998626708984,41.189998626708984,40.40862274169922,1500,0.0,0.0,0.0
2025-10-20 00:00:00-04:00,41.380001068115234,41.42399978637695,41.380001068115234,41.42399978637695,40.63818359375,700,0.0,0.0,0.0
2025-10-21 00:00:00-04:00,41.369998931884766,41.42599868774414,41.369998931884766,41.42599868774414,40.64014434814453,600,0.0,0.0,0.0
2025-10-22 00:00:00-04:00,41.439998626708984,41.439998626708984,41.435001373291016,41.435001373291016,40.64897918701172,200,0.0,0.0,0.0
2025-10-23 00:00:00-04:00,41.5,41.553001403808594,41.5,41.553001403808594,40.764739990234375,200,0.0,0.0,0.0
2025-10-24 00:00:00-04:00,41.689998626708984,41.689998626708984,41.689998626708984,41.689998626708984,40.89913558959961,200,0.0,0.0,0.0
2025-10-27 00:00:00-04:00,41.80099868774414,41.9010009765625,41.80099868774414,41.888999938964844,41.094364166259766,700,0.0,0.0,0.0
2025-10-28 00:00:00-04:00,41.88100051879883,41.97800064086914,41.880001068115234,41.97800064086914,41.181678771972656,1100,0.0,0.0,0.0
2025-10-29 00:00:00-04:00,42.08000183105469,42.08000183105469,41.96200180053711,41.96200180053711,41.16598129272461,1700,0.0,0.0,0.0
2025-10-30 00:00:00-04:00,41.93000030517578,41.939998626708984,41.880001068115234,41.880001068115234,41.085533142089844,300,0.0,0.0,0.0
2025-10-31 00:00:00-04:00,42.029998779296875,42.040000915527344,41.9900016784668,41.994998931884766,41.19834899902344,3300,0.0,0.0,0.0
2025-11-03 00:00:00-05:00,41.939998626708984,42.029998779296875,41.90999984741211,41.935001373291016,41.13949203491211,6500,0.0,0.0,0.0
2025-11-04 00:00:00-05:00,41.97999954223633,41.97999954223633,41.917999267578125,41.917999267578125,41.1228141784668,1500,0.0,0.0,0.0
2025-11-05 00:00:00-05:00,41.91999816894531,42.02000045776367,41.91999816894531,41.93000030517578,41.134586334228516,900,0.0,0.0,0.0
2025-11-06 00:00:00-05:00,41.8120002746582,41.8120002746582,41.8120002746582,41.8120002746582,41.01882553100586,100,0.0,0.0,0.0
2025-11-07 00:00:00-05:00,41.83000183105469,41.83000183105469,41.83000183105469,41.83000183105469,41.03648376464844,100,0.0,0.0,0.0
2025-11-10 00:00:00-05:00,42.0099983215332,42.0099983215332,42.0099983215332,42.0099983215332,41.21306610107422,100,0.0,0.0,0.0
2025-11-11 00:00:00-05:00,41.93299865722656,41.93299865722656,41.93299865722656,41.93299865722656,41.13752746582031,100,0.0,0.0,0.0
2025-11-12 00:00:00-05:00,41.95000076293945,42.0,41.900001525878906,41.94499969482422,41.1493034362793,1300,0.0,0.0,0.0
2025-11-13 00:00:00-05:00,41.900001525878906,41.900001525878906,41.66999816894531,41.72700119018555,40.9354362487793,1800,0.0,0.0,0.0
2025-11-14 00:00:00-05:00,41.7400016784668,41.7400016784668,41.7400016784668,41.7400016784668,40.94818878173828,100,0.0,0.0,0.0
2025-11-17 00:00:00-05:00,41.72100067138672,41.72100067138672,41.72100067138672,41.72100067138672,40.92954635620117,200,0.0,0.0,0.0
2025-11-18 00:00:00-05:00,41.68000030517578,41.68000030517578,41.68000030517578,41.68000030517578,40.88932800292969,100,0.0,0.0,0.0
2025-11-19 00:00:00-05:00,41.724998474121094,41.724998474121094,41.724998474121094,41.724998474121094,40.933467864990234,100,0.0,0.0,0.0
2025-11-20 00:00:00-05:00,41.999000549316406,41.999000549316406,41.38999938964844,41.60499954223633,40.81575012207031,1200,0.0,0.0,0.0
2025-11-21 00:00:00-05:00,41.619998931884766,41.83000183105469,41.619998931884766,41.652000427246094,40.86186218261719,2400,0.0,0.0,0.0
2025-11-24 00:00:00-05:00,41.81999969482422,41.88999938964844,41.81999969482422,41.88999938964844,41.095340728759766,300,0.0,0.0,0.0
2025-11-25 00:00:00-05:00,42.12900161743164,42.12900161743164,42.12900161743164,42.12900161743164,41.329811096191406,100,0.0,0.0,0.0
2025-11-26 00:00:00-05:00,42.28799819946289,42.28799819946289,42.28799819946289,42.28799819946289,41.48579406738281,100,0.0,0.0,0.0
2025-11-28 00:00:00-05:00,42.619998931884766,42.619998931884766,42.27000045776367,42.31999969482422,41.51718521118164,1200,0.0,0.0,0.0
2025-12-01 00:00:00-05:00,42.29999923706055,42.29999923706055,42.244998931884766,42.244998931884766,41.443607330322266,300,0.0,0.0,0.0
2025-12-02 00:00:00-05:00,42.22999954223633,42.22999954223633,42.189998626708984,42.189998626708984,41.389652252197266,300,0.0,0.0,0.0
2025-12-03 00:00:00-05:00,42.16999816894531,42.20000076293945,42.16999816894531,42.20000076293945,41.39946365356445,300,0.0,0.0,0.0
2025-12-04 00:00:00-05:00,42.185001373291016,42.185001373291016,42.185001373291016,42.185001373291016,41.38475036621094,100,0.0,0.0,0.0
2025-12-05 00:00:00-05:00,42.529998779296875,42.529998779296875,42.16299819946289,42.16299819946289,41.363162994384766,900,0.0,0.0,0.0
2025-12-08 00:00:00-05:00,42.16999816894531,42.16999816894531,42.16999816894531,42.16999816894531,41.370033264160156,700,0.0,0.0,0.0
2025-12-09 00:00:00-05:00,42.12900161743164,42.16999816894531,42.11000061035156,42.11000061035156,41.3111686706543,400,0.0,0.0,0.0
2025-12-10 00:00:00-05:00,42.08000183105469,42.18600082397461,42.08000183105469,42.18600082397461,41.38573455810547,3600,0.0,0.0,0.0
2025-12-11 00:00:00-05:00,42.04999923706055,42.137001037597656,42.04999923706055,42.137001037597656,41.3376579284668,100,0.0,0.0,0.0
2025-12-12 00:00:00-05:00,42.08599853515625,42.08599853515625,42.08599853515625,42.08599853515625,41.28762435913086,100,0.0,0.0,0.0
2025-12-15 00:00:00-05:00,42.15999984741211,42.16999816894531,42.04100036621094,42.09000015258789,41.29154968261719,1000,0.0,0.0,0.0
2025-12-16 00:00:00-05:00,42.130001068115234,42.130001068115234,42.06999969482422,42.06999969482422,41.27192687988281,200,0.0,0.0,0.0
2025-12-17 00:00:00-05:00,42.005001068115234,42.005001068115234,42.005001068115234,42.005001068115234,41.208160400390625,200,0.0,0.0,0.0
2025-12-18 00:00:00-05:00,42.220001220703125,42.22999954223633,42.12300109863281,42.12300109863281,41.32392501831055,1700,0.0,0.0,0.0
2025-12-19 00:00:00-05:00,42.244998931884766,42.28799819946289,42.244998931884766,42.28799819946289,41.48579406738281,300,0.0,0.0,0.0
2025-12-22 00:00:00-05:00,42.38999938964844,42.439998626708984,42.33000183105469,42.38999938964844,41.585853576660156,3000,0.0,0.0,0.0
2025-12-23 00:00:00-05:00,42.472999572753906,42.472999572753906,42.472999572753906,42.472999572753906,41.66728591918945,100,0.0,0.0,0.0
2025-12-24 00:00:00-05:00,42.2599983215332,42.310001373291016,42.2599983215332,42.308998107910156,41.744239807128906,600,0.242,0.0,0.0
2025-12-26 00:00:00-05:00,42.244998931884766,42.244998931884766,42.244998931884766,42.244998931884766,41.681095123291016,100,0.0,0.0,0.0
2025-12-29 00:00:00-05:00,42.22600173950195,42.22600173950195,42.22600173950195,42.22600173950195,41.662353515625,100,0.0,0.0,0.0
2025-12-30 00:00:00-05:00,42.15999984741211,42.209999084472656,42.15999984741211,42.209999084472656,41.64656066894531,200,0.0,0.0,0.0
2025-12-31 00:00:00-05:00,42.20000076293945,42.20000076293945,42.14099884033203,42.20000076293945,41.63669967651367,1200,0.0,0.0,0.0
2026-01-02 00:00:00-05:00,42.25,42.25,42.25,42.25,41.686031341552734,100,0.0,0.0,0.0
2026-01-05 00:00:00-05:00,42.34000015258789,42.34000015258789,42.34000015258789,42.34000015258789,41.77482986450195,100,0.0,0.0,0.0
2026-01-06 00:00:00-05:00,42.439998626708984,42.44900131225586,42.40999984741211,42.44900131225586,41.88237380981445,5300,0.0,0.0,0.0
2026-01-07 00:00:00-05:00,42.439998626708984,42.439998626708984,42.402000427246094,42.402000427246094,41.836002349853516,200,0.0,0.0,0.0
2026-01-08 00:00:00-05:00,42.38999938964844,42.439998626708984,42.38999938964844,42.439998626708984,41.87348937988281,200,0.0,0.0,0.0
2026-01-09 00:00:00-05:00,42.68000030517578,42.68000030517578,42.61800003051758,42.61800003051758,42.04911804199219,300,0.0,0.0,0.0
2026-01-12 00:00:00-05:00,42.4900016784668,42.650001525878906,42.4900016784668,42.599998474121094,42.03135681152344,700,0.0,0.0,0.0
2026-01-13 00:00:00-05:00,42.62799835205078,42.62799835205078,42.58000183105469,42.58000183105469,42.01163101196289,100,0.0,0.0,0.0
2026-01-14 00:00:00-05:00,42.47200012207031,42.525001525878906,42.47200012207031,42.525001525878906,41.95736312866211,300,0.0,0.0,0.0
2026-01-15 00:00:00-05:00,42.58000183105469,42.689998626708984,42.50600051879883,42.50600051879883,41.93861770629883,2500,0.0,0.0,0.0
2026-01-16 00:00:00-05:00,42.470001220703125,42.50600051879883,42.470001220703125,42.50600051879883,41.93861770629883,300,0.0,0.0,0.0
2026-01-20 00:00:00-05:00,42.33000183105469,42.349998474121094,42.03099822998047,42.03099822998047,41.46995162963867,700,0.0,0.0,0.0
2026-01-21 00:00:00-05:00,42.23099899291992,42.23099899291992,42.23099899291992,42.23099899291992,41.66728591918945,900,0.0,0.0,0.0
2026-01-22 00:00:00-05:00,42.380001068115234,42.380001068115234,42.209999084472656,42.29600143432617,41.73141860961914,3100,0.0,0.0,0.0
2026-01-23 00:00:00-05:00,42.32400131225586,42.32400131225586,42.32400131225586,42.32400131225586,41.75904083251953,100,0.0,0.0,0.0
2026-01-26 00:00:00-05:00,42.470001220703125,42.470001220703125,42.375999450683594,42.375999450683594,41.81034469604492,700,0.0,0.0,0.0
2026-01-27 00:00:00-05:00,42.45000076293945,42.45000076293945,42.380001068115234,42.380001068115234,41.814292907714844,300,0.0,0.0,0.0
2026-01-28 00:00:00-05:00,42.3849983215332,42.3849983215332,42.3849983215332,42.3849983215332,41.8192253112793,100,0.0,0.0,0.0
2026-01-29 00:00:00-05:00,42.33000183105469,42.33000183105469,42.33000183105469,42.33000183105469,41.76496505737305,100,0.0,0.0,0.0
2026-01-30 00:00:00-05:00,42.2599983215332,42.2599983215332,42.25600051879883,42.25600051879883,41.691951751708984,300,0.0,0.0,0.0
2026-02-02 00:00:00-05:00,42.262001037597656,42.262001037597656,42.262001037597656,42.262001037597656,41.69786834716797,100,0.0,0.0,0.0
2026-02-03 00:00:00-05:00,42.20000076293945,42.25899887084961,42.150001525878906,42.25899887084961,41.694908142089844,2600,0.0,0.0,0.0
2026-02-04 00:00:00-05:00,42.119998931884766,42.22999954223633,42.119998931884766,42.15399932861328,41.59130859375,2700,0.0,0.0,0.0
2026-02-05 00:00:00-05:00,42.06800079345703,42.06800079345703,42.06800079345703,42.06800079345703,41.50646209716797,100,0.0,0.0,0.0
2026-02-06 00:00:00-05:00,42.41999816894531,42.41999816894531,42.41999816894531,42.41999816894531,41.853759765625,200,0.0,0.0,0.0
2026-02-09 00:00:00-05:00,42.54199981689453,42.54199981689453,42.54199981689453,42.54199981689453,41.9741325378418,100,0.0,0.0,0.0
2026-02-10 00:00:00-05:00,42.540000915527344,42.540000915527344,42.540000915527344,42.540000915527344,41.97216033935547,200,0.0,0.0,0.0
2026-02-11 00:00:00-05:00,42.47999954223633,42.4900016784668,42.47999954223633,42.4900016784668,41.92282485961914,400,0.0,0.0,0.0
2026-02-12 00:00:00-05:00,42.28300094604492,42.28300094604492,42.28300094604492,42.28300094604492,41.71859359741211,300,0.0,0.0,0.0
2026-02-13 00:00:00-05:00,42.33000183105469,42.33000183105469,42.33000183105469,42.33000183105469,41.76496505737305,200,0.0,0.0,0.0
2026-02-17 00:00:00-05:00,42.36000061035156,42.36000061035156,42.36000061035156,42.36000061035156,41.79456329345703,100,0.0,0.0,0.0
2026-02-18 00:00:00-05:00,42.36000061035156,42.36000061035156,42.36000061035156,42.36000061035156,41.79456329345703,100,0.0,0.0,0.0
2026-02-19 00:00:00-05:00,42.28499984741211,42.3129997253418,42.28499984741211,42.3129997253418,41.74818801879883,300,0.0,0.0,0.0
2026-02-20 00:00:00-05:00,42.22999954223633,42.4119987487793,42.22999954223633,42.4119987487793,41.84586715698242,400,0.0,0.0,0.0
2026-02-23 00:00:00-05:00,42.361000061035156,42.369998931884766,42.36000061035156,42.369998931884766,41.80442428588867,800,0.0,0.0,0.0
2026-02-24 00:00:00-05:00,42.43000030517578,42.49100112915039,42.43000030517578,42.49100112915039,41.92381286621094,200,0.0,0.0,0.0
2026-02-25 00:00:00-05:00,42.52000045776367,42.680999755859375,42.52000045776367,42.680999755859375,42.11127853393555,200,0.0,0.0,0.0
2026-02-26 00:00:00-05:00,42.63999938964844,42.63999938964844,42.63999938964844,42.63999938964844,42.070823669433594,100,0.0,0.0,0.0
2026-02-27 00:00:00-05:00,42.66899871826172,42.66899871826172,42.6150016784668,42.6150016784668,42.04615783691406,300,0.0,0.0,0.0
2026-03-02 00:00:00-05:00,42.599998474121094,42.599998474121094,42.571998596191406,42.571998596191406,42.00373458862305,200,0.0,0.0,0.0
2026-03-03 00:00:00-05:00,41.91999816894531,42.51900100708008,41.900001525878906,42.51900100708008,41.95144271850586,3100,0.0,0.0,0.0
2026-03-04 00:00:00-05:00,42.604000091552734,42.604000091552734,42.604000091552734,42.604000091552734,42.03530502319336,200,0.0,0.0,0.0
2026-03-05 00:00:00-05:00,42.47999954223633,42.571998596191406,42.47999954223633,42.571998596191406,42.00373458862305,300,0.0,0.0,0.0
2026-03-06 00:00:00-05:00,42.41899871826172,42.41899871826172,42.41899871826172,42.41899871826172,41.8527717590332,100,0.0,0.0,0.0
2026-03-09 00:00:00-04:00,42.2400016784668,42.483001708984375,42.2400016784668,42.483001708984375,41.91592025756836,200,0.0,0.0,0.0
2026-03-10 00:00:00-04:00,42.3390007019043,42.3390007019043,42.3390007019043,42.3390007019043,41.77384567260742,100,0.0,0.0,0.0
2026-03-11 00:00:00-04:00,42.27000045776367,42.36199951171875,42.27000045776367,42.36199951171875,41.79653549194336,200,0.0,0.0,0.0
2026-03-12 00:00:00-04:00,42.31999969482422,42.31999969482422,42.290000915527344,42.290000915527344,41.72549819946289,200,0.0,0.0,0.0
2026-03-13 00:00:00-04:00,42.275001525878906,42.275001525878906,42.275001525878906,42.275001525878906,41.71070098876953,100,0.0,0.0,0.0
2026-03-16 00:00:00-04:00,42.5,42.5,42.35599899291992,42.35599899291992,41.79061508178711,700,0.0,0.0,0.0
2026-03-17 00:00:00-04:00,42.5099983215332,42.5099983215332,42.277000427246094,42.277000427246094,41.71267318725586,500,0.0,0.0,0.0
2026-03-18 00:00:00-04:00,42.380001068115234,42.380001068115234,42.275001525878906,42.290000915527344,41.72549819946289,600,0.0,0.0,0.0
2026-03-19 00:00:00-04:00,42.11000061035156,42.36000061035156,42.11000061035156,42.34000015258789,41.77482986450195,600,0.0,0.0,0.0
2026-03-20 00:00:00-04:00,42.310001373291016,42.310001373291016,42.209999084472656,42.21699905395508,41.653472900390625,300,0.0,0.0,0.0
2026-03-23 00:00:00-04:00,42.33000183105469,42.382999420166016,42.33000183105469,42.382999420166016,41.81725311279297,200,0.0,0.0,0.0
2026-03-24 00:00:00-04:00,42.40999984741211,42.40999984741211,42.40999984741211,42.40999984741211,41.843894958496094,200,0.0,0.0,0.0
2026-03-25 00:00:00-04:00,42.19499969482422,42.19499969482422,42.19499969482422,42.19499969482422,41.792388916015625,100,0.163,0.0,0.0
2026-03-26 00:00:00-04:00,42.04800033569336,42.04800033569336,42.04800033569336,42.04800033569336,41.646793365478516,100,0.0,0.0,0.0
2026-03-27 00:00:00-04:00,41.9900016784668,41.99599838256836,41.9900016784668,41.99599838256836,41.59528732299805,100,0.0,0.0,0.0
2026-03-30 00:00:00-04:00,41.9900016784668,41.9900016784668,41.9900016784668,41.9900016784668,41.589351654052734,100,0.0,0.0,0.0
2026-03-31 00:00:00-04:00,46.0099983215332,46.0099983215332,42.380001068115234,42.380001068115234,41.975624084472656,700,0.0,0.0,0.0
2026-04-01 00:00:00-04:00,42.48899841308594,42.48899841308594,42.48899841308594,42.48899841308594,42.08358383178711,100,0.0,0.0,0.0
2026-04-02 00:00:00-04:00,42.40999984741211,42.4119987487793,42.349998474121094,42.4119987487793,42.007320404052734,3600,0.0,0.0,0.0
2026-04-06 00:00:00-04:00,42.40800094604492,42.40800094604492,42.40800094604492,42.40800094604492,42.003360748291016,200,0.0,0.0,0.0
2026-04-07 00:00:00-04:00,42.349998474121094,42.349998474121094,42.349998474121094,42.349998474121094,41.9459114074707,300,0.0,0.0,0.0
2026-04-08 00:00:00-04:00,42.709999084472656,42.709999084472656,42.650001525878906,42.650001525878906,42.24304962158203,200,0.0,0.0,0.0
2026-04-09 00:00:00-04:00,42.71099853515625,42.71099853515625,42.71099853515625,42.71099853515625,42.303466796875,100,0.0,0.0,0.0
2026-04-10 00:00:00-04:00,42.654998779296875,42.654998779296875,42.654998779296875,42.654998779296875,42.24800109863281,100,0.0,0.0,0.0
2026-04-13 00:00:00-04:00,42.60499954223633,42.867000579833984,42.60499954223633,42.867000579833984,42.45798110961914,800,0.0,0.0,0.0
2026-04-14 00:00:00-04:00,43.060001373291016,43.060001373291016,43.060001373291016,43.060001373291016,42.649139404296875,100,0.0,0.0,0.0
2026-04-15 00:00:00-04:00,43.11000061035156,43.24700164794922,43.11000061035156,43.24700164794922,42.834354400634766,300,0.0,0.0,0.0
2026-04-16 00:00:00-04:00,43.23899841308594,43.23899841308594,43.23899841308594,43.23899841308594,42.8264274597168,100,0.0,0.0,0.0
2026-04-17 00:00:00-04:00,43.5,43.5,43.46900177001953,43.46900177001953,43.054237365722656,200,0.0,0.0,0.0
2026-04-20 00:00:00-04:00,43.099998474121094,43.47999954223633,43.099998474121094,43.41999816894531,43.005699157714844,5000,0.0,0.0,0.0
2026-04-21 00:00:00-04:00,43.369998931884766,43.393001556396484,43.369998931884766,43.393001556396484,42.97896194458008,400,0.0,0.0,0.0
2026-04-22 00:00:00-04:00,43.573001861572266,43.573001861572266,43.573001861572266,43.573001861572266,43.15724563598633,100,0.0,0.0,0.0
2026-04-23 00:00:00-04:00,43.52899932861328,43.52899932861328,43.52899932861328,43.52899932861328,43.1136589050293,100,0.0,0.0,0.0
2026-04-24 00:00:00-04:00,43.564998626708984,43.6619987487793,43.564998626708984,43.6619987487793,43.245391845703125,300,0.0,0.0,0.0
2026-04-27 00:00:00-04:00,43.6150016784668,43.6150016784668,43.6150016784668,43.6150016784668,43.19884490966797,100,0.0,0.0,0.0
2026-04-28 00:00:00-04:00,43.60900115966797,43.60900115966797,43.56999969482422,43.56999969482422,43.15427017211914,200,0.0,0.0,0.0
2026-04-29 00:00:00-04:00,43.59000015258789,43.59000015258789,43.53200149536133,43.53200149536133,43.116634368896484,200,0.0,0.0,0.0
2026-04-30 00:00:00-04:00,43.72999954223633,43.72999954223633,43.72999954223633,43.72999954223633,43.312744140625,100,0.0,0.0,0.0
2026-05-01 00:00:00-04:00,43.935001373291016,44.0099983215332,43.7760009765625,43.7760009765625,43.358306884765625,1900,0.0,0.0,0.0
2026-05-04 00:00:00-04:00,43.744998931884766,43.744998931884766,43.744998931884766,43.744998931884766,43.327598571777344,100,0.0,0.0,0.0
2026-05-05 00:00:00-04:00,43.90999984741211,43.90999984741211,43.90999984741211,43.90999984741211,43.49102783203125,100,0.0,0.0,0.0
2026-05-06 00:00:00-04:00,44.36000061035156,44.36000061035156,44.185001373291016,44.185001373291016,43.763404846191406,200,0.0,0.0,0.0
2026-05-07 00:00:00-04:00,44.14099884033203,44.20000076293945,44.14099884033203,44.16999816894531,43.74854278564453,700,0.0,0.0,0.0
2026-05-08 00:00:00-04:00,44.275001525878906,44.321998596191406,44.275001525878906,44.321998596191406,43.89909362792969,400,0.0,0.0,0.0
2026-05-11 00:00:00-04:00,44.32500076293945,44.33000183105469,44.29499816894531,44.29499816894531,43.87234878540039,300,0.0,0.0,0.0
2026-05-12 00:00:00-04:00,44.029998779296875,44.279998779296875,44.029998779296875,44.279998779296875,43.85749435424805,400,0.0,0.0,0.0
2026-05-13 00:00:00-04:00,44.49800109863281,44.49800109863281,44.49800109863281,44.49800109863281,44.07341766357422,100,0.0,0.0,0.0
2026-05-14 00:00:00-04:00,44.560001373291016,44.61000061035156,44.45000076293945,44.61000061035156,44.184349060058594,2400,0.0,0.0,0.0
2026-05-15 00:00:00-04:00,44.459999084472656,44.59000015258789,44.43000030517578,44.57500076293945,44.149681091308594,15200,0.0,0.0,0.0
2026-05-18 00:00:00-04:00,44.470001220703125,44.53499984741211,44.459999084472656,44.53499984741211,44.11006546020508,2100,0.0,0.0,0.0
2026-05-19 00:00:00-04:00,44.40999984741211,44.439998626708984,44.38999938964844,44.439998626708984,44.015968322753906,1400,0.0,0.0,0.0
2026-05-20 00:00:00-04:00,44.4900016784668,44.60200119018555,44.4900016784668,44.60200119018555,44.17642593383789,1300,0.0,0.0,0.0
2026-05-21 00:00:00-04:00,44.529998779296875,44.5989990234375,44.529998779296875,44.5989990234375,44.17345428466797,600,0.0,0.0,0.0
2026-05-22 00:00:00-04:00,44.58000183105469,44.630001068115234,44.57899856567383,44.57899856567383,44.15364074707031,1200,0.0,0.0,0.0
2026-05-26 00:00:00-04:00,44.55500030517578,44.55500030517578,44.55500030517578,44.55500030517578,44.1298713684082,200,0.0,0.0,0.0
2026-05-27 00:00:00-04:00,44.61000061035156,44.61000061035156,44.61000061035156,44.61000061035156,44.184349060058594,200,0.0,0.0,0.0
2026-05-28 00:00:00-04:00,44.56999969482422,44.56999969482422,44.56999969482422,44.56999969482422,44.14472961425781,200,0.0,0.0,0.0
2026-05-29 00:00:00-04:00,44.72999954223633,44.72999954223633,44.560001373291016,44.560001373291016,44.13482666015625,900,0.0,0.0,0.0
2026-06-01 00:00:00-04:00,44.53099822998047,44.599998474121094,44.53099822998047,44.58399963378906,44.158592224121094,9200,0.0,0.0,0.0
2026-06-02 00:00:00-04:00,44.63999938964844,44.650001525878906,44.63999938964844,44.63999938964844,44.21405792236328,9000,0.0,0.0,0.0
2026-06-03 00:00:00-04:00,44.57400131225586,44.57400131225586,44.57400131225586,44.57400131225586,44.1486930847168,100,0.0,0.0,0.0
2026-06-04 00:00:00-04:00,44.599998474121094,44.599998474121094,44.599998474121094,44.599998474121094,44.174442291259766,200,0.0,0.0,0.0
2026-06-05 00:00:00-04:00,44.53499984741211,44.53499984741211,43.81999969482422,43.93000030517578,43.51083755493164,1800,0.0,0.0,0.0
2026-06-08 00:00:00-04:00,43.959999084472656,43.959999084472656,43.900001525878906,43.900001525878906,43.48112487792969,400,0.0,0.0,0.0
2026-06-09 00:00:00-04:00,44.07899856567383,44.08000183105469,43.5,44.0099983215332,43.59007263183594,6300,0.0,0.0,0.0
2026-06-10 00:00:00-04:00,43.86000061035156,43.90999984741211,43.845001220703125,43.85499954223633,43.43655014038086,700,0.0,0.0,0.0
2026-06-11 00:00:00-04:00,43.95000076293945,44.23500061035156,43.95000076293945,44.23500061035156,43.812923431396484,700,0.0,0.0,0.0
2026-06-12 00:00:00-04:00,44.290000915527344,44.358001708984375,44.27000045776367,44.358001708984375,43.934757232666016,10500,0.0,0.0,0.0
2026-06-15 00:00:00-04:00,44.61000061035156,44.630001068115234,44.59000015258789,44.630001068115234,44.204158782958984,17900,0.0,0.0,0.0
2026-06-16 00:00:00-04:00,44.560001373291016,44.560001373291016,44.560001373291016,44.560001373291016,44.13482666015625,300,0.0,0.0,0.0
2026-06-17 00:00:00-04:00,44.61399841308594,44.650001525878906,44.41699981689453,44.41699981689453,43.99319076538086,900,0.0,0.0,0.0
2026-06-18 00:00:00-04:00,44.63999938964844,44.650001525878906,44.63999938964844,44.63999938964844,44.21405792236328,1000,0.0,0.0,0.0
2026-06-22 00:00:00-04:00,44.650001525878906,44.65999984741211,44.560001373291016,44.560001373291016,44.13482666015625,2300,0.0,0.0,0.0
2026-06-23 00:00:00-04:00,44.25,44.529998779296875,44.25,44.42399978637695,44.0001220703125,8800,0.0,0.0,0.0
2026-06-24 00:00:00-04:00,44.18000030517578,44.18000030517578,44.04199981689453,44.04199981689453,43.9542121887207,500,0.336,0.0,0.0
2026-06-25 00:00:00-04:00,44.2599983215332,44.2599983215332,43.96099853515625,44.0,43.912296295166016,500,0.0,0.0,0.0
2026-06-26 00:00:00-04:00,43.91999816894531,43.91999816894531,43.909000396728516,43.909000396728516,43.82147979736328,300,0.0,0.0,0.0
2026-06-29 00:00:00-04:00,44.32500076293945,44.42300033569336,44.20000076293945,44.42300033569336,44.33445358276367,1500,0.0,0.0,0.0
2026-06-30 00:00:00-04:00,44.279998779296875,44.44300079345703,44.279998779296875,44.44300079345703,44.35441589355469,900,0.0,0.0,0.0
2026-07-01 00:00:00-04:00,44.349998474121094,44.382999420166016,44.349998474121094,44.382999420166016,44.294532775878906,100,0.0,0.0,0.0
2026-07-02 00:00:00-04:00,44.349998474121094,44.369998931884766,44.290000915527344,44.369998931884766,44.281558990478516,1300,0.0,0.0,0.0
2026-07-06 00:00:00-04:00,44.47999954223633,44.564998626708984,44.47999954223633,44.564998626708984,44.47616958618164,1100,0.0,0.0,0.0
2026-07-07 00:00:00-04:00,44.45000076293945,44.49700164794922,44.439998626708984,44.49700164794922,44.40830993652344,1200,0.0,0.0,0.0
2026-07-08 00:00:00-04:00,44.38100051879883,44.48500061035156,44.38100051879883,44.48500061035156,44.396331787109375,300,0.0,0.0,0.0
2026-07-09 00:00:00-04:00,44.540000915527344,44.650001525878906,44.540000915527344,44.650001525878906,44.561004638671875,500,0.0,0.0,0.0
2026-07-10 00:00:00-04:00,45.02000045776367,45.02000045776367,44.630001068115234,44.731998443603516,44.64283752441406,2200,0.0,0.0,0.0
2026-07-13 00:00:00-04:00,44.630001068115234,44.68000030517578,44.619998931884766,44.68000030517578,44.5909423828125,2900,0.0,0.0,0.0
2026-07-14 00:00:00-04:00,44.63999938964844,44.672000885009766,44.63999938964844,44.672000885009766,44.58295822143555,400,0.0,0.0,0.0
2026-07-15 00:00:00-04:00,44.619998931884766,44.720001220703125,44.619998931884766,44.66600036621094,44.576969146728516,5600,0.0,0.0,0.0
2026-07-16 00:00:00-04:00,44.6150016784668,44.6150016784668,44.6150016784668,44.6150016784668,44.52607345581055,100,0.0,0.0,0.0
2026-07-17 00:00:00-04:00,44.5099983215332,44.630001068115234,44.500999450683594,44.58700180053711,44.498130798339844,2100,0.0,0.0,0.0
2026-07-20 00:00:00-04:00,44.58000183105469,44.630001068115234,44.560001373291016,44.560001373291016,44.47118377685547,4100,0.0,0.0,0.0
2026-07-21 00:00:00-04:00,44.70899963378906,44.70899963378906,44.599998474121094,44.599998474121094,44.51110076904297,1000,0.0,0.0,0.0
2026-07-22 00:00:00-04:00,44.31999969482422,44.64500045776367,44.31999969482422,44.64500045776367,44.55601119995117,1500,0.0,0.0,0.0
2026-07-23 00:00:00-04:00,44.4900016784668,44.51599884033203,44.4900016784668,44.51599884033203,44.427268981933594,300,0.0,0.0,0.0
2026-07-24 00:00:00-04:00,44.54999923706055,44.650001525878906,44.505001068115234,44.505001068115234,44.416290283203125,8000,0.0,0.0,0.0
2026-07-27 00:00:00-04:00,44.492000579833984,44.492000579833984,44.41999816894531,44.41999816894531,44.331459045410156,2000,0.0,0.0,0.0
2026-07-28 00:00:00-04:00,44.43000030517578,44.529998779296875,44.393001556396484,44.393001556396484,44.30451583862305,1100,0.0,0.0,0.0
2026-07-29 00:00:00-04:00,44.176998138427734,44.176998138427734,44.176998138427734,44.176998138427734,44.08894348144531,100,0.0,0.0,0.0
2026-07-30 00:00:00-04:00,44.470001220703125,44.47999954223633,44.45000076293945,44.45500183105469,44.36639404296875,700,0.0,0.0,0.0
2026-07-31 00:00:00-04:00,44.529998779296875,44.61000061035156,44.52000045776367,44.56999969482422,44.48115921020508,10300,0.0,0.0,0.0
2026-08-03 00:00:00-04:00,44.814998626708984,44.88100051879883,44.790000915527344,44.79999923706055,44.71070098876953,900,0.0,0.0,0.0
2026-08-04 00:00:00-04:00,45.04999923706055,45.04999923706055,45.040000915527344,45.040000915527344,44.950225830078125,600,0.0,0.0,0.0
2026-08-05 00:00:00-04:00,45.16999816894531,45.16999816894531,45.04999923706055,45.09000015258789,45.000125885009766,800,0.0,0.0,0.0
2026-08-06 00:00:00-04:00,45.159000396728516,45.16999816894531,45.060001373291016,45.1150016784668,45.02507781982422,12000,0.0,0.0,0.0
2026-08-07 00:00:00-04:00,45.209999084472656,45.209999084472656,45.16299819946289,45.16299819946289,45.07297897338867,500,0.0,0.0,0.0
2026-08-10 00:00:00-04:00,45.150001525878906,45.36000061035156,45.08000183105469,45.15999984741211,45.069984436035156,14700,0.0,0.0,0.0
2026-08-11 00:00:00-04:00,49.66999816894531,49.66999816894531,45.0,45.119998931884766,45.03006362915039,1500,0.0,0.0,0.0
2026-08-12 00:00:00-04:00,45.07500076293945,45.07899856567383,45.000999450683594,45.000999450683594,44.91130065917969,500,0.0,0.0,0.0
2026-08-13 00:00:00-04:00,45.106998443603516,45.106998443603516,45.106998443603516,45.106998443603516,45.01708984375,100,0.0,0.0,0.0
2026-08-14 00:00:00-04:00,45.06999969482422,45.130001068115234,45.02000045776367,45.07600021362305,44.98615264892578,700,0.0,0.0,0.0
2026-08-17 00:00:00-04:00,45.08000183105469,45.08000183105469,45.051998138427734,45.051998138427734,44.96220016479492,1100,0.0,0.0,0.0
2026-08-18 00:00:00-04:00,44.95000076293945,45.060001373291016,44.939998626708984,45.047000885009766,44.957210540771484,4800,0.0,0.0,0.0
2026-08-19 00:00:00-04:00,45.10499954223633,45.10499954223633,45.029998779296875,45.051998138427734,44.96220016479492,600,0.0,0.0,0.0
2026-08-20 00:00:00-04:00,45.0369987487793,45.0369987487793,45.0369987487793,45.0369987487793,44.947227478027344,100,0.0,0.0,0.0
2026-08-21 00:00:00-04:00,45.06999969482422,45.06999969482422,45.058998107910156,45.058998107910156,44.96918487548828,300,0.0,0.0,0.0
2026-08-24 00:00:00-04:00,45.020999908447266,45.020999908447266,45.020999908447266,45.020999908447266,44.9312629699707,100,0.0,0.0,0.0
2026-08-25 00:00:00-04:00,45.042999267578125,45.042999267578125,45.042999267578125,45.042999267578125,44.953216552734375,100,0.0,0.0,0.0
2026-08-26 00:00:00-04:00,44.95000076293945,45.040000915527344,44.95000076293945,44.99100112915039,44.90132141113281,1000,0.0,0.0,0.0
2026-08-27 00:00:00-04:00,45.10100173950195,45.10100173950195,45.10100173950195,45.10100173950195,45.011104583740234,100,0.0,0.0,0.0
2026-08-28 00:00:00-04:00,45.11899948120117,45.119998931884766,45.064998626708984,45.064998626708984,44.97517395019531,2400,0.0,0.0,0.0
2026-08-31 00:00:00-04:00,45.025001525878906,45.025001525878906,45.025001525878906,45.025001525878906,44.93525695800781,300,0.0,0.0,0.0
2026-09-01 00:00:00-04:00,44.994998931884766,44.994998931884766,44.994998931884766,44.994998931884766,44.905311584472656,200,0.0,0.0,0.0
2026-09-02 00:00:00-04:00,45.06999969482422,45.09000015258789,45.029998779296875,45.029998779296875,44.940242767333984,300,0.0,0.0,0.0
2026-09-03 00:00:00-04:00,45.16999816894531,45.33000183105469,45.10499954223633,45.33000183105469,45.239646911621094,1200,0.0,0.0,0.0
2026-09-04 00:00:00-04:00,45.29999923706055,45.29999923706055,45.25,45.25,45.15980529785156,200,0.0,0.0,0.0
2026-09-08 00:00:00-04:00,45.20000076293945,45.20000076293945,45.20000076293945,45.20000076293945,45.10990524291992,100,0.0,0.0,0.0
2026-09-09 00:00:00-04:00,45.198001861572266,45.198001861572266,45.198001861572266,45.198001861572266,45.10791015625,100,0.0,0.0,0.0
2026-09-10 00:00:00-04:00,45.15999984741211,45.220001220703125,45.15999984741211,45.15999984741211,45.069984436035156,400,0.0,0.0,0.0
2026-09-11 00:00:00-04:00,45.470001220703125,45.470001220703125,45.391998291015625,45.391998291015625,45.30152130126953,1400,0.0,0.0,0.0
2026-09-14 00:00:00-04:00,45.31999969482422,45.395999908447266,45.31999969482422,45.395999908447266,45.30551528930664,300,0.0,0.0,0.0
2026-09-15 00:00:00-04:00,45.375,45.375,45.375,45.375,45.2845573425293,100,0.0,0.0,0.0
2026-09-16 00:00:00-04:00,45.459999084472656,45.4900016784668,45.32899856567383,45.32899856567383,45.2386474609375,2300,0.0,0.0,0.0
2026-09-17 00:00:00-04:00,45.5,45.54999923706055,45.5,45.54999923706055,45.459205627441406,500,0.0,0.0,0.0
2026-09-18 00:00:00-04:00,45.54899978637695,45.560001373291016,45.505001068115234,45.50899887084961,45.41828918457031,5200,0.0,0.0,0.0
2026-09-21 00:00:00-04:00,45.650001525878906,45.75,45.650001525878906,45.69499969482422,45.603919982910156,600,0.0,0.0,0.0
2026-09-22 00:00:00-04:00,45.68000030517578,45.709999084472656,45.654998779296875,45.654998779296875,45.56399917602539,600,0.0,0.0,0.0
2026-09-23 00:00:00-04:00,45.54999923706055,45.61000061035156,45.47999954223633,45.61000061035156,45.61000061035156,600,0.091,0.0,0.0
2026-09-24 00:00:00-04:00,45.5099983215332,45.560001373291016,45.5099983215332,45.520999908447266,45.520999908447266,700,0.0,0.0,0.0
2026-09-25 00:00:00-04:00,45.63999938964844,45.63999938964844,45.611000061035156,45.611000061035156,45.611000061035156,300,0.0,0.0,0.0
2026-09-28 00:00:00-04:00,45.59000015258789,45.59000015258789,45.53499984741211,45.53499984741211,45.53499984741211,500,0.0,0.0,0.0
2026-09-29 00:00:00-04:00,45.630001068115234,45.630001068115234,45.525001525878906,45.525001525878906,45.525001525878906,1000,0.0,0.0,0.0
2026-09-30 00:00:00-04:00,45.520999908447266,45.58000183105469,45.50899887084961,45.50899887084961,45.50899887084961,3300,0.0,0.0,0.0
