Date,Open,High,Low,Close,Adj Close,Volume,Dividends,Stock Splits
2023-09-27 00:00:00-04:00,20.25,20.25,19.25,19.25,18.986370086669922,158600,0.0,0.0
2023-09-28 00:00:00-04:00,19.260000228881836,19.5,19.190000534057617,19.5,19.23294448852539,173000,0.0,0.0
2023-09-29 00:00:00-04:00,19.5,19.600000381469727,19.200000762939453,19.299999237060547,19.035686492919922,218500,0.0,0.0
2023-10-02 00:00:00-04:00,19.200000762939453,19.309999465942383,16.0,17.010000228881836,16.77704620361328,10764500,0.0,0.0
2023-10-03 00:00:00-04:00,17.010000228881836,17.350000381469727,15.890000343322754,16.600000381469727,16.372665405273438,5760600,0.0,0.0
2023-10-04 00:00:00-04:00,16.809999465942383,16.809999465942383,15.880000114440918,16.239999771118164,16.017593383789062,3647200,0.0,0.0
2023-10-05 00:00:00-04:00,15.649999618530273,15.899999618530273,14.949999809265137,15.649999618530273,15.43567180633545,5824400,0.0,0.0
2023-10-06 00:00:00-04:00,15.149999618530273,15.75,14.335000038146973,15.359999656677246,15.149642944335938,5130700,0.0,0.0
2023-10-09 00:00:00-04:00,15.109999656677246,15.300000190734863,14.550000190734863,15.0,14.794573783874512,3149000,0.0,0.0
2023-10-10 00:00:00-04:00,14.949999809265137,16.520000457763672,14.600000381469727,16.209999084472656,15.988001823425293,4227400,0.0,0.0
2023-10-11 00:00:00-04:00,16.1299991607666,16.350000381469727,15.260000228881836,15.399999618530273,15.189096450805664,3518800,0.0,0.0
2023-10-12 00:00:00-04:00,15.199999809265137,15.8100004196167,14.5,14.729999542236328,14.528271675109863,3585100,0.0,0.0
2023-10-13 00:00:00-04:00,14.720000267028809,14.9399995803833,14.229999542236328,14.5,14.301422119140625,2222600,0.0,0.0
2023-10-16 00:00:00-04:00,14.75,15.880000114440918,14.75,15.649999618530273,15.43567180633545,2378700,0.0,0.0
2023-10-17 00:00:00-04:00,15.5600004196167,15.949999809265137,15.520000457763672,15.890000343322754,15.672385215759277,2433400,0.0,0.0
2023-10-18 00:00:00-04:00,15.760000228881836,15.920000076293945,14.970000267028809,15.0,14.794573783874512,1659700,0.0,0.0
2023-10-19 00:00:00-04:00,15.0,15.149999618530273,14.300000190734863,14.300000190734863,14.104161262512207,1653500,0.0,0.0
2023-10-20 00:00:00-04:00,14.489999771118164,14.600000381469727,13.829999923706055,14.510000228881836,14.311284065246582,2102800,0.0,0.0
2023-10-23 00:00:00-04:00,14.59000015258789,14.819999694824219,14.489999771118164,14.760000228881836,14.557860374450684,733800,0.0,0.0
2023-10-24 00:00:00-04:00,15.119999885559082,15.350000381469727,14.90999984741211,15.229999542236328,15.021424293518066,1204800,0.0,0.0
2023-10-25 00:00:00-04:00,15.029999732971191,15.3100004196167,14.5600004196167,14.720000267028809,14.51840877532959,722800,0.0,0.0
2023-10-26 00:00:00-04:00,14.739999771118164,15.100000381469727,14.699999809265137,14.739999771118164,14.53813362121582,566700,0.0,0.0
2023-10-27 00:00:00-04:00,14.699999809265137,14.956000328063965,14.449999809265137,14.5600004196167,14.360601425170898,630600,0.0,0.0
2023-10-30 00:00:00-04:00,14.720000267028809,14.869999885559082,14.583000183105469,14.84000015258789,14.63676643371582,604900,0.0,0.0
2023-10-31 00:00:00-04:00,14.949999809265137,15.489999771118164,14.640000343322754,15.289999961853027,15.080601692199707,814500,0.0,0.0
2023-11-01 00:00:00-04:00,15.300000190734863,15.630000114440918,14.505000114440918,15.569999694824219,15.356767654418945,2174100,0.0,0.0
2023-11-02 00:00:00-04:00,15.760000228881836,16.5,15.760000228881836,16.290000915527344,16.066905975341797,636500,0.0,0.0
2023-11-03 00:00:00-04:00,16.540000915527344,16.950000762939453,16.299999237060547,16.760000228881836,16.53046989440918,729400,0.0,0.0
2023-11-06 00:00:00-05:00,17.100000381469727,17.5,16.709999084472656,17.0,16.767183303833008,1406600,0.0,0.0
2023-11-07 00:00:00-05:00,17.010000228881836,17.270000457763672,16.885000228881836,17.1299991607666,16.895401000976562,868200,0.0,0.0
2023-11-08 00:00:00-05:00,17.229999542236328,17.43000030517578,16.860000610351562,17.0,16.767183303833008,1021500,0.0,0.0
2023-11-09 00:00:00-05:00,17.049999237060547,17.3700008392334,16.485000610351562,16.510000228881836,16.283893585205078,685000,0.0,0.0
2023-11-10 00:00:00-05:00,16.5,16.799999237060547,15.9350004196167,16.6299991607666,16.402250289916992,717800,0.0,0.0
2023-11-13 00:00:00-05:00,16.5,16.6299991607666,16.139999389648438,16.31999969482422,16.09649658203125,701200,0.0,0.0
2023-11-14 00:00:00-05:00,16.6299991607666,16.84000015258789,16.3799991607666,16.6200008392334,16.39238739013672,1436300,0.0,0.0
2023-11-15 00:00:00-05:00,16.690000534057617,17.434999465942383,16.510000228881836,17.270000457763672,17.033485412597656,1443900,0.0,0.0
2023-11-16 00:00:00-05:00,17.139999389648438,17.260000228881836,16.420000076293945,16.489999771118164,16.26416778564453,1092900,0.0,0.0
2023-11-17 00:00:00-05:00,16.989999771118164,16.989999771118164,16.389999389648438,16.450000762939453,16.224716186523438,1465200,0.0,0.0
2023-11-20 00:00:00-05:00,16.350000381469727,16.469999313354492,16.125,16.18000030517578,15.958415985107422,3238900,0.0,0.0
2023-11-21 00:00:00-05:00,16.190000534057617,16.43000030517578,16.0,16.389999389648438,16.165538787841797,3638600,0.0,0.0
2023-11-22 00:00:00-05:00,16.40999984741211,16.719999313354492,16.299999237060547,16.700000762939453,16.47129249572754,1774700,0.0,0.0
2023-11-24 00:00:00-05:00,16.700000762939453,16.884000778198242,16.600000381469727,16.850000381469727,16.619237899780273,527200,0.0,0.0
2023-11-27 00:00:00-05:00,16.799999237060547,17.014999389648438,16.709999084472656,16.899999618530273,16.668554306030273,1776900,0.0,0.0
2023-11-28 00:00:00-05:00,16.799999237060547,16.985000610351562,16.729999542236328,16.739999771118164,16.510744094848633,1316200,0.0,0.0
2023-11-29 00:00:00-05:00,17.65999984741211,18.2450008392334,17.31999969482422,18.09000015258789,17.842256546020508,4661600,0.0,0.0
2023-11-30 00:00:00-05:00,18.290000915527344,18.80500030517578,18.219999313354492,18.309999465942383,18.05924415588379,2508200,0.0,0.0
2023-12-01 00:00:00-05:00,18.31999969482422,18.940000534057617,18.28499984741211,18.690000534057617,18.434040069580078,1998900,0.0,0.0
2023-12-04 00:00:00-05:00,19.040000915527344,19.049999237060547,18.690000534057617,18.780000686645508,18.522808074951172,2398200,0.0,0.0
2023-12-05 00:00:00-05:00,18.90999984741211,18.90999984741211,18.360000610351562,18.3700008392334,18.11842155456543,1428800,0.0,0.0
2023-12-06 00:00:00-05:00,18.850000381469727,18.899999618530273,18.389999389648438,18.6299991607666,18.374860763549805,1687400,0.0,0.0
2023-12-07 00:00:00-05:00,18.530000686645508,19.15999984741211,18.510000228881836,18.979999542236328,18.72006607055664,1809600,0.0,0.0
2023-12-08 00:00:00-05:00,18.899999618530273,19.389999389648438,18.899999618530273,19.020000457763672,18.759519577026367,1270200,0.0,0.0
2023-12-11 00:00:00-05:00,19.010000228881836,19.020000457763672,18.700000762939453,18.799999237060547,18.542531967163086,1058100,0.0,0.0
2023-12-12 00:00:00-05:00,18.649999618530273,19.030000686645508,18.229999542236328,18.489999771118164,18.23677635192871,1313000,0.0,0.0
2023-12-13 00:00:00-05:00,18.469999313354492,18.969999313354492,18.299999237060547,18.790000915527344,18.532670974731445,2222500,0.0,0.0
2023-12-14 00:00:00-05:00,19.1200008392334,19.469999313354492,18.889999389648438,19.09000015258789,18.863698959350586,2084100,0.035,0.0
2023-12-15 00:00:00-05:00,19.600000381469727,19.8700008392334,19.25,19.3700008392334,19.140380859375,24764800,0.0,0.0
2023-12-18 00:00:00-05:00,19.09000015258789,19.969999313354492,19.09000015258789,19.559999465942383,19.328126907348633,1716200,0.0,0.0
2023-12-19 00:00:00-05:00,19.719999313354492,20.690000534057617,19.610000610351562,20.440000534057617,20.197694778442383,3205000,0.0,0.0
2023-12-20 00:00:00-05:00,20.309999465942383,20.55500030517578,19.915000915527344,20.1200008392334,19.88149070739746,2007100,0.0,0.0
2023-12-21 00:00:00-05:00,20.25,20.920000076293945,20.25,20.75,20.50402069091797,2662600,0.0,0.0
2023-12-22 00:00:00-05:00,20.860000610351562,20.899999618530273,20.450000762939453,20.790000915527344,20.54354476928711,854100,0.0,0.0
2023-12-26 00:00:00-05:00,20.75,21.0,20.649999618530273,20.770000457763672,20.52378273010254,511200,0.0,0.0
2023-12-27 00:00:00-05:00,20.920000076293945,21.190000534057617,20.8700008392334,21.18000030517578,20.928922653198242,812200,0.0,0.0
2023-12-28 00:00:00-05:00,21.190000534057617,21.440000534057617,20.81999969482422,21.100000381469727,20.849872589111328,735900,0.0,0.0
2023-12-29 00:00:00-05:00,21.079999923706055,21.40999984741211,20.969999313354492,21.139999389648438,20.8893985748291,697800,0.0,0.0
2024-01-02 00:00:00-05:00,21.010000228881836,21.079999923706055,20.670000076293945,20.770000457763672,20.52378273010254,1591500,0.0,0.0
2024-01-03 00:00:00-05:00,20.31999969482422,20.540000915527344,20.149999618530273,20.190000534057617,19.950658798217773,1023200,0.0,0.0
2024-01-04 00:00:00-05:00,20.190000534057617,20.469999313354492,20.079999923706055,20.290000915527344,20.049474716186523,999800,0.0,0.0
2024-01-05 00:00:00-05:00,20.190000534057617,21.084999084472656,20.165000915527344,20.739999771118164,20.494140625,1184100,0.0,0.0
2024-01-08 00:00:00-05:00,20.6200008392334,21.040000915527344,20.549999237060547,20.799999237060547,20.55342674255371,1239800,0.0,0.0
2024-01-09 00:00:00-05:00,20.670000076293945,21.3700008392334,20.5,20.610000610351562,20.365678787231445,1095300,0.0,0.0
2024-01-10 00:00:00-05:00,20.639999389648438,20.770000457763672,20.329999923706055,20.579999923706055,20.336036682128906,908900,0.0,0.0
2024-01-11 00:00:00-05:00,20.8700008392334,21.010000228881836,20.59000015258789,21.010000228881836,20.76093864440918,1376000,0.0,0.0
2024-01-12 00:00:00-05:00,21.100000381469727,21.280000686645508,20.81999969482422,21.049999237060547,20.800464630126953,801600,0.0,0.0
2024-01-16 00:00:00-05:00,20.899999618530273,21.0,20.469999313354492,20.799999237060547,20.55342674255371,667400,0.0,0.0
2024-01-17 00:00:00-05:00,20.549999237060547,20.969999313354492,20.549999237060547,20.690000534057617,20.444732666015625,1137900,0.0,0.0
2024-01-18 00:00:00-05:00,20.809999465942383,20.850000381469727,20.4950008392334,20.59000015258789,20.345916748046875,961000,0.0,0.0
2024-01-19 00:00:00-05:00,20.540000915527344,20.850000381469727,20.452999114990234,20.729999542236328,20.484256744384766,1348000,0.0,0.0
2024-01-22 00:00:00-05:00,20.959999084472656,21.670000076293945,20.940000534057617,21.360000610351562,21.106788635253906,1560000,0.0,0.0
2024-01-23 00:00:00-05:00,21.5,21.809999465942383,21.350000381469727,21.670000076293945,21.413114547729492,1962900,0.0,0.0
2024-01-24 00:00:00-05:00,21.790000915527344,21.989999771118164,21.270000457763672,21.309999465942383,21.05738067626953,2127500,0.0,0.0
2024-01-25 00:00:00-05:00,21.229999542236328,21.510000228881836,20.940000534057617,21.479999542236328,21.225364685058594,953800,0.0,0.0
2024-01-26 00:00:00-05:00,21.639999389648438,21.829999923706055,21.290000915527344,21.31999969482422,21.067264556884766,786600,0.0,0.0
2024-01-29 00:00:00-05:00,21.31999969482422,21.799999237060547,21.149999618530273,21.760000228881836,21.502046585083008,1534400,0.0,0.0
2024-01-30 00:00:00-05:00,21.610000610351562,21.8700008392334,21.440000534057617,21.829999923706055,21.571218490600586,1210100,0.0,0.0
2024-01-31 00:00:00-05:00,21.809999465942383,21.91900062561035,21.31999969482422,21.399999618530273,21.14631462097168,996100,0.0,0.0
2024-02-01 00:00:00-05:00,21.6299991607666,22.0,21.43000030517578,21.850000381469727,21.590978622436523,1706000,0.0,0.0
2024-02-02 00:00:00-05:00,21.760000228881836,22.3700008392334,21.760000228881836,22.209999084472656,21.946712493896484,1927200,0.0,0.0
2024-02-05 00:00:00-05:00,21.950000762939453,22.110000610351562,21.790000915527344,21.899999618530273,21.640390396118164,1545700,0.0,0.0
2024-02-06 00:00:00-05:00,21.920000076293945,22.31999969482422,21.8700008392334,22.299999237060547,22.03564453125,1541400,0.0,0.0
2024-02-07 00:00:00-05:00,21.75,21.899999618530273,19.229999542236328,19.420000076293945,19.189786911010742,7524600,0.0,0.0
2024-02-08 00:00:00-05:00,19.3700008392334,20.280000686645508,18.920000076293945,20.110000610351562,19.871606826782227,5364300,0.0,0.0
2024-02-09 00:00:00-05:00,20.0,20.049999237060547,18.969999313354492,18.979999542236328,18.755002975463867,4295900,0.0,0.0
2024-02-12 00:00:00-05:00,19.1299991607666,19.719999313354492,19.040000915527344,19.40999984741211,19.179903030395508,2033600,0.0,0.0
2024-02-13 00:00:00-05:00,19.969999313354492,20.0,18.790000915527344,18.959999084472656,18.735239028930664,2529300,0.0,0.0
2024-02-14 00:00:00-05:00,19.06999969482422,19.270000457763672,18.75,19.010000228881836,18.784650802612305,1439100,0.0,0.0
2024-02-15 00:00:00-05:00,19.110000610351562,19.684999465942383,19.09000015258789,19.530000686645508,19.29848289489746,1665000,0.0,0.0
2024-02-16 00:00:00-05:00,19.360000610351562,19.450000762939453,18.899999618530273,18.979999542236328,18.755002975463867,1477500,0.0,0.0
2024-02-20 00:00:00-05:00,18.829999923706055,19.360000610351562,18.770000457763672,19.329999923706055,19.100852966308594,2262000,0.0,0.0
2024-02-21 00:00:00-05:00,19.09000015258789,19.395000457763672,19.020000457763672,19.31999969482422,19.090970993041992,758800,0.0,0.0
2024-02-22 00:00:00-05:00,19.360000610351562,19.559999465942383,19.25,19.549999237060547,19.31824493408203,938600,0.0,0.0
2024-02-23 00:00:00-05:00,19.799999237060547,20.06999969482422,19.4950008392334,20.030000686645508,19.792556762695312,841300,0.0,0.0
2024-02-26 00:00:00-05:00,19.899999618530273,19.969999313354492,19.43000030517578,19.700000762939453,19.466466903686523,928700,0.0,0.0
2024-02-27 00:00:00-05:00,19.860000610351562,19.93000030517578,19.389999389648438,19.510000228881836,19.27872085571289,738800,0.0,0.0
2024-02-28 00:00:00-05:00,19.049999237060547,19.290000915527344,18.850000381469727,19.239999771118164,19.011919021606445,1738100,0.0,0.0
2024-02-29 00:00:00-05:00,19.350000381469727,19.350000381469727,18.309999465942383,18.760000228881836,18.53761100769043,1778400,0.0,0.0
2024-03-01 00:00:00-05:00,18.809999465942383,18.979999542236328,18.6299991607666,18.709999084472656,18.488203048706055,1139500,0.0,0.0
2024-03-04 00:00:00-05:00,18.850000381469727,18.979999542236328,18.5049991607666,18.75,18.527727127075195,1401600,0.0,0.0
2024-03-05 00:00:00-05:00,18.649999618530273,18.75,18.334999084472656,18.40999984741211,18.19175910949707,879600,0.0,0.0
2024-03-06 00:00:00-05:00,18.6299991607666,18.770000457763672,18.360000610351562,18.520000457763672,18.300457000732422,978000,0.0,0.0
2024-03-07 00:00:00-05:00,18.65999984741211,19.100000381469727,18.65999984741211,19.020000457763672,18.794527053833008,892800,0.0,0.0
2024-03-08 00:00:00-05:00,19.100000381469727,19.170000076293945,18.43000030517578,18.639999389648438,18.41903305053711,959800,0.0,0.0
2024-03-11 00:00:00-04:00,18.65999984741211,18.84000015258789,18.469999313354492,18.799999237060547,18.57713508605957,565800,0.0,0.0
2024-03-12 00:00:00-04:00,18.8799991607666,19.0,18.610000610351562,18.700000762939453,18.478322982788086,1261500,0.0,0.0
2024-03-13 00:00:00-04:00,18.639999389648438,18.7450008392334,18.389999389648438,18.440000534057617,18.221405029296875,1750900,0.0,0.0
2024-03-14 00:00:00-04:00,18.399999618530273,18.479999542236328,18.079999923706055,18.219999313354492,18.03824806213379,1284600,0.035,0.0
2024-03-15 00:00:00-04:00,18.229999542236328,18.257999420166016,17.635000228881836,17.860000610351562,17.681842803955078,4892500,0.0,0.0
2024-03-18 00:00:00-04:00,17.8700008392334,18.020000457763672,17.459999084472656,17.920000076293945,17.741243362426758,2493500,0.0,0.0
2024-03-19 00:00:00-04:00,17.850000381469727,17.999000549316406,17.6200008392334,17.75,17.57293701171875,1324100,0.0,0.0
2024-03-20 00:00:00-04:00,17.75,18.18000030517578,17.600000381469727,18.049999237060547,17.86994171142578,3008700,0.0,0.0
2024-03-21 00:00:00-04:00,18.190000534057617,18.354999542236328,18.030000686645508,18.100000381469727,17.91944694519043,1821800,0.0,0.0
2024-03-22 00:00:00-04:00,18.149999618530273,18.18000030517578,17.850000381469727,18.079999923706055,17.899646759033203,1402600,0.0,0.0
2024-03-25 00:00:00-04:00,17.950000762939453,18.360000610351562,17.84000015258789,18.219999313354492,18.03824806213379,1322500,0.0,0.0
2024-03-26 00:00:00-04:00,18.280000686645508,18.389999389648438,18.020000457763672,18.34000015258789,18.15705108642578,1581600,0.0,0.0
2024-03-27 00:00:00-04:00,18.420000076293945,19.030000686645508,18.399999618530273,18.959999084472656,18.77086639404297,3137200,0.0,0.0
2024-03-28 00:00:00-04:00,18.959999084472656,19.43000030517578,18.90999984741211,19.270000457763672,19.077775955200195,1420600,0.0,0.0
2024-04-01 00:00:00-04:00,19.299999237060547,19.299999237060547,18.719999313354492,19.1200008392334,18.92927360534668,1425400,0.0,0.0
2024-04-02 00:00:00-04:00,18.93000030517578,18.96500015258789,18.309999465942383,18.6299991607666,18.44415855407715,1787500,0.0,0.0
2024-04-03 00:00:00-04:00,18.770000457763672,19.229999542236328,18.56999969482422,19.09000015258789,18.899572372436523,1934700,0.0,0.0
2024-04-04 00:00:00-04:00,19.18000030517578,19.530000686645508,18.700000762939453,18.81999969482422,18.63226318359375,1583500,0.0,0.0
2024-04-05 00:00:00-04:00,18.829999923706055,19.184999465942383,18.729999542236328,19.1200008392334,18.92927360534668,1191400,0.0,0.0
2024-04-08 00:00:00-04:00,19.149999618530273,19.31999969482422,18.989999771118164,19.15999984741211,18.968873977661133,1243200,0.0,0.0
2024-04-09 00:00:00-04:00,19.200000762939453,19.760000228881836,19.200000762939453,19.649999618530273,19.453983306884766,2297600,0.0,0.0
2024-04-10 00:00:00-04:00,19.079999923706055,19.399999618530273,19.010000228881836,19.200000762939453,19.008474349975586,2103900,0.0,0.0
2024-04-11 00:00:00-04:00,19.43000030517578,19.5,19.0,19.190000534057617,18.998573303222656,1583900,0.0,0.0
2024-04-12 00:00:00-04:00,19.010000228881836,19.389999389648438,19.010000228881836,19.229999542236328,19.03817367553711,1193800,0.0,0.0
2024-04-15 00:00:00-04:00,19.34000015258789,19.34000015258789,18.59000015258789,18.649999618530273,18.463960647583008,1573400,0.0,0.0
2024-04-16 00:00:00-04:00,18.610000610351562,18.739999771118164,18.360000610351562,18.700000762939453,18.51346206665039,1034600,0.0,0.0
2024-04-17 00:00:00-04:00,18.809999465942383,18.8700008392334,18.610000610351562,18.790000915527344,18.602563858032227,842400,0.0,0.0
2024-04-18 00:00:00-04:00,18.700000762939453,18.969999313354492,18.489999771118164,18.56999969482422,18.38475799560547,961100,0.0,0.0
2024-04-19 00:00:00-04:00,18.559999465942383,18.8700008392334,18.540000915527344,18.65999984741211,18.473859786987305,715500,0.0,0.0
2024-04-22 00:00:00-04:00,18.729999542236328,18.950000762939453,18.579999923706055,18.780000686645508,18.59266471862793,1463200,0.0,0.0
2024-04-23 00:00:00-04:00,18.780000686645508,19.110000610351562,18.780000686645508,18.940000534057617,18.751068115234375,753600,0.0,0.0
2024-04-24 00:00:00-04:00,18.899999618530273,18.979999542236328,18.690000534057617,18.700000762939453,18.51346206665039,1289400,0.0,0.0
2024-04-25 00:00:00-04:00,18.600000381469727,18.84000015258789,18.31999969482422,18.809999465942383,18.622364044189453,599400,0.0,0.0
2024-04-26 00:00:00-04:00,18.81999969482422,18.940000534057617,18.729999542236328,18.899999618530273,18.711463928222656,821700,0.0,0.0
2024-04-29 00:00:00-04:00,18.979999542236328,18.989999771118164,18.719999313354492,18.829999923706055,18.64216423034668,1202600,0.0,0.0
2024-04-30 00:00:00-04:00,18.739999771118164,18.989999771118164,18.420000076293945,18.420000076293945,18.23625373840332,957800,0.0,0.0
2024-05-01 00:00:00-04:00,18.420000076293945,18.950000762939453,18.350000381469727,18.469999313354492,18.28575325012207,1757000,0.0,0.0
2024-05-02 00:00:00-04:00,12.920000076293945,13.069999694824219,8.920000076293945,10.15999984741211,10.058650016784668,28189000,0.0,0.0
2024-05-03 00:00:00-04:00,10.229999542236328,10.380000114440918,9.149999618530273,9.40999984741211,9.316131591796875,24764700,0.0,0.0
2024-05-06 00:00:00-04:00,9.420000076293945,9.970000267028809,9.0600004196167,9.90999984741211,9.81114387512207,12025600,0.0,0.0
2024-05-07 00:00:00-04:00,10.329999923706055,10.640000343322754,10.1899995803833,10.229999542236328,10.127952575683594,8760400,0.0,0.0
2024-05-08 00:00:00-04:00,10.210000038146973,10.670000076293945,10.015000343322754,10.5600004196167,10.454660415649414,4032800,0.0,0.0
2024-05-09 00:00:00-04:00,11.359999656677246,11.699999809265137,11.09000015258789,11.579999923706055,11.464485168457031,4090600,0.0,0.0
2024-05-10 00:00:00-04:00,11.579999923706055,12.029999732971191,11.479999542236328,11.489999771118164,11.375383377075195,3355800,0.0,0.0
2024-05-13 00:00:00-04:00,11.609999656677246,12.420000076293945,11.595000267028809,12.279999732971191,12.157503128051758,4852000,0.0,0.0
2024-05-14 00:00:00-04:00,12.399999618530273,12.710000038146973,12.300000190734863,12.59000015258789,12.464411735534668,3348300,0.0,0.0
2024-05-15 00:00:00-04:00,12.850000381469727,12.949999809265137,12.520000457763672,12.770000457763672,12.64261531829834,2260000,0.0,0.0
2024-05-16 00:00:00-04:00,12.640000343322754,12.970000267028809,12.600000381469727,12.829999923706055,12.702016830444336,2339100,0.0,0.0
2024-05-17 00:00:00-04:00,12.869999885559082,12.90999984741211,12.510000228881836,12.520000457763672,12.395109176635742,1880200,0.0,0.0
2024-05-20 00:00:00-04:00,12.59000015258789,12.649999618530273,12.368000030517578,12.539999961853027,12.414909362792969,1573600,0.0,0.0
2024-05-21 00:00:00-04:00,12.619999885559082,12.779999732971191,12.369999885559082,12.4399995803833,12.31590747833252,1401100,0.0,0.0
2024-05-22 00:00:00-04:00,12.449999809265137,12.720000267028809,12.380000114440918,12.640000343322754,12.513912200927734,1838400,0.0,0.0
2024-05-23 00:00:00-04:00,12.600000381469727,12.680000305175781,12.050000190734863,12.109999656677246,11.989198684692383,1401800,0.0,0.0
2024-05-24 00:00:00-04:00,12.300000190734863,12.350000381469727,11.880000114440918,12.010000228881836,11.890195846557617,1610900,0.0,0.0
2024-05-28 00:00:00-04:00,12.079999923706055,12.109000205993652,11.5,11.619999885559082,11.5040864944458,1444500,0.0,0.0
2024-05-29 00:00:00-04:00,11.4399995803833,11.739999771118164,11.359999656677246,11.649999618530273,11.533787727355957,1146100,0.0,0.0
2024-05-30 00:00:00-04:00,11.819999694824219,12.390000343322754,11.8100004196167,12.119999885559082,11.999099731445312,1320400,0.0,0.0
2024-05-31 00:00:00-04:00,12.0600004196167,12.350000381469727,11.9399995803833,12.319999694824219,12.197103500366211,1518500,0.0,0.0
2024-06-03 00:00:00-04:00,12.260000228881836,12.609999656677246,12.13599967956543,12.4399995803833,12.31590747833252,1608100,0.0,0.0
2024-06-04 00:00:00-04:00,12.399999618530273,12.529999732971191,12.289999961853027,12.359999656677246,12.236705780029297,1546400,0.0,0.0
2024-06-05 00:00:00-04:00,12.359999656677246,12.574999809265137,12.1899995803833,12.510000228881836,12.385208129882812,1066700,0.0,0.0
2024-06-06 00:00:00-04:00,12.3100004196167,12.5600004196167,12.3100004196167,12.430000305175781,12.30600643157959,996100,0.0,0.0
2024-06-07 00:00:00-04:00,12.289999961853027,12.470000267028809,12.119999885559082,12.25,12.127801895141602,5242200,0.0,0.0
2024-06-10 00:00:00-04:00,12.09000015258789,12.180000305175781,11.680000305175781,12.020000457763672,11.900096893310547,2197800,0.0,0.0
2024-06-11 00:00:00-04:00,12.0,12.039999961853027,11.75,12.039999961853027,11.919897079467773,1164100,0.0,0.0
2024-06-12 00:00:00-04:00,12.34000015258789,12.489999771118164,12.03499984741211,12.239999771118164,12.117902755737305,1545200,0.0,0.0
2024-06-13 00:00:00-04:00,12.15999984741211,12.279999732971191,11.859999656677246,11.979999542236328,11.860495567321777,1889700,0.0,0.0
2024-06-14 00:00:00-04:00,11.8100004196167,11.949999809265137,11.4350004196167,11.699999809265137,11.617228507995605,3636600,0.035,0.0
2024-06-17 00:00:00-04:00,11.680000305175781,11.9399995803833,11.65999984741211,11.800000190734863,11.716522216796875,2976400,0.0,0.0
2024-06-18 00:00:00-04:00,11.729999542236328,11.895000457763672,11.5600004196167,11.680000305175781,11.597371101379395,1580000,0.0,0.0
2024-06-20 00:00:00-04:00,11.65999984741211,11.989999771118164,11.630000114440918,11.829999923706055,11.746308326721191,1820400,0.0,0.0
2024-06-21 00:00:00-04:00,11.850000381469727,12.079999923706055,11.770000457763672,12.050000190734863,11.964752197265625,3090300,0.0,0.0
2024-06-24 00:00:00-04:00,11.970000267028809,12.449999809265137,11.970000267028809,12.100000381469727,12.014399528503418,1644700,0.0,0.0
2024-06-25 00:00:00-04:00,12.09000015258789,12.119999885559082,11.899999618530273,11.949999809265137,11.865459442138672,823800,0.0,0.0
2024-06-26 00:00:00-04:00,11.880000114440918,12.220000267028809,11.880000114440918,12.199999809265137,12.113690376281738,725000,0.0,0.0
2024-06-27 00:00:00-04:00,12.170000076293945,12.234999656677246,12.0600004196167,12.119999885559082,12.034256935119629,659800,0.0,0.0
2024-06-28 00:00:00-04:00,12.109999656677246,12.265000343322754,12.010000228881836,12.229999542236328,12.143478393554688,3386900,0.0,0.0
2024-07-01 00:00:00-04:00,12.34000015258789,12.59000015258789,11.579999923706055,11.649999618530273,11.567582130432129,2343200,0.0,0.0
2024-07-02 00:00:00-04:00,11.699999809265137,11.970000267028809,11.375,11.449999809265137,11.368996620178223,1136600,0.0,0.0
2024-07-03 00:00:00-04:00,11.510000228881836,11.579999923706055,11.359999656677246,11.380000114440918,11.299491882324219,570800,0.0,0.0
2024-07-05 00:00:00-04:00,11.329999923706055,11.40999984741211,11.100000381469727,11.260000228881836,11.180341720581055,2198800,0.0,0.0
2024-07-08 00:00:00-04:00,11.369999885559082,11.569999694824219,11.270000457763672,11.510000228881836,11.428572654724121,935300,0.0,0.0
2024-07-09 00:00:00-04:00,11.5,12.470000267028809,11.5,12.25,12.163337707519531,4006300,0.0,0.0
2024-07-10 00:00:00-04:00,12.270000457763672,13.699999809265137,11.260000228881836,11.970000267028809,11.885319709777832,8270500,0.0,0.0
2024-07-11 00:00:00-04:00,12.069999694824219,12.510000228881836,11.789999961853027,12.329999923706055,12.242772102355957,2805100,0.0,0.0
2024-07-12 00:00:00-04:00,12.4399995803833,12.569999694824219,12.25,12.34000015258789,12.252700805664062,1208300,0.0,0.0
2024-07-15 00:00:00-04:00,12.329999923706055,12.420000076293945,12.225000381469727,12.34000015258789,12.252700805664062,1580300,0.0,0.0
2024-07-16 00:00:00-04:00,12.319999694824219,12.920000076293945,12.270000457763672,12.899999618530273,12.80873966217041,1819600,0.0,0.0
2024-07-17 00:00:00-04:00,12.8100004196167,13.0,12.359999656677246,12.399999618530273,12.312275886535645,1036400,0.0,0.0
2024-07-18 00:00:00-04:00,12.460000038146973,12.59000015258789,11.895000457763672,11.960000038146973,11.875389099121094,1208400,0.0,0.0
2024-07-19 00:00:00-04:00,12.0,12.609999656677246,11.720000267028809,12.510000228881836,12.42149829864502,1773000,0.0,0.0
2024-07-22 00:00:00-04:00,12.510000228881836,12.65999984741211,12.210000038146973,12.579999923706055,12.491003036499023,1594300,0.0,0.0
2024-07-23 00:00:00-04:00,12.5,12.779999732971191,12.479999542236328,12.5600004196167,12.471145629882812,1551100,0.0,0.0
2024-07-24 00:00:00-04:00,12.5600004196167,12.694999694824219,12.34000015258789,12.399999618530273,12.312275886535645,661400,0.0,0.0
2024-07-25 00:00:00-04:00,12.470000267028809,12.640000343322754,12.170000076293945,12.520000457763672,12.431427955627441,1867900,0.0,0.0
2024-07-26 00:00:00-04:00,12.970000267028809,12.970000267028809,12.335000038146973,12.470000267028809,12.381782531738281,1761800,0.0,0.0
2024-07-29 00:00:00-04:00,12.470000267028809,12.739999771118164,12.380000114440918,12.699999809265137,12.610154151916504,860900,0.0,0.0
2024-07-30 00:00:00-04:00,12.680000305175781,12.890000343322754,12.619999885559082,12.760000228881836,12.669730186462402,1073600,0.0,0.0
2024-07-31 00:00:00-04:00,12.859999656677246,13.210000038146973,12.630000114440918,12.970000267028809,12.878243446350098,1563000,0.0,0.0
2024-08-01 00:00:00-04:00,12.949999809265137,13.119999885559082,12.710000038146973,13.020000457763672,12.92789077758789,1653600,0.0,0.0
2024-08-02 00:00:00-04:00,12.880000114440918,12.920000076293945,12.529999732971191,12.569999694824219,12.481073379516602,1036200,0.0,0.0
2024-08-05 00:00:00-04:00,11.949999809265137,12.274999618530273,11.680000305175781,12.109999656677246,12.024328231811523,1039400,0.0,0.0
2024-08-06 00:00:00-04:00,12.010000228881836,12.539999961853027,12.0,12.5,12.411569595336914,1775800,0.0,0.0
2024-08-07 00:00:00-04:00,13.119999885559082,13.123000144958496,11.760000228881836,12.710000038146973,12.620083808898926,3139400,0.0,0.0
2024-08-08 00:00:00-04:00,12.270000457763672,13.0600004196167,11.699999809265137,12.770000457763672,12.679659843444824,3467600,0.0,0.0
2024-08-09 00:00:00-04:00,12.869999885559082,13.039999961853027,12.680000305175781,13.0,12.908031463623047,2152100,0.0,0.0
2024-08-12 00:00:00-04:00,13.010000228881836,13.289999961853027,12.5,12.59000015258789,12.500933647155762,2651500,0.0,0.0
2024-08-13 00:00:00-04:00,12.619999885559082,13.34000015258789,12.609999656677246,13.229999542236328,13.136404037475586,1470500,0.0,0.0
2024-08-14 00:00:00-04:00,13.199999809265137,13.279999732971191,12.859999656677246,13.020000457763672,12.92789077758789,1515300,0.0,0.0
2024-08-15 00:00:00-04:00,13.199999809265137,13.5,13.020000457763672,13.319999694824219,13.225768089294434,1107100,0.0,0.0
2024-08-16 00:00:00-04:00,13.270000457763672,13.359999656677246,13.010000228881836,13.09000015258789,12.997394561767578,999500,0.0,0.0
2024-08-19 00:00:00-04:00,13.079999923706055,13.390000343322754,12.970000267028809,13.3100004196167,13.215839385986328,1382200,0.0,0.0
2024-08-20 00:00:00-04:00,13.3100004196167,13.5600004196167,13.265000343322754,13.470000267028809,13.374707221984863,1072700,0.0,0.0
2024-08-21 00:00:00-04:00,13.489999771118164,13.579999923706055,13.300000190734863,13.430000305175781,13.334990501403809,1060300,0.0,0.0
2024-08-22 00:00:00-04:00,13.430000305175781,13.430000305175781,12.8100004196167,13.199999809265137,13.106616973876953,2917800,0.0,0.0
2024-08-23 00:00:00-04:00,13.1899995803833,13.885000228881836,13.039999961853027,13.8100004196167,13.712302207946777,2511200,0.0,0.0
2024-08-26 00:00:00-04:00,13.920000076293945,13.920000076293945,13.6899995803833,13.720000267028809,13.62293815612793,459700,0.0,0.0
2024-08-27 00:00:00-04:00,13.720000267028809,13.920000076293945,13.649999618530273,13.739999771118164,13.642796516418457,548000,0.0,0.0
2024-08-28 00:00:00-04:00,13.65999984741211,13.708000183105469,13.479999542236328,13.65999984741211,13.563362121582031,749000,0.0,0.0
2024-08-29 00:00:00-04:00,13.680000305175781,13.819999694824219,13.5600004196167,13.59000015258789,13.493857383728027,738700,0.0,0.0
2024-08-30 00:00:00-04:00,13.609999656677246,14.380000114440918,13.529999732971191,14.069999694824219,13.970460891723633,1688500,0.0,0.0
2024-09-03 00:00:00-04:00,13.789999961853027,14.130000114440918,13.789999961853027,13.979999542236328,13.881098747253418,1389200,0.0,0.0
2024-09-04 00:00:00-04:00,13.960000038146973,14.039999961853027,13.640000343322754,13.680000305175781,13.583221435546875,802600,0.0,0.0
2024-09-05 00:00:00-04:00,13.729999542236328,15.774999618530273,13.6899995803833,15.289999961853027,15.181830406188965,9869900,0.0,0.0
2024-09-06 00:00:00-04:00,15.3100004196167,15.609999656677246,14.319999694824219,14.430000305175781,14.32791519165039,6663900,0.0,0.0
2024-09-09 00:00:00-04:00,14.5,15.0,14.430000305175781,14.920000076293945,14.814448356628418,3894500,0.0,0.0
2024-09-10 00:00:00-04:00,14.979999542236328,15.107999801635742,14.6850004196167,14.710000038146973,14.605935096740723,2418600,0.0,0.0
2024-09-11 00:00:00-04:00,14.680000305175781,14.699999809265137,14.350000381469727,14.65999984741211,14.556288719177246,2488400,0.0,0.0
2024-09-12 00:00:00-04:00,14.720000267028809,15.109999656677246,14.704999923706055,14.880000114440918,14.774731636047363,2774400,0.0,0.0
2024-09-13 00:00:00-04:00,14.920000076293945,15.25,14.829999923706055,15.020000457763672,14.948904991149902,1877700,0.035,0.0
2024-09-16 00:00:00-04:00,14.979999542236328,15.170000076293945,14.9399995803833,14.989999771118164,14.919045448303223,1643300,0.0,0.0
2024-09-17 00:00:00-04:00,15.010000228881836,15.385000228881836,14.989999771118164,15.170000076293945,15.098194122314453,1485500,0.0,0.0
2024-09-18 00:00:00-04:00,15.119999885559082,15.319999694824219,14.890000343322754,15.1899995803833,15.118099212646484,2274100,0.0,0.0
2024-09-19 00:00:00-04:00,15.479999542236328,15.800000190734863,15.199999809265137,15.600000381469727,15.526158332824707,2773300,0.0,0.0
2024-09-20 00:00:00-04:00,15.510000228881836,15.975000381469727,15.40999984741211,15.710000038146973,15.635638236999512,8497200,0.0,0.0
2024-09-23 00:00:00-04:00,15.65999984741211,15.8100004196167,15.3100004196167,15.4399995803833,15.366915702819824,2362700,0.0,0.0
2024-09-24 00:00:00-04:00,15.5600004196167,15.869999885559082,15.510000228881836,15.680000305175781,15.605780601501465,1870400,0.0,0.0
2024-09-25 00:00:00-04:00,15.789999961853027,15.789999961853027,15.210000038146973,15.220000267028809,15.147957801818848,1903500,0.0,0.0
2024-09-26 00:00:00-04:00,15.399999618530273,15.479999542236328,15.149999618530273,15.319999694824219,15.24748420715332,2754600,0.0,0.0
2024-09-27 00:00:00-04:00,15.420000076293945,15.510000228881836,14.970000267028809,15.109999656677246,15.038477897644043,1559100,0.0,0.0
2024-09-30 00:00:00-04:00,15.199999809265137,15.25,14.710000038146973,14.899999618530273,14.829471588134766,1915100,0.0,0.0
2024-10-01 00:00:00-04:00,14.84000015258789,14.925000190734863,14.609999656677246,14.770000457763672,14.700087547302246,1486600,0.0,0.0
2024-10-02 00:00:00-04:00,14.789999961853027,15.024999618530273,14.65999984741211,14.829999923706055,14.75980281829834,1782500,0.0,0.0
2024-10-03 00:00:00-04:00,14.800000190734863,14.989999771118164,14.484999656677246,14.520000457763672,14.451271057128906,3493400,0.0,0.0
2024-10-04 00:00:00-04:00,13.800000190734863,14.90999984741211,13.5,14.800000190734863,14.72994613647461,6894800,0.0,0.0
2024-10-07 00:00:00-04:00,14.710000038146973,15.109999656677246,14.529999732971191,14.630000114440918,14.560750961303711,2289200,0.0,0.0
2024-10-08 00:00:00-04:00,14.65999984741211,14.90999984741211,14.539999961853027,14.75,14.680182456970215,1494700,0.0,0.0
2024-10-09 00:00:00-04:00,14.779999732971191,14.90999984741211,14.680000305175781,14.869999885559082,14.799613952636719,1716500,0.0,0.0
2024-10-10 00:00:00-04:00,14.859999656677246,14.979999542236328,14.619999885559082,14.760000228881836,14.69013500213623,1638200,0.0,0.0
2024-10-11 00:00:00-04:00,14.75,14.949999809265137,14.75,14.9399995803833,14.869281768798828,792100,0.0,0.0
2024-10-14 00:00:00-04:00,14.979999542236328,15.039999961853027,14.829999923706055,14.970000267028809,14.899141311645508,785000,0.0,0.0
2024-10-15 00:00:00-04:00,14.869999885559082,15.350000381469727,14.869999885559082,15.029999732971191,14.958855628967285,1401000,0.0,0.0
2024-10-16 00:00:00-04:00,15.079999923706055,15.15999984741211,14.975000381469727,15.109999656677246,15.038477897644043,738400,0.0,0.0
2024-10-17 00:00:00-04:00,15.079999923706055,15.3100004196167,15.010000228881836,15.239999771118164,15.167862892150879,755600,0.0,0.0
2024-10-18 00:00:00-04:00,15.260000228881836,15.40999984741211,15.1899995803833,15.229999542236328,15.157909393310547,1368100,0.0,0.0
2024-10-21 00:00:00-04:00,15.25,15.319999694824219,15.0,15.050000190734863,14.97876262664795,785800,0.0,0.0
2024-10-22 00:00:00-04:00,14.9399995803833,15.079999923706055,14.739999771118164,14.890000343322754,14.819519996643066,1008800,0.0,0.0
2024-10-23 00:00:00-04:00,14.850000381469727,14.899999618530273,14.239999771118164,14.350000381469727,14.282075881958008,1193400,0.0,0.0
2024-10-24 00:00:00-04:00,14.380000114440918,14.550000190734863,14.239999771118164,14.289999961853027,14.222358703613281,1093900,0.0,0.0
2024-10-25 00:00:00-04:00,14.359999656677246,14.359999656677246,13.920000076293945,13.989999771118164,13.923779487609863,1335300,0.0,0.0
2024-10-28 00:00:00-04:00,14.180000305175781,14.40999984741211,14.09000015258789,14.130000114440918,14.063117027282715,1114100,0.0,0.0
2024-10-29 00:00:00-04:00,14.020000457763672,14.1850004196167,13.949999809265137,14.100000381469727,14.033259391784668,925800,0.0,0.0
2024-10-30 00:00:00-04:00,14.09000015258789,14.289999961853027,13.9399995803833,13.970000267028809,13.903874397277832,809700,0.0,0.0
2024-10-31 00:00:00-04:00,13.930000305175781,13.9399995803833,13.449999809265137,13.520000457763672,13.456005096435547,1194300,0.0,0.0
2024-11-01 00:00:00-04:00,13.569999694824219,13.645000457763672,13.210000038146973,13.399999618530273,13.33657169342041,1779900,0.0,0.0
2024-11-04 00:00:00-05:00,13.430000305175781,13.579999923706055,13.210000038146973,13.25,13.18728256225586,892200,0.0,0.0
2024-11-05 00:00:00-05:00,13.239999771118164,13.600000381469727,13.220000267028809,13.489999771118164,13.426146507263184,900400,0.0,0.0
2024-11-06 00:00:00-05:00,14.329999923706055,14.460000038146973,13.854999542236328,14.149999618530273,14.08302116394043,1965100,0.0,0.0
2024-11-07 00:00:00-05:00,14.199999809265137,14.3100004196167,13.890000343322754,14.050000190734863,13.983495712280273,1370000,0.0,0.0
2024-11-08 00:00:00-05:00,14.100000381469727,14.390000343322754,14.0600004196167,14.119999885559082,14.053163528442383,1305800,0.0,0.0
2024-11-11 00:00:00-05:00,14.25,14.319999694824219,14.055000305175781,14.079999923706055,14.01335334777832,1381800,0.0,0.0
2024-11-12 00:00:00-05:00,13.949999809265137,14.210000038146973,13.9350004196167,14.09000015258789,14.023305892944336,895300,0.0,0.0
2024-11-13 00:00:00-05:00,14.270000457763672,14.444999694824219,13.979999542236328,14.350000381469727,14.282075881958008,1080700,0.0,0.0
2024-11-14 00:00:00-05:00,14.329999923706055,14.470000267028809,14.109999656677246,14.140000343322754,14.07306957244873,1868600,0.0,0.0
2024-11-15 00:00:00-05:00,14.140000343322754,14.319999694824219,13.720000267028809,13.859999656677246,13.794394493103027,1363500,0.0,0.0
2024-11-18 00:00:00-05:00,13.819999694824219,13.90999984741211,13.470000267028809,13.470000267028809,13.406241416931152,1041500,0.0,0.0
2024-11-19 00:00:00-05:00,13.329999923706055,13.5,13.279999732971191,13.40999984741211,13.346524238586426,1630600,0.0,0.0
2024-11-20 00:00:00-05:00,13.380000114440918,13.609999656677246,13.100000381469727,13.3100004196167,13.24699878692627,2813000,0.0,0.0
2024-11-21 00:00:00-05:00,13.289999961853027,15.694999694824219,13.260000228881836,15.619999885559082,15.546063423156738,5026500,0.0,0.0
2024-11-22 00:00:00-05:00,15.449999809265137,16.165000915527344,15.180000305175781,16.020000457763672,15.944170951843262,2815900,0.0,0.0
2024-11-25 00:00:00-05:00,16.260000228881836,16.6299991607666,16.079999923706055,16.309999465942383,16.232797622680664,3262100,0.0,0.0
2024-11-26 00:00:00-05:00,16.260000228881836,16.399999618530273,16.06999969482422,16.329999923706055,16.252702713012695,2523600,0.0,0.0
2024-11-27 00:00:00-05:00,16.309999465942383,16.530000686645508,16.06999969482422,16.18000030517578,16.10341453552246,1601300,0.0,0.0
2024-11-29 00:00:00-05:00,16.170000076293945,16.295000076293945,15.920000076293945,16.079999923706055,16.003887176513672,637000,0.0,0.0
2024-12-02 00:00:00-05:00,16.030000686645508,16.31999969482422,15.859999656677246,16.31999969482422,16.24275016784668,2168900,0.0,0.0
2024-12-03 00:00:00-05:00,16.25,16.434999465942383,16.139999389648438,16.389999389648438,16.312419891357422,1525100,0.0,0.0
2024-12-04 00:00:00-05:00,16.260000228881836,16.399999618530273,15.920000076293945,16.360000610351562,16.282562255859375,1286600,0.0,0.0
2024-12-05 00:00:00-05:00,16.450000762939453,16.450000762939453,16.1299991607666,16.299999237060547,16.222843170166016,1599200,0.0,0.0
2024-12-06 00:00:00-05:00,16.3799991607666,16.399999618530273,16.0,16.329999923706055,16.252702713012695,1329400,0.0,0.0
2024-12-09 00:00:00-05:00,16.479999542236328,16.559999465942383,15.960000038146973,16.299999237060547,16.222843170166016,1994900,0.0,0.0
2024-12-10 00:00:00-05:00,16.360000610351562,17.829999923706055,16.209999084472656,16.6200008392334,16.541332244873047,3495000,0.0,0.0
2024-12-11 00:00:00-05:00,16.549999237060547,16.61199951171875,16.049999237060547,16.479999542236328,16.401992797851562,2340100,0.0,0.0
2024-12-12 00:00:00-05:00,16.469999313354492,16.607999801635742,16.309999465942383,16.3799991607666,16.302465438842773,1346000,0.0,0.0
2024-12-13 00:00:00-05:00,16.420000076293945,16.420000076293945,16.040000915527344,16.049999237060547,16.00823402404785,1174000,0.035,0.0
2024-12-16 00:00:00-05:00,16.020000457763672,16.454999923706055,15.949999809265137,16.350000381469727,16.307453155517578,1945400,0.0,0.0
2024-12-17 00:00:00-05:00,16.170000076293945,16.34000015258789,15.989999771118164,16.110000610351562,16.068078994750977,2091700,0.0,0.0
2024-12-18 00:00:00-05:00,16.260000228881836,16.399999618530273,15.680000305175781,15.720000267028809,15.679093360900879,2508800,0.0,0.0
2024-12-19 00:00:00-05:00,15.75,15.859999656677246,15.1850004196167,15.59000015258789,15.549431800842285,3519600,0.0,0.0
2024-12-20 00:00:00-05:00,16.670000076293945,16.670000076293945,15.960000038146973,16.389999389648438,16.347349166870117,19981800,0.0,0.0
2024-12-23 00:00:00-05:00,16.329999923706055,16.360000610351562,15.619999885559082,15.84000015258789,15.798781394958496,1994400,0.0,0.0
2024-12-24 00:00:00-05:00,15.819999694824219,15.899999618530273,15.6899995803833,15.84000015258789,15.798781394958496,582300,0.0,0.0
2024-12-26 00:00:00-05:00,15.75,15.779999732971191,15.579999923706055,15.699999809265137,15.65914535522461,969100,0.0,0.0
2024-12-27 00:00:00-05:00,15.619999885559082,15.720000267028809,15.25,15.359999656677246,15.320029258728027,1265300,0.0,0.0
2024-12-30 00:00:00-05:00,15.109999656677246,15.319999694824219,14.960000038146973,15.260000228881836,15.220290184020996,1046200,0.0,0.0
2024-12-31 00:00:00-05:00,15.3100004196167,15.430000305175781,15.180000305175781,15.239999771118164,15.200342178344727,1207900,0.0,0.0
2025-01-02 00:00:00-05:00,15.40999984741211,15.40999984741211,15.199999809265137,15.300000190734863,15.260186195373535,1011100,0.0,0.0
2025-01-03 00:00:00-05:00,15.270000457763672,15.359999656677246,14.869999885559082,15.260000228881836,15.220290184020996,1361400,0.0,0.0
2025-01-06 00:00:00-05:00,15.329999923706055,16.260000228881836,15.329999923706055,16.15999984741211,16.117948532104492,3040700,0.0,0.0
2025-01-07 00:00:00-05:00,16.5,16.68000030517578,16.030000686645508,16.450000762939453,16.407194137573242,2256000,0.0,0.0
2025-01-08 00:00:00-05:00,16.420000076293945,16.420000076293945,15.960000038146973,16.34000015258789,16.2974796295166,1566300,0.0,0.0
2025-01-10 00:00:00-05:00,16.09000015258789,16.110000610351562,15.699999809265137,15.970000267028809,15.92844295501709,928600,0.0,0.0
2025-01-13 00:00:00-05:00,15.720000267028809,16.079999923706055,15.680000305175781,16.030000686645508,15.988286972045898,882900,0.0,0.0
2025-01-14 00:00:00-05:00,16.1200008392334,16.290000915527344,15.9399995803833,16.149999618530273,16.107973098754883,821500,0.0,0.0
2025-01-15 00:00:00-05:00,16.5,16.5,16.05500030517578,16.280000686645508,16.23763656616211,863200,0.0,0.0
2025-01-16 00:00:00-05:00,16.280000686645508,16.489999771118164,16.170000076293945,16.450000762939453,16.407194137573242,603400,0.0,0.0
2025-01-17 00:00:00-05:00,16.559999465942383,16.559999465942383,16.06999969482422,16.209999084472656,16.167816162109375,803600,0.0,0.0
2025-01-21 00:00:00-05:00,16.3799991607666,16.469999313354492,16.25,16.31999969482422,16.277530670166016,779800,0.0,0.0
2025-01-22 00:00:00-05:00,16.260000228881836,16.389999389648438,16.139999389648438,16.309999465942383,16.26755714416504,674900,0.0,0.0
2025-01-23 00:00:00-05:00,16.270000457763672,16.329999923706055,16.094999313354492,16.239999771118164,16.19774055480957,679100,0.0,0.0
2025-01-24 00:00:00-05:00,16.079999923706055,16.389999389648438,16.030000686645508,16.100000381469727,16.05810546875,660900,0.0,0.0
2025-01-27 00:00:00-05:00,15.899999618530273,16.229999542236328,15.779999732971191,15.989999771118164,15.948390007019043,569400,0.0,0.0
2025-01-28 00:00:00-05:00,16.049999237060547,16.229999542236328,15.960000038146973,16.030000686645508,15.988286972045898,614100,0.0,0.0
2025-01-29 00:00:00-05:00,15.970000267028809,16.010000228881836,15.59000015258789,15.670000076293945,15.629222869873047,921000,0.0,0.0
2025-01-30 00:00:00-05:00,15.819999694824219,16.1299991607666,15.789999961853027,15.84000015258789,15.798781394958496,1485000,0.0,0.0
2025-01-31 00:00:00-05:00,14.079999923706055,14.489999771118164,13.300000190734863,13.979999542236328,13.943620681762695,6184600,0.0,0.0
2025-02-03 00:00:00-05:00,14.020000457763672,14.130000114440918,13.380000114440918,13.850000381469727,13.813960075378418,3034000,0.0,0.0
2025-02-04 00:00:00-05:00,13.739999771118164,13.800000190734863,13.520000457763672,13.65999984741211,13.6244535446167,2677100,0.0,0.0
2025-02-05 00:00:00-05:00,13.800000190734863,13.800000190734863,13.520000457763672,13.569999694824219,13.534687995910645,1753500,0.0,0.0
2025-02-06 00:00:00-05:00,13.520000457763672,13.770000457763672,13.5,13.75,13.714219093322754,1183600,0.0,0.0
2025-02-07 00:00:00-05:00,13.850000381469727,13.899999618530273,13.479999542236328,13.760000228881836,13.724193572998047,1510000,0.0,0.0
2025-02-10 00:00:00-05:00,13.770000457763672,13.904999732971191,13.59000015258789,13.8100004196167,13.774064064025879,1066300,0.0,0.0
2025-02-11 00:00:00-05:00,13.770000457763672,13.78499984741211,13.539999961853027,13.760000228881836,13.724193572998047,1335200,0.0,0.0
2025-02-12 00:00:00-05:00,13.59000015258789,13.760000228881836,13.5,13.739999771118164,13.704245567321777,716200,0.0,0.0
2025-02-13 00:00:00-05:00,13.720000267028809,13.8100004196167,13.5600004196167,13.729999542236328,13.694271087646484,676500,0.0,0.0
2025-02-14 00:00:00-05:00,13.710000038146973,13.850000381469727,13.645000457763672,13.6899995803833,13.654375076293945,590900,0.0,0.0
2025-02-18 00:00:00-05:00,13.670000076293945,13.760000228881836,13.460000038146973,13.539999961853027,13.504765510559082,840500,0.0,0.0
2025-02-19 00:00:00-05:00,13.550000190734863,13.739999771118164,13.430000305175781,13.640000343322754,13.604506492614746,794600,0.0,0.0
2025-02-20 00:00:00-05:00,13.6899995803833,13.760000228881836,13.430000305175781,13.449999809265137,13.414999961853027,679200,0.0,0.0
2025-02-21 00:00:00-05:00,13.40999984741211,13.458999633789062,12.920000076293945,13.039999961853027,13.039999961853027,980400,0.035,0.0
2025-02-24 00:00:00-05:00,13.0600004196167,13.145000457763672,12.819999694824219,13.050000190734863,13.050000190734863,1301400,0.0,0.0
2025-02-25 00:00:00-05:00,12.890000343322754,13.149999618530273,12.604999542236328,12.84000015258789,12.84000015258789,1808000,0.0,0.0
2025-02-26 00:00:00-05:00,12.850000381469727,12.949999809265137,12.175000190734863,12.359999656677246,12.359999656677246,1840900,0.0,0.0
2025-02-27 00:00:00-05:00,12.369999885559082,12.529999732971191,11.899999618530273,11.930000305175781,11.930000305175781,1031900,0.0,0.0
2025-02-28 00:00:00-05:00,11.890000343322754,12.09000015258789,11.710000038146973,11.850000381469727,11.850000381469727,1657500,0.0,0.0
2025-03-03 00:00:00-05:00,11.850000381469727,11.96500015258789,11.50100040435791,11.59000015258789,11.59000015258789,1457400,0.0,0.0
2025-03-04 00:00:00-05:00,11.449999809265137,11.479999542236328,10.899999618530273,11.050000190734863,11.050000190734863,1820100,0.0,0.0
2025-03-05 00:00:00-05:00,11.020000457763672,11.319999694824219,10.930000305175781,11.289999961853027,11.289999961853027,2392000,0.0,0.0
2025-03-06 00:00:00-05:00,11.289999961853027,11.470000267028809,11.170000076293945,11.40999984741211,11.40999984741211,1966700,0.0,0.0
2025-03-07 00:00:00-05:00,11.350000381469727,11.579999923706055,11.260000228881836,11.350000381469727,11.350000381469727,2403600,0.0,0.0
2025-03-10 00:00:00-04:00,11.229999542236328,11.319999694824219,10.774999618530273,10.84000015258789,10.84000015258789,2231000,0.0,0.0
2025-03-11 00:00:00-04:00,10.869999885559082,11.095000267028809,10.6899995803833,10.960000038146973,10.960000038146973,2778800,0.0,0.0
2025-03-12 00:00:00-04:00,11.039999961853027,11.039999961853027,10.739999771118164,10.930000305175781,10.930000305175781,1610400,0.0,0.0
2025-03-13 00:00:00-04:00,10.880000114440918,11.010000228881836,10.550000190734863,10.649999618530273,10.649999618530273,1851300,0.0,0.0
2025-03-14 00:00:00-04:00,10.800000190734863,11.0,10.649999618530273,10.8100004196167,10.8100004196167,1751100,0.0,0.0
2025-03-17 00:00:00-04:00,10.789999961853027,11.225000381469727,10.789999961853027,11.020000457763672,11.020000457763672,2113100,0.0,0.0
2025-03-18 00:00:00-04:00,10.949999809265137,11.010000228881836,10.859999656677246,10.920000076293945,10.920000076293945,1441100,0.0,0.0
2025-03-19 00:00:00-04:00,10.369999885559082,10.649999618530273,9.550000190734863,10.369999885559082,10.369999885559082,7167800,0.0,0.0
2025-03-20 00:00:00-04:00,10.239999771118164,10.470000267028809,10.130000114440918,10.149999618530273,10.149999618530273,3561400,0.0,0.0
2025-03-21 00:00:00-04:00,10.170000076293945,10.170000076293945,9.850000381469727,10.0,10.0,16974000,0.0,0.0
2025-03-24 00:00:00-04:00,10.1899995803833,10.34000015258789,10.069999694824219,10.319999694824219,10.319999694824219,3108300,0.0,0.0
2025-03-25 00:00:00-04:00,10.350000381469727,10.510000228881836,10.119999885559082,10.119999885559082,10.119999885559082,3060200,0.0,0.0
2025-03-26 00:00:00-04:00,10.220000267028809,10.380000114440918,10.09000015258789,10.329999923706055,10.329999923706055,2542000,0.0,0.0
2025-03-27 00:00:00-04:00,10.3100004196167,10.520000457763672,10.175000190734863,10.220000267028809,10.220000267028809,1935000,0.0,0.0
2025-03-28 00:00:00-04:00,10.239999771118164,10.239999771118164,9.899999618530273,10.069999694824219,10.069999694824219,1729100,0.0,0.0
2025-03-31 00:00:00-04:00,9.960000038146973,10.050000190734863,9.767999649047852,9.899999618530273,9.899999618530273,1344100,0.0,0.0
2025-04-01 00:00:00-04:00,9.800000190734863,9.800000190734863,9.494999885559082,9.609999656677246,9.609999656677246,1721500,0.0,0.0
2025-04-02 00:00:00-04:00,9.619999885559082,10.039999961853027,9.510000228881836,9.989999771118164,9.989999771118164,2232100,0.0,0.0
2025-04-03 00:00:00-04:00,9.449999809265137,9.699999809265137,9.010000228881836,9.039999961853027,9.039999961853027,4222500,0.0,0.0
2025-04-04 00:00:00-04:00,8.760000228881836,8.920000076293945,7.885000228881836,7.980000019073486,7.980000019073486,4097100,0.0,0.0
2025-04-07 00:00:00-04:00,7.670000076293945,8.380000114440918,7.369999885559082,7.809999942779541,7.809999942779541,3182100,0.0,0.0
2025-04-08 00:00:00-04:00,8.0600004196167,8.149999618530273,7.440000057220459,7.539999961853027,7.539999961853027,4564600,0.0,0.0
2025-04-09 00:00:00-04:00,7.519999980926514,8.65999984741211,7.440000057220459,8.59000015258789,8.59000015258789,2871400,0.0,0.0
2025-04-10 00:00:00-04:00,8.420000076293945,8.420000076293945,7.760000228881836,7.889999866485596,7.889999866485596,2210900,0.0,0.0
2025-04-11 00:00:00-04:00,7.909999847412109,7.909999847412109,7.664999961853027,7.869999885559082,7.869999885559082,1785900,0.0,0.0
2025-04-14 00:00:00-04:00,8.010000228881836,8.15999984741211,7.800000190734863,7.980000019073486,7.980000019073486,1868400,0.0,0.0
2025-04-15 00:00:00-04:00,7.909999847412109,8.140000343322754,7.739999771118164,7.760000228881836,7.760000228881836,1611200,0.0,0.0
2025-04-16 00:00:00-04:00,7.639999866485596,7.755000114440918,7.380000114440918,7.440000057220459,7.440000057220459,1303300,0.0,0.0
2025-04-17 00:00:00-04:00,7.349999904632568,7.704999923706055,7.349999904632568,7.650000095367432,7.650000095367432,1649600,0.0,0.0
2025-04-21 00:00:00-04:00,7.510000228881836,7.809999942779541,7.369999885559082,7.760000228881836,7.760000228881836,1633400,0.0,0.0
2025-04-22 00:00:00-04:00,7.860000133514404,8.029999732971191,7.724999904632568,8.029999732971191,8.029999732971191,1790700,0.0,0.0
2025-04-23 00:00:00-04:00,8.350000381469727,8.619999885559082,8.225000381469727,8.300000190734863,8.300000190734863,1776100,0.0,0.0
2025-04-24 00:00:00-04:00,8.319999694824219,8.819999694824219,8.279999732971191,8.819999694824219,8.819999694824219,1436900,0.0,0.0
2025-04-25 00:00:00-04:00,8.800000190734863,8.824999809265137,8.625,8.800000190734863,8.800000190734863,1051100,0.0,0.0
2025-04-28 00:00:00-04:00,8.84000015258789,9.050000190734863,8.8100004196167,8.829999923706055,8.829999923706055,1395800,0.0,0.0
2025-04-29 00:00:00-04:00,8.789999961853027,8.949999809265137,8.774999618530273,8.9399995803833,8.9399995803833,1029400,0.0,0.0
2025-04-30 00:00:00-04:00,8.760000228881836,8.835000038146973,8.5600004196167,8.760000228881836,8.760000228881836,1199600,0.0,0.0
2025-05-01 00:00:00-04:00,8.829999923706055,8.899999618530273,8.663000106811523,8.699999809265137,8.699999809265137,1023400,0.0,0.0
2025-05-02 00:00:00-04:00,8.90999984741211,8.979999542236328,8.800000190734863,8.979999542236328,8.979999542236328,1474000,0.0,0.0
2025-05-05 00:00:00-04:00,8.890000343322754,9.010000228881836,8.8100004196167,8.880000114440918,8.880000114440918,1100400,0.0,0.0
2025-05-06 00:00:00-04:00,8.899999618530273,8.960000038146973,8.600000381469727,8.710000038146973,8.710000038146973,2916300,0.0,0.0
2025-05-07 00:00:00-04:00,5.440000057220459,5.869999885559082,5.199999809265137,5.440000057220459,5.440000057220459,14003600,0.0,0.0
2025-05-08 00:00:00-04:00,5.5,6.329999923706055,5.5,6.269999980926514,6.269999980926514,12040000,0.0,0.0
2025-05-09 00:00:00-04:00,6.260000228881836,6.760000228881836,6.119999885559082,6.289999961853027,6.289999961853027,7474600,0.0,0.0
2025-05-12 00:00:00-04:00,6.769999980926514,7.079999923706055,6.340000152587891,6.550000190734863,6.550000190734863,4136800,0.0,0.0
2025-05-13 00:00:00-04:00,6.849999904632568,6.934999942779541,6.375,6.420000076293945,6.420000076293945,4168000,0.0,0.0
2025-05-14 00:00:00-04:00,6.309999942779541,6.360000133514404,6.070000171661377,6.099999904632568,6.099999904632568,2166000,0.0,0.0
2025-05-15 00:00:00-04:00,6.0,6.264999866485596,5.980000019073486,6.199999809265137,6.199999809265137,1765200,0.0,0.0
2025-05-16 00:00:00-04:00,6.230000019073486,6.335000038146973,6.125,6.179999828338623,6.179999828338623,1939800,0.0,0.0
2025-05-19 00:00:00-04:00,6.065000057220459,6.099999904632568,5.909999847412109,6.019999980926514,6.019999980926514,1740300,0.0,0.0
2025-05-20 00:00:00-04:00,6.019999980926514,6.045000076293945,5.849999904632568,5.909999847412109,5.909999847412109,1948800,0.0,0.0
2025-05-21 00:00:00-04:00,5.789999961853027,5.880000114440918,5.570000171661377,5.590000152587891,5.590000152587891,3120800,0.0,0.0
2025-05-22 00:00:00-04:00,5.519999980926514,5.864999771118164,5.519999980926514,5.75,5.75,2545900,0.0,0.0
2025-05-23 00:00:00-04:00,5.559999942779541,6.0,5.559999942779541,5.980000019073486,5.980000019073486,2791500,0.0,0.0
2025-05-27 00:00:00-04:00,6.099999904632568,6.119999885559082,5.949999809265137,6.119999885559082,6.119999885559082,2821900,0.0,0.0
2025-05-28 00:00:00-04:00,6.159999847412109,6.23799991607666,5.989999771118164,6.039999961853027,6.039999961853027,2119700,0.0,0.0
2025-05-29 00:00:00-04:00,6.53000020980835,6.539999961853027,6.045000076293945,6.199999809265137,6.199999809265137,3400800,0.0,0.0
2025-05-30 00:00:00-04:00,6.179999828338623,6.255000114440918,6.059999942779541,6.159999847412109,6.159999847412109,1997500,0.0,0.0
2025-06-02 00:00:00-04:00,6.090000152587891,6.349999904632568,5.934999942779541,6.329999923706055,6.329999923706055,3625200,0.0,0.0
2025-06-03 00:00:00-04:00,6.309999942779541,6.559999942779541,6.289999961853027,6.389999866485596,6.389999866485596,2049800,0.0,0.0
2025-06-04 00:00:00-04:00,6.420000076293945,6.514999866485596,6.289999961853027,6.300000190734863,6.300000190734863,2456700,0.0,0.0
2025-06-05 00:00:00-04:00,6.289999961853027,6.349999904632568,6.125,6.179999828338623,6.179999828338623,1611000,0.0,0.0
2025-06-06 00:00:00-04:00,6.28000020980835,6.385000228881836,6.215000152587891,6.289999961853027,6.289999961853027,1210300,0.0,0.0
2025-06-09 00:00:00-04:00,6.360000133514404,6.425000190734863,6.289999961853027,6.380000114440918,6.380000114440918,2588100,0.0,0.0
2025-06-10 00:00:00-04:00,6.429999828338623,6.474999904632568,6.170000076293945,6.170000076293945,6.170000076293945,1808100,0.0,0.0
2025-06-11 00:00:00-04:00,6.199999809265137,6.320000171661377,6.159999847412109,6.170000076293945,6.170000076293945,1376300,0.0,0.0
2025-06-12 00:00:00-04:00,6.099999904632568,6.235000133514404,6.019999980926514,6.159999847412109,6.159999847412109,1519700,0.0,0.0
2025-06-13 00:00:00-04:00,6.099999904632568,6.130000114440918,5.840000152587891,5.849999904632568,5.849999904632568,1232800,0.0,0.0
2025-06-16 00:00:00-04:00,5.920000076293945,5.960000038146973,5.800000190734863,5.820000171661377,5.820000171661377,1936600,0.0,0.0
2025-06-17 00:00:00-04:00,5.739999771118164,5.900000095367432,5.724999904632568,5.789999961853027,5.789999961853027,1948700,0.0,0.0
2025-06-18 00:00:00-04:00,5.760000228881836,6.03000020980835,5.7210001945495605,5.820000171661377,5.820000171661377,1961700,0.0,0.0
2025-06-20 00:00:00-04:00,5.960000038146973,5.989999771118164,5.699999809265137,5.71999979019165,5.71999979019165,2589600,0.0,0.0
2025-06-23 00:00:00-04:00,5.690000057220459,5.835000038146973,5.619999885559082,5.809999942779541,5.809999942779541,1958400,0.0,0.0
2025-06-24 00:00:00-04:00,5.869999885559082,6.079999923706055,5.869999885559082,6.070000171661377,6.070000171661377,2396100,0.0,0.0
2025-06-25 00:00:00-04:00,6.090000152587891,6.090000152587891,5.965000152587891,6.050000190734863,6.050000190734863,1628900,0.0,0.0
2025-06-26 00:00:00-04:00,6.130000114440918,6.260000228881836,6.079999923706055,6.159999847412109,6.159999847412109,2070400,0.0,0.0
2025-06-27 00:00:00-04:00,6.170000076293945,6.210000038146973,6.050000190734863,6.110000133514404,6.110000133514404,18522500,0.0,0.0
2025-06-30 00:00:00-04:00,6.119999885559082,6.119999885559082,5.670000076293945,5.730000019073486,5.730000019073486,2831200,0.0,0.0
2025-07-01 00:00:00-04:00,5.639999866485596,6.159999847412109,5.559999942779541,6.079999923706055,6.079999923706055,2579300,0.0,0.0
2025-07-02 00:00:00-04:00,6.010000228881836,6.175000190734863,5.889999866485596,6.139999866485596,6.139999866485596,2405300,0.0,0.0
2025-07-03 00:00:00-04:00,6.21999979019165,6.224999904632568,6.059999942779541,6.150000095367432,6.150000095367432,3733600,0.0,0.0
2025-07-07 00:00:00-04:00,6.070000171661377,6.150000095367432,5.869999885559082,5.869999885559082,5.869999885559082,2677000,0.0,0.0
2025-07-08 00:00:00-04:00,5.900000095367432,6.21999979019165,5.889999866485596,6.039999961853027,6.039999961853027,2369300,0.0,0.0
2025-07-09 00:00:00-04:00,6.059999942779541,6.199999809265137,6.034999847412109,6.130000114440918,6.130000114440918,1669400,0.0,0.0
2025-07-10 00:00:00-04:00,6.190000057220459,6.360000133514404,6.059999942779541,6.21999979019165,6.21999979019165,2592800,0.0,0.0
2025-07-11 00:00:00-04:00,6.139999866485596,6.15500020980835,6.020999908447266,6.139999866485596,6.139999866485596,1820900,0.0,0.0
2025-07-14 00:00:00-04:00,5.949999809265137,6.059999942779541,5.84499979019165,5.940000057220459,5.940000057220459,3063100,0.0,0.0
2025-07-15 00:00:00-04:00,6.019999980926514,6.159999847412109,5.940000057220459,5.989999771118164,5.989999771118164,2127100,0.0,0.0
2025-07-16 00:00:00-04:00,6.059999942779541,6.090000152587891,5.752999782562256,6.0,6.0,1588200,0.0,0.0
2025-07-17 00:00:00-04:00,6.0,6.34499979019165,6.0,6.300000190734863,6.300000190734863,1725100,0.0,0.0
2025-07-18 00:00:00-04:00,6.340000152587891,6.409999847412109,6.130000114440918,6.199999809265137,6.199999809265137,2002900,0.0,0.0
2025-07-21 00:00:00-04:00,6.260000228881836,6.289999961853027,5.965000152587891,5.980000019073486,5.980000019073486,1308200,0.0,0.0
2025-07-22 00:00:00-04:00,6.019999980926514,6.296999931335449,5.960999965667725,6.190000057220459,6.190000057220459,1812600,0.0,0.0
2025-07-23 00:00:00-04:00,6.289999961853027,6.519999980926514,6.210000038146973,6.5,6.5,1935500,0.0,0.0
2025-07-24 00:00:00-04:00,6.429999828338623,6.554999828338623,6.34499979019165,6.380000114440918,6.380000114440918,1755700,0.0,0.0
2025-07-25 00:00:00-04:00,6.429999828338623,6.429999828338623,6.260000228881836,6.380000114440918,6.380000114440918,1051100,0.0,0.0
2025-07-28 00:00:00-04:00,6.340000152587891,6.554999828338623,6.284999847412109,6.420000076293945,6.420000076293945,1112900,0.0,0.0
2025-07-29 00:00:00-04:00,6.480000019073486,6.53000020980835,6.275000095367432,6.340000152587891,6.340000152587891,1436100,0.0,0.0
2025-07-30 00:00:00-04:00,6.369999885559082,6.380000114440918,6.039999961853027,6.110000133514404,6.110000133514404,1645400,0.0,0.0
2025-07-31 00:00:00-04:00,6.03000020980835,6.130000114440918,5.940000057220459,6.059999942779541,6.059999942779541,1308100,0.0,0.0
2025-08-01 00:00:00-04:00,6.010000228881836,6.070000171661377,5.71999979019165,5.730000019073486,5.730000019073486,1760400,0.0,0.0
2025-08-04 00:00:00-04:00,5.78000020980835,6.019999980926514,5.75,5.960000038146973,5.960000038146973,1284600,0.0,0.0
2025-08-05 00:00:00-04:00,5.960000038146973,6.070000171661377,5.860000133514404,5.989999771118164,5.989999771118164,1741800,0.0,0.0
2025-08-06 00:00:00-04:00,5.849999904632568,5.900000095367432,5.380000114440918,5.639999866485596,5.639999866485596,4024500,0.0,0.0
2025-08-07 00:00:00-04:00,5.75,5.769999980926514,5.099999904632568,5.190000057220459,5.190000057220459,2987300,0.0,0.0
2025-08-08 00:00:00-04:00,5.199999809265137,5.26200008392334,4.809999942779541,4.829999923706055,4.829999923706055,3354400,0.0,0.0
2025-08-11 00:00:00-04:00,4.789999961853027,4.880000114440918,4.380000114440918,4.440000057220459,4.440000057220459,4409100,0.0,0.0
2025-08-12 00:00:00-04:00,4.5,4.559999942779541,4.320000171661377,4.360000133514404,4.360000133514404,2759200,0.0,0.0
2025-08-13 00:00:00-04:00,4.360000133514404,4.699999809265137,4.360000133514404,4.639999866485596,4.639999866485596,3155200,0.0,0.0
2025-08-14 00:00:00-04:00,4.539999961853027,4.619999885559082,4.414999961853027,4.610000133514404,4.610000133514404,2273100,0.0,0.0
2025-08-15 00:00:00-04:00,4.670000076293945,4.755000114440918,4.574999809265137,4.679999828338623,4.679999828338623,2526400,0.0,0.0
2025-08-18 00:00:00-04:00,4.730000019073486,4.980000019073486,4.65500020980835,4.889999866485596,4.889999866485596,2517300,0.0,0.0
2025-08-19 00:00:00-04:00,4.929999828338623,5.045000076293945,4.71999979019165,4.730000019073486,4.730000019073486,1626400,0.0,0.0
2025-08-20 00:00:00-04:00,4.760000228881836,4.889999866485596,4.730000019073486,4.840000152587891,4.840000152587891,1969600,0.0,0.0
2025-08-21 00:00:00-04:00,4.760000228881836,4.800000190734863,4.659999847412109,4.690000057220459,4.690000057220459,1416000,0.0,0.0
2025-08-22 00:00:00-04:00,4.710000038146973,5.039999961853027,4.710000038146973,4.78000020980835,4.78000020980835,2380300,0.0,0.0
2025-08-25 00:00:00-04:00,4.769999980926514,4.820000171661377,4.570000171661377,4.579999923706055,4.579999923706055,1442600,0.0,0.0
2025-08-26 00:00:00-04:00,4.550000190734863,4.639999866485596,4.480000019073486,4.539999961853027,4.539999961853027,1530300,0.0,0.0
2025-08-27 00:00:00-04:00,4.519999980926514,4.625,4.460000038146973,4.599999904632568,4.599999904632568,1090600,0.0,0.0
2025-08-28 00:00:00-04:00,4.639999866485596,4.664999961853027,4.46999979019165,4.619999885559082,4.619999885559082,1243300,0.0,0.0
2025-08-29 00:00:00-04:00,4.599999904632568,4.699999809265137,4.574999809265137,4.679999828338623,4.679999828338623,1136400,0.0,0.0
2025-09-02 00:00:00-04:00,4.610000133514404,4.670000076293945,4.440000057220459,4.5,4.5,1390300,0.0,0.0
2025-09-03 00:00:00-04:00,4.449999809265137,4.545000076293945,4.315000057220459,4.360000133514404,4.360000133514404,1265400,0.0,0.0
2025-09-04 00:00:00-04:00,4.349999904632568,4.510000228881836,4.340000152587891,4.510000228881836,4.510000228881836,1246400,0.0,0.0
2025-09-05 00:00:00-04:00,4.519999980926514,4.789999961853027,4.510000228881836,4.559999942779541,4.559999942779541,1684800,0.0,0.0
2025-09-08 00:00:00-04:00,4.570000171661377,4.570000171661377,4.203000068664551,4.260000228881836,4.260000228881836,2147200,0.0,0.0
2025-09-09 00:00:00-04:00,4.21999979019165,4.300000190734863,4.164999961853027,4.179999828338623,4.179999828338623,1949100,0.0,0.0
2025-09-10 00:00:00-04:00,4.170000076293945,4.21999979019165,3.9800000190734863,4.070000171661377,4.070000171661377,1803300,0.0,0.0
2025-09-11 00:00:00-04:00,4.070000171661377,4.369999885559082,4.039999961853027,4.360000133514404,4.360000133514404,1866400,0.0,0.0
2025-09-12 00:00:00-04:00,4.309999942779541,4.348999977111816,4.184999942779541,4.199999809265137,4.199999809265137,1653400,0.0,0.0
2025-09-15 00:00:00-04:00,4.260000228881836,4.260000228881836,4.125,4.210000038146973,4.210000038146973,1299800,0.0,0.0
2025-09-16 00:00:00-04:00,4.199999809265137,4.239999771118164,4.050000190734863,4.110000133514404,4.110000133514404,1328500,0.0,0.0
2025-09-17 00:00:00-04:00,4.099999904632568,4.269999980926514,4.034999847412109,4.059999942779541,4.059999942779541,2749700,0.0,0.0
2025-09-18 00:00:00-04:00,4.170000076293945,4.190000057220459,4.039999961853027,4.150000095367432,4.150000095367432,1897000,0.0,0.0
2025-09-19 00:00:00-04:00,4.199999809265137,4.199999809265137,4.059999942779541,4.150000095367432,4.150000095367432,4004600,0.0,0.0
2025-09-22 00:00:00-04:00,4.070000171661377,4.159999847412109,4.019000053405762,4.079999923706055,4.079999923706055,2736700,0.0,0.0
2025-09-23 00:00:00-04:00,4.079999923706055,4.195000171661377,4.059999942779541,4.079999923706055,4.079999923706055,2936500,0.0,0.0
2025-09-24 00:00:00-04:00,4.019999980926514,4.235000133514404,4.019999980926514,4.179999828338623,4.179999828338623,1498300,0.0,0.0
2025-09-25 00:00:00-04:00,4.150000095367432,4.230000019073486,4.085000038146973,4.199999809265137,4.199999809265137,2449000,0.0,0.0
2025-09-26 00:00:00-04:00,4.190000057220459,4.380000114440918,4.150000095367432,4.340000152587891,4.340000152587891,1583000,0.0,0.0
2025-09-29 00:00:00-04:00,4.349999904632568,4.429999828338623,4.230000019073486,4.420000076293945,4.420000076293945,2996500,0.0,0.0
2025-09-30 00:00:00-04:00,4.400000095367432,4.534999847412109,4.385000228881836,4.53000020980835,4.53000020980835,1915400,0.0,0.0
2025-10-01 00:00:00-04:00,4.460000038146973,5.010000228881836,4.449999809265137,4.929999828338623,4.929999828338623,5050200,0.0,0.0
2025-10-02 00:00:00-04:00,4.840000152587891,5.03000020980835,4.78000020980835,4.860000133514404,4.860000133514404,2745400,0.0,0.0
2025-10-03 00:00:00-04:00,4.909999847412109,5.105000019073486,4.880000114440918,5.050000190734863,5.050000190734863,2058500,0.0,0.0
2025-10-06 00:00:00-04:00,5.059999942779541,5.119999885559082,4.880000114440918,5.019999980926514,5.019999980926514,2686900,0.0,0.0
2025-10-07 00:00:00-04:00,5.010000228881836,5.125,4.954999923706055,5.070000171661377,5.070000171661377,3447600,0.0,0.0
2025-10-08 00:00:00-04:00,5.099999904632568,5.164999961853027,5.0,5.070000171661377,5.070000171661377,1628200,0.0,0.0
2025-10-09 00:00:00-04:00,5.050000190734863,5.099999904632568,4.985000133514404,4.989999771118164,4.989999771118164,2116600,0.0,0.0
2025-10-10 00:00:00-04:00,4.989999771118164,5.050000190734863,4.809999942779541,4.820000171661377,4.820000171661377,2356000,0.0,0.0
2025-10-13 00:00:00-04:00,4.840000152587891,4.920000076293945,4.610000133514404,4.619999885559082,4.619999885559082,1901300,0.0,0.0
2025-10-14 00:00:00-04:00,4.559999942779541,4.949999809265137,4.5,4.869999885559082,4.869999885559082,2061400,0.0,0.0
2025-10-15 00:00:00-04:00,4.869999885559082,4.920000076293945,4.710000038146973,4.769999980926514,4.769999980926514,3376000,0.0,0.0
2025-10-16 00:00:00-04:00,4.78000020980835,4.8470001220703125,4.690000057220459,4.809999942779541,4.809999942779541,1359100,0.0,0.0
2025-10-17 00:00:00-04:00,4.789999961853027,4.875,4.75,4.809999942779541,4.809999942779541,1394200,0.0,0.0
2025-10-20 00:00:00-04:00,4.869999885559082,4.960000038146973,4.804999828338623,4.880000114440918,4.880000114440918,1386500,0.0,0.0
2025-10-21 00:00:00-04:00,4.869999885559082,5.054999828338623,4.849999904632568,5.039999961853027,5.039999961853027,1846600,0.0,0.0
2025-10-22 00:00:00-04:00,4.980000019073486,5.079999923706055,4.889999866485596,5.039999961853027,5.039999961853027,2140400,0.0,0.0
2025-10-23 00:00:00-04:00,5.070000171661377,5.2230000495910645,4.985000133514404,5.130000114440918,5.130000114440918,1954300,0.0,0.0
2025-10-24 00:00:00-04:00,5.199999809265137,5.304999828338623,5.099999904632568,5.260000228881836,5.260000228881836,1665800,0.0,0.0
2025-10-27 00:00:00-04:00,5.360000133514404,5.400000095367432,5.269999980926514,5.360000133514404,5.360000133514404,1690400,0.0,0.0
2025-10-28 00:00:00-04:00,5.329999923706055,5.40500020980835,5.215000152587891,5.380000114440918,5.380000114440918,1477300,0.0,0.0
2025-10-29 00:00:00-04:00,5.380000114440918,5.380000114440918,5.15500020980835,5.230000019073486,5.230000019073486,2328700,0.0,0.0
2025-10-30 00:00:00-04:00,5.150000095367432,5.224999904632568,5.09499979019165,5.119999885559082,5.119999885559082,2054100,0.0,0.0
2025-10-31 00:00:00-04:00,5.050000190734863,5.300000190734863,4.985000133514404,5.25,5.25,1904600,0.0,0.0
2025-11-03 00:00:00-05:00,5.25,5.25,4.829999923706055,5.070000171661377,5.070000171661377,2070900,0.0,0.0
2025-11-04 00:00:00-05:00,5.0,5.09499979019165,4.925000190734863,4.989999771118164,4.989999771118164,3311700,0.0,0.0
2025-11-05 00:00:00-05:00,4.989999771118164,5.34499979019165,4.965000152587891,5.300000190734863,5.300000190734863,2069600,0.0,0.0
2025-11-06 00:00:00-05:00,5.28000020980835,5.295000076293945,5.15500020980835,5.21999979019165,5.21999979019165,1897300,0.0,0.0
2025-11-07 00:00:00-05:00,5.190000057220459,5.309999942779541,5.125,5.300000190734863,5.300000190734863,1877100,0.0,0.0
2025-11-10 00:00:00-05:00,5.320000171661377,5.454999923706055,5.135000228881836,5.440000057220459,5.440000057220459,1708600,0.0,0.0
2025-11-11 00:00:00-05:00,5.440000057220459,5.440000057220459,5.304999828338623,5.369999885559082,5.369999885559082,1462900,0.0,0.0
2025-11-12 00:00:00-05:00,5.369999885559082,5.534999847412109,5.34499979019165,5.389999866485596,5.389999866485596,2281600,0.0,0.0
2025-11-13 00:00:00-05:00,5.340000152587891,5.494999885559082,5.264999866485596,5.349999904632568,5.349999904632568,2283300,0.0,0.0
2025-11-14 00:00:00-05:00,5.300000190734863,5.364999771118164,5.15500020980835,5.340000152587891,5.340000152587891,1767600,0.0,0.0
2025-11-17 00:00:00-05:00,5.289999961853027,5.300000190734863,5.15500020980835,5.179999828338623,5.179999828338623,2144200,0.0,0.0
2025-11-18 00:00:00-05:00,5.170000076293945,5.550000190734863,5.0,5.460000038146973,5.460000038146973,2731300,0.0,0.0
2025-11-19 00:00:00-05:00,5.420000076293945,5.619999885559082,5.335000038146973,5.5,5.5,1840400,0.0,0.0
2025-11-20 00:00:00-05:00,5.539999961853027,5.614999771118164,5.449999809265137,5.53000020980835,5.53000020980835,2810800,0.0,0.0
2025-11-21 00:00:00-05:00,5.599999904632568,6.110000133514404,5.554999828338623,6.079999923706055,6.079999923706055,2980800,0.0,0.0
2025-11-24 00:00:00-05:00,6.050000190734863,6.170000076293945,5.96999979019165,6.070000171661377,6.070000171661377,3881200,0.0,0.0
2025-11-25 00:00:00-05:00,6.110000133514404,6.429999828338623,6.110000133514404,6.340000152587891,6.340000152587891,3218900,0.0,0.0
2025-11-26 00:00:00-05:00,6.289999961853027,6.605000019073486,6.28000020980835,6.440000057220459,6.440000057220459,2469000,0.0,0.0
2025-11-28 00:00:00-05:00,6.440000057220459,6.556000232696533,6.429999828338623,6.480000019073486,6.480000019073486,1001500,0.0,0.0
2025-12-01 00:00:00-05:00,6.449999809265137,6.730000019073486,6.340000152587891,6.71999979019165,6.71999979019165,3022700,0.0,0.0
2025-12-02 00:00:00-05:00,6.159999847412109,6.454999923706055,5.300000190734863,6.230000019073486,6.230000019073486,7035000,0.0,0.0
2025-12-03 00:00:00-05:00,6.260000228881836,6.425000190734863,5.940000057220459,6.360000133514404,6.360000133514404,4875300,0.0,0.0
2025-12-04 00:00:00-05:00,6.360000133514404,6.579999923706055,6.139999866485596,6.559999942779541,6.559999942779541,7151700,0.0,0.0
2025-12-05 00:00:00-05:00,6.599999904632568,7.0,6.53000020980835,7.0,7.0,3492600,0.0,0.0
2025-12-08 00:00:00-05:00,7.460000038146973,7.710000038146973,7.269999980926514,7.400000095367432,7.400000095367432,4460500,0.0,0.0
2025-12-09 00:00:00-05:00,7.389999866485596,7.480000019073486,7.099999904632568,7.130000114440918,7.130000114440918,2511500,0.0,0.0
2025-12-10 00:00:00-05:00,7.159999847412109,7.380000114440918,7.130000114440918,7.170000076293945,7.170000076293945,2787500,0.0,0.0
2025-12-11 00:00:00-05:00,7.21999979019165,7.349999904632568,7.159999847412109,7.25,7.25,1627200,0.0,0.0
2025-12-12 00:00:00-05:00,7.300000190734863,7.659999847412109,7.199999809265137,7.599999904632568,7.599999904632568,2526700,0.0,0.0
2025-12-15 00:00:00-05:00,7.630000114440918,7.699999809265137,7.420000076293945,7.559999942779541,7.559999942779541,2357900,0.0,0.0
2025-12-16 00:00:00-05:00,7.25,7.460000038146973,6.420000076293945,6.900000095367432,6.900000095367432,6055000,0.0,0.0
2025-12-17 00:00:00-05:00,6.949999809265137,7.119999885559082,6.695000171661377,6.960000038146973,6.960000038146973,3463400,0.0,0.0
2025-12-18 00:00:00-05:00,7.21999979019165,7.360000133514404,6.775000095367432,6.889999866485596,6.889999866485596,3140500,0.0,0.0
2025-12-19 00:00:00-05:00,6.889999866485596,6.96999979019165,6.769999980926514,6.869999885559082,6.869999885559082,4948000,0.0,0.0
2025-12-22 00:00:00-05:00,6.840000152587891,7.28000020980835,6.829999923706055,7.139999866485596,7.139999866485596,3900100,0.0,0.0
2025-12-23 00:00:00-05:00,7.369999885559082,7.440000057220459,6.619999885559082,6.690000057220459,6.690000057220459,2074800,0.0,0.0
2025-12-24 00:00:00-05:00,6.670000076293945,6.929999828338623,6.670000076293945,6.739999771118164,6.739999771118164,826600,0.0,0.0
2025-12-26 00:00:00-05:00,6.710000038146973,6.71999979019165,6.539999961853027,6.550000190734863,6.550000190734863,1311500,0.0,0.0
2025-12-29 00:00:00-05:00,6.53000020980835,6.71999979019165,6.425000190734863,6.710000038146973,6.710000038146973,1762100,0.0,0.0
2025-12-30 00:00:00-05:00,6.699999809265137,6.869999885559082,6.670000076293945,6.769999980926514,6.769999980926514,2087000,0.0,0.0
2025-12-31 00:00:00-05:00,6.75,6.809999942779541,6.625,6.670000076293945,6.670000076293945,2844200,0.0,0.0
2026-01-02 00:00:00-05:00,6.670000076293945,6.71999979019165,6.315000057220459,6.579999923706055,6.579999923706055,2247600,0.0,0.0
2026-01-05 00:00:00-05:00,6.510000228881836,6.71999979019165,6.429999828338623,6.429999828338623,6.429999828338623,1888800,0.0,0.0
2026-01-06 00:00:00-05:00,6.369999885559082,7.03000020980835,6.320000171661377,7.0,7.0,2457200,0.0,0.0
2026-01-07 00:00:00-05:00,6.989999771118164,7.119999885559082,6.635000228881836,6.889999866485596,6.889999866485596,1613800,0.0,0.0
2026-01-08 00:00:00-05:00,6.150000095367432,6.519999980926514,6.03000020980835,6.320000171661377,6.320000171661377,3625600,0.0,0.0
2026-01-09 00:00:00-05:00,6.349999904632568,6.550000190734863,6.239999771118164,6.440000057220459,6.440000057220459,1707100,0.0,0.0
2026-01-12 00:00:00-05:00,6.389999866485596,6.489999771118164,6.244999885559082,6.369999885559082,6.369999885559082,1362600,0.0,0.0
2026-01-13 00:00:00-05:00,6.380000114440918,6.485000133514404,6.295000076293945,6.460000038146973,6.460000038146973,1226500,0.0,0.0
2026-01-14 00:00:00-05:00,6.46999979019165,6.639999866485596,6.320000171661377,6.5,6.5,1214700,0.0,0.0
2026-01-15 00:00:00-05:00,6.5,6.875,6.46999979019165,6.869999885559082,6.869999885559082,1253700,0.0,0.0
2026-01-16 00:00:00-05:00,6.829999923706055,6.929999828338623,6.739999771118164,6.880000114440918,6.880000114440918,1888800,0.0,0.0
2026-01-20 00:00:00-05:00,6.739999771118164,6.739999771118164,6.454999923706055,6.550000190734863,6.550000190734863,1082500,0.0,0.0
2026-01-21 00:00:00-05:00,6.590000152587891,6.75,6.510000228881836,6.670000076293945,6.670000076293945,2061800,0.0,0.0
2026-01-22 00:00:00-05:00,6.710000038146973,6.824999809265137,6.639999866485596,6.75,6.75,1210300,0.0,0.0
2026-01-23 00:00:00-05:00,6.71999979019165,6.869999885559082,6.65500020980835,6.849999904632568,6.849999904632568,1282300,0.0,0.0
2026-01-26 00:00:00-05:00,6.840000152587891,6.860000133514404,6.690000057220459,6.769999980926514,6.769999980926514,1326200,0.0,0.0
2026-01-27 00:00:00-05:00,6.789999961853027,6.809999942779541,6.59499979019165,6.75,6.75,2328300,0.0,0.0
2026-01-28 00:00:00-05:00,6.909999847412109,7.050000190734863,6.25,6.320000171661377,6.320000171661377,2871800,0.0,0.0
2026-01-29 00:00:00-05:00,6.309999942779541,6.644999980926514,6.300000190734863,6.559999942779541,6.559999942779541,2833300,0.0,0.0
2026-01-30 00:00:00-05:00,6.53000020980835,6.699999809265137,6.489999771118164,6.53000020980835,6.53000020980835,1590500,0.0,0.0
2026-02-02 00:00:00-05:00,6.489999771118164,6.789999961853027,6.480000019073486,6.679999828338623,6.679999828338623,1752500,0.0,0.0
2026-02-03 00:00:00-05:00,6.650000095367432,6.835000038146973,6.514999866485596,6.78000020980835,6.78000020980835,1732800,0.0,0.0
2026-02-04 00:00:00-05:00,6.849999904632568,7.15500020980835,6.829999923706055,6.940000057220459,6.940000057220459,3114600,0.0,0.0
2026-02-05 00:00:00-05:00,6.820000171661377,7.019999980926514,6.809999942779541,6.829999923706055,6.829999923706055,1861900,0.0,0.0
2026-02-06 00:00:00-05:00,6.889999866485596,7.224999904632568,6.849999904632568,7.179999828338623,7.179999828338623,1537800,0.0,0.0
2026-02-09 00:00:00-05:00,7.170000076293945,7.510000228881836,7.119999885559082,7.320000171661377,7.320000171661377,2236900,0.0,0.0
2026-02-10 00:00:00-05:00,8.989999771118164,9.800000190734863,8.489999771118164,8.5,8.5,7983900,0.0,0.0
2026-02-11 00:00:00-05:00,8.609999656677246,8.890000343322754,8.395000457763672,8.670000076293945,8.670000076293945,4206000,0.0,0.0
2026-02-12 00:00:00-05:00,8.859999656677246,8.864999771118164,8.229999542236328,8.229999542236328,8.229999542236328,2630200,0.0,0.0
2026-02-13 00:00:00-05:00,8.260000228881836,8.350000381469727,7.679999828338623,7.699999809265137,7.699999809265137,2905400,0.0,0.0
2026-02-17 00:00:00-05:00,7.639999866485596,7.730000019073486,7.315000057220459,7.550000190734863,7.550000190734863,2566600,0.0,0.0
2026-02-18 00:00:00-05:00,7.559999942779541,7.764999866485596,7.46999979019165,7.670000076293945,7.670000076293945,1510000,0.0,0.0
2026-02-19 00:00:00-05:00,7.650000095367432,7.760000228881836,7.554999828338623,7.679999828338623,7.679999828338623,1174900,0.0,0.0
2026-02-20 00:00:00-05:00,7.639999866485596,8.050000190734863,7.559999942779541,7.980000019073486,7.980000019073486,2006000,0.0,0.0
2026-02-23 00:00:00-05:00,7.889999866485596,7.96999979019165,7.559999942779541,7.579999923706055,7.579999923706055,1779100,0.0,0.0
2026-02-24 00:00:00-05:00,7.699999809265137,7.699999809265137,7.360000133514404,7.460000038146973,7.460000038146973,1591300,0.0,0.0
2026-02-25 00:00:00-05:00,7.570000171661377,7.650000095367432,7.375,7.650000095367432,7.650000095367432,1415400,0.0,0.0
2026-02-26 00:00:00-05:00,7.670000076293945,8.024999618530273,7.605000019073486,7.829999923706055,7.829999923706055,1629000,0.0,0.0
2026-02-27 00:00:00-05:00,7.690000057220459,8.029999732971191,7.639999866485596,7.869999885559082,7.869999885559082,1959300,0.0,0.0
2026-03-02 00:00:00-05:00,7.78000020980835,7.920000076293945,7.675000190734863,7.860000133514404,7.860000133514404,1110100,0.0,0.0
2026-03-03 00:00:00-05:00,7.670000076293945,7.750999927520752,7.35099983215332,7.619999885559082,7.619999885559082,1744100,0.0,0.0
2026-03-04 00:00:00-05:00,7.690000057220459,7.769999980926514,7.599999904632568,7.659999847412109,7.659999847412109,1217200,0.0,0.0
2026-03-05 00:00:00-05:00,7.650000095367432,8.180000305175781,7.539999961853027,8.0600004196167,8.0600004196167,2314700,0.0,0.0
2026-03-06 00:00:00-05:00,7.940000057220459,7.945000171661377,7.610000133514404,7.860000133514404,7.860000133514404,1293600,0.0,0.0
2026-03-09 00:00:00-04:00,7.670000076293945,8.095000267028809,7.480000019073486,8.0600004196167,8.0600004196167,1690000,0.0,0.0
2026-03-10 00:00:00-04:00,8.020000457763672,8.140000343322754,7.755000114440918,7.789999961853027,7.789999961853027,1430700,0.0,0.0
2026-03-11 00:00:00-04:00,7.690000057220459,7.730000019073486,7.224999904632568,7.5,7.5,1631700,0.0,0.0
2026-03-12 00:00:00-04:00,7.409999847412109,7.985000133514404,7.385000228881836,7.53000020980835,7.53000020980835,1681000,0.0,0.0
2026-03-13 00:00:00-04:00,7.579999923706055,7.614999771118164,7.400000095367432,7.590000152587891,7.590000152587891,1141300,0.0,0.0
2026-03-16 00:00:00-04:00,7.650000095367432,7.659999847412109,7.349999904632568,7.349999904632568,7.349999904632568,1390500,0.0,0.0
2026-03-17 00:00:00-04:00,7.440000057220459,7.739999771118164,7.40500020980835,7.659999847412109,7.659999847412109,1394600,0.0,0.0
2026-03-18 00:00:00-04:00,7.599999904632568,7.630000114440918,7.324999809265137,7.340000152587891,7.340000152587891,1621800,0.0,0.0
2026-03-19 00:00:00-04:00,7.239999771118164,7.480000019073486,7.045000076293945,7.380000114440918,7.380000114440918,1428100,0.0,0.0
2026-03-20 00:00:00-04:00,7.449999809265137,7.449999809265137,7.03000020980835,7.25,7.25,5586300,0.0,0.0
2026-03-23 00:00:00-04:00,7.420000076293945,7.829999923706055,7.295000076293945,7.71999979019165,7.71999979019165,1405500,0.0,0.0
2026-03-24 00:00:00-04:00,7.590000152587891,7.769999980926514,7.53000020980835,7.670000076293945,7.670000076293945,889000,0.0,0.0
2026-03-25 00:00:00-04:00,7.900000095367432,8.0,7.605000019073486,7.96999979019165,7.96999979019165,928300,0.0,0.0
2026-03-26 00:00:00-04:00,7.860000133514404,8.0649995803833,7.710000038146973,7.71999979019165,7.71999979019165,1070600,0.0,0.0
2026-03-27 00:00:00-04:00,7.690000057220459,7.815000057220459,7.559999942779541,7.710000038146973,7.710000038146973,1118100,0.0,0.0
2026-03-30 00:00:00-04:00,7.789999961853027,7.909999847412109,7.695000171661377,7.820000171661377,7.820000171661377,862600,0.0,0.0
2026-03-31 00:00:00-04:00,7.929999828338623,7.96999979019165,7.650000095367432,7.860000133514404,7.860000133514404,905300,0.0,0.0
2026-04-01 00:00:00-04:00,8.0,8.0,7.78000020980835,7.820000171661377,7.820000171661377,882500,0.0,0.0
2026-04-02 00:00:00-04:00,7.610000133514404,7.900000095367432,7.366000175476074,7.829999923706055,7.829999923706055,627200,0.0,0.0
2026-04-06 00:00:00-04:00,7.800000190734863,7.855000019073486,7.699999809265137,7.800000190734863,7.800000190734863,644600,0.0,0.0
2026-04-07 00:00:00-04:00,7.769999980926514,7.934999942779541,7.75,7.880000114440918,7.880000114440918,719000,0.0,0.0
2026-04-08 00:00:00-04:00,8.109999656677246,8.4399995803833,8.085000038146973,8.15999984741211,8.15999984741211,1454000,0.0,0.0
2026-04-09 00:00:00-04:00,8.069999694824219,8.614999771118164,8.0600004196167,8.59000015258789,8.59000015258789,1571600,0.0,0.0
2026-04-10 00:00:00-04:00,8.579999923706055,8.84000015258789,8.545000076293945,8.65999984741211,8.65999984741211,750700,0.0,0.0
2026-04-13 00:00:00-04:00,8.550000190734863,8.829999923706055,8.479999542236328,8.829999923706055,8.829999923706055,651300,0.0,0.0
2026-04-14 00:00:00-04:00,8.829999923706055,9.234999656677246,8.8149995803833,9.220000267028809,9.220000267028809,997900,0.0,0.0
2026-04-15 00:00:00-04:00,9.199999809265137,9.34000015258789,9.085000038146973,9.25,9.25,1064600,0.0,0.0
2026-04-16 00:00:00-04:00,9.239999771118164,9.670000076293945,9.239999771118164,9.479999542236328,9.479999542236328,1505700,0.0,0.0
2026-04-17 00:00:00-04:00,9.579999923706055,9.944999694824219,9.539999961853027,9.890000343322754,9.890000343322754,1663700,0.0,0.0
2026-04-20 00:00:00-04:00,9.880000114440918,10.28499984741211,9.880000114440918,10.1899995803833,10.1899995803833,1299100,0.0,0.0
2026-04-21 00:00:00-04:00,10.220000267028809,10.380000114440918,10.01099967956543,10.100000381469727,10.100000381469727,1342300,0.0,0.0
2026-04-22 00:00:00-04:00,10.15999984741211,10.34000015258789,9.84000015258789,9.979999542236328,9.979999542236328,899900,0.0,0.0
2026-04-23 00:00:00-04:00,9.930000305175781,10.119999885559082,9.390999794006348,9.5,9.5,1100900,0.0,0.0
2026-04-24 00:00:00-04:00,9.5,9.824999809265137,9.401000022888184,9.789999961853027,9.789999961853027,1059400,0.0,0.0
2026-04-27 00:00:00-04:00,9.779999732971191,9.9350004196167,9.625,9.640000343322754,9.640000343322754,1258200,0.0,0.0
2026-04-28 00:00:00-04:00,9.699999809265137,9.789999961853027,9.479999542236328,9.619999885559082,9.619999885559082,709300,0.0,0.0
2026-04-29 00:00:00-04:00,9.529999732971191,9.635000228881836,9.350000381469727,9.569999694824219,9.569999694824219,1189700,0.0,0.0
2026-04-30 00:00:00-04:00,9.59000015258789,9.864999771118164,9.579999923706055,9.720000267028809,9.720000267028809,783000,0.0,0.0
2026-05-01 00:00:00-04:00,9.779999732971191,9.819999694824219,9.574999809265137,9.710000038146973,9.710000038146973,886700,0.0,0.0
2026-05-04 00:00:00-04:00,9.630000114440918,9.640000343322754,8.899999618530273,8.920000076293945,8.920000076293945,1345000,0.0,0.0
2026-05-05 00:00:00-04:00,9.050000190734863,9.380000114440918,9.039999961853027,9.270000457763672,9.270000457763672,1065000,0.0,0.0
2026-05-06 00:00:00-04:00,9.40999984741211,9.4399995803833,9.095000267028809,9.220000267028809,9.220000267028809,862000,0.0,0.0
2026-05-07 00:00:00-04:00,9.300000190734863,9.5,9.260000228881836,9.289999961853027,9.289999961853027,1275900,0.0,0.0
2026-05-08 00:00:00-04:00,9.3100004196167,9.3100004196167,9.114999771118164,9.239999771118164,9.239999771118164,1038600,0.0,0.0
2026-05-11 00:00:00-04:00,9.260000228881836,9.354999542236328,9.145000457763672,9.300000190734863,9.300000190734863,1359500,0.0,0.0
2026-05-12 00:00:00-04:00,11.779999732971191,12.46500015258789,11.031000137329102,12.0,12.0,9378100,0.0,0.0
2026-05-13 00:00:00-04:00,12.489999771118164,12.600000381469727,10.609999656677246,11.25,11.25,3984900,0.0,0.0
2026-05-14 00:00:00-04:00,11.4399995803833,12.170000076293945,11.390000343322754,12.170000076293945,12.170000076293945,2567900,0.0,0.0
2026-05-15 00:00:00-04:00,12.079999923706055,12.359999656677246,11.944999694824219,12.25,12.25,2532500,0.0,0.0
2026-05-18 00:00:00-04:00,12.199999809265137,12.420000076293945,11.989999771118164,12.170000076293945,12.170000076293945,2135900,0.0,0.0
2026-05-19 00:00:00-04:00,12.199999809265137,12.25100040435791,11.84000015258789,11.84000015258789,11.84000015258789,1077900,0.0,0.0
2026-05-20 00:00:00-04:00,11.869999885559082,12.039999961853027,11.539999961853027,11.699999809265137,11.699999809265137,1342900,0.0,0.0
2026-05-21 00:00:00-04:00,11.5,11.680000305175781,11.3149995803833,11.609999656677246,11.609999656677246,866500,0.0,0.0
2026-05-22 00:00:00-04:00,11.65999984741211,11.880000114440918,11.505000114440918,11.739999771118164,11.739999771118164,1530000,0.0,0.0
2026-05-26 00:00:00-04:00,11.869999885559082,12.024999618530273,11.272000312805176,11.789999961853027,11.789999961853027,2124300,0.0,0.0
2026-05-27 00:00:00-04:00,11.819999694824219,12.194999694824219,11.619999885559082,11.970000267028809,11.970000267028809,2033200,0.0,0.0
2026-05-28 00:00:00-04:00,11.850000381469727,12.90999984741211,11.673999786376953,12.800000190734863,12.800000190734863,2057700,0.0,0.0
2026-05-29 00:00:00-04:00,12.699999809265137,12.949999809265137,12.600000381469727,12.920000076293945,12.920000076293945,1990900,0.0,0.0
2026-06-01 00:00:00-04:00,12.880000114440918,12.899999618530273,12.460000038146973,12.890000343322754,12.890000343322754,1353100,0.0,0.0
2026-06-02 00:00:00-04:00,12.75,12.890000343322754,12.53499984741211,12.800000190734863,12.800000190734863,1404700,0.0,0.0
2026-06-03 00:00:00-04:00,12.619999885559082,13.244999885559082,12.569999694824219,13.149999618530273,13.149999618530273,1891200,0.0,0.0
2026-06-04 00:00:00-04:00,13.359999656677246,13.520000457763672,13.199000358581543,13.239999771118164,13.239999771118164,1109400,0.0,0.0
2026-06-05 00:00:00-04:00,13.210000038146973,13.239999771118164,12.755000114440918,12.850000381469727,12.850000381469727,819700,0.0,0.0
2026-06-08 00:00:00-04:00,12.850000381469727,12.869999885559082,12.34000015258789,12.460000038146973,12.460000038146973,1005000,0.0,0.0
2026-06-09 00:00:00-04:00,12.619999885559082,12.954999923706055,12.34000015258789,12.869999885559082,12.869999885559082,1266300,0.0,0.0
2026-06-10 00:00:00-04:00,12.869999885559082,13.15999984741211,12.8100004196167,13.020000457763672,13.020000457763672,1385200,0.0,0.0
2026-06-11 00:00:00-04:00,13.140000343322754,13.4399995803833,12.170000076293945,13.3100004196167,13.3100004196167,998400,0.0,0.0
2026-06-12 00:00:00-04:00,13.399999618530273,13.399999618530273,12.857999801635742,13.1899995803833,13.1899995803833,1477000,0.0,0.0
2026-06-15 00:00:00-04:00,13.260000228881836,13.350000381469727,12.930000305175781,13.140000343322754,13.140000343322754,973300,0.0,0.0
2026-06-16 00:00:00-04:00,13.100000381469727,13.350000381469727,12.850000381469727,13.170000076293945,13.170000076293945,1378800,0.0,0.0
2026-06-17 00:00:00-04:00,13.149999618530273,13.4399995803833,12.680000305175781,12.800000190734863,12.800000190734863,1118800,0.0,0.0
2026-06-18 00:00:00-04:00,12.699999809265137,13.0,12.6850004196167,12.880000114440918,12.880000114440918,2445200,0.0,0.0
2026-06-22 00:00:00-04:00,13.020000457763672,13.25,12.770000457763672,13.109999656677246,13.109999656677246,1500100,0.0,0.0
2026-06-23 00:00:00-04:00,12.979999542236328,13.260000228881836,12.899999618530273,13.199999809265137,13.199999809265137,1384400,0.0,0.0
2026-06-24 00:00:00-04:00,13.399999618530273,13.5600004196167,13.265000343322754,13.489999771118164,13.489999771118164,1142800,0.0,0.0
2026-06-25 00:00:00-04:00,13.600000381469727,14.039999961853027,13.555000305175781,13.739999771118164,13.739999771118164,1298500,0.0,0.0
2026-06-26 00:00:00-04:00,13.710000038146973,14.420000076293945,13.675000190734863,14.420000076293945,14.420000076293945,4261500,0.0,0.0
2026-06-29 00:00:00-04:00,14.390000343322754,14.850000381469727,14.15999984741211,14.829999923706055,14.829999923706055,1889900,0.0,0.0
2026-06-30 00:00:00-04:00,14.710000038146973,14.84000015258789,14.293999671936035,14.520000457763672,14.520000457763672,1122800,0.0,0.0
2026-07-01 00:00:00-04:00,14.510000228881836,15.0600004196167,14.470000267028809,14.680000305175781,14.680000305175781,1058700,0.0,0.0
2026-07-02 00:00:00-04:00,14.640000343322754,14.899999618530273,14.1899995803833,14.279999732971191,14.279999732971191,818500,0.0,0.0
2026-07-06 00:00:00-04:00,14.180000305175781,14.199999809265137,13.539999961853027,13.59000015258789,13.59000015258789,1152400,0.0,0.0
2026-07-07 00:00:00-04:00,13.729999542236328,14.3100004196167,13.399999618530273,14.109999656677246,14.109999656677246,1640300,0.0,0.0
2026-07-08 00:00:00-04:00,13.979999542236328,14.180000305175781,13.835000038146973,14.15999984741211,14.15999984741211,1423100,0.0,0.0
2026-07-09 00:00:00-04:00,14.149999618530273,14.380000114440918,13.970000267028809,14.350000381469727,14.350000381469727,1010300,0.0,0.0
2026-07-10 00:00:00-04:00,14.350000381469727,14.585000038146973,14.109999656677246,14.529999732971191,14.529999732971191,1028800,0.0,0.0
2026-07-13 00:00:00-04:00,14.5600004196167,14.949999809265137,14.529999732971191,14.739999771118164,14.739999771118164,933700,0.0,0.0
2026-07-14 00:00:00-04:00,14.65999984741211,14.979999542236328,14.34000015258789,14.899999618530273,14.899999618530273,702700,0.0,0.0
2026-07-15 00:00:00-04:00,15.010000228881836,15.614999771118164,14.989999771118164,15.510000228881836,15.510000228881836,1086900,0.0,0.0
2026-07-16 00:00:00-04:00,15.670000076293945,16.899999618530273,15.670000076293945,16.420000076293945,16.420000076293945,2450900,0.0,0.0
2026-07-17 00:00:00-04:00,16.350000381469727,16.815000534057617,16.200000762939453,16.5,16.5,2028300,0.0,0.0
2026-07-20 00:00:00-04:00,16.5,16.700000762939453,16.049999237060547,16.139999389648438,16.139999389648438,1684100,0.0,0.0
2026-07-21 00:00:00-04:00,16.049999237060547,16.204999923706055,15.729999542236328,16.010000228881836,16.010000228881836,1562300,0.0,0.0
2026-07-22 00:00:00-04:00,15.9399995803833,16.1299991607666,15.40999984741211,15.899999618530273,15.899999618530273,976100,0.0,0.0
2026-07-23 00:00:00-04:00,15.619999885559082,15.734999656677246,15.430000305175781,15.59000015258789,15.59000015258789,1016100,0.0,0.0
2026-07-24 00:00:00-04:00,15.65999984741211,15.869999885559082,15.539999961853027,15.579999923706055,15.579999923706055,588900,0.0,0.0
2026-07-27 00:00:00-04:00,15.680000305175781,15.850000381469727,15.270000457763672,15.350000381469727,15.350000381469727,1477400,0.0,0.0
2026-07-28 00:00:00-04:00,15.579999923706055,15.739999771118164,15.300000190734863,15.359999656677246,15.359999656677246,942500,0.0,0.0
2026-07-29 00:00:00-04:00,15.359999656677246,15.609999656677246,14.869999885559082,14.920000076293945,14.920000076293945,877900,0.0,0.0
2026-07-30 00:00:00-04:00,15.324999809265137,15.324999809265137,14.522000312805176,14.59000015258789,14.59000015258789,944200,0.0,0.0
2026-07-31 00:00:00-04:00,14.59000015258789,14.739999771118164,14.399999618530273,14.460000038146973,14.460000038146973,825900,0.0,0.0
2026-08-03 00:00:00-04:00,14.510000228881836,14.805999755859375,14.270000457763672,14.270000457763672,14.270000457763672,1133600,0.0,0.0
2026-08-04 00:00:00-04:00,14.270000457763672,14.449999809265137,14.039999961853027,14.170000076293945,14.170000076293945,1158300,0.0,0.0
2026-08-05 00:00:00-04:00,14.239999771118164,14.380000114440918,13.850000381469727,13.930000305175781,13.930000305175781,1100000,0.0,0.0
2026-08-06 00:00:00-04:00,13.859999656677246,13.989999771118164,13.65999984741211,13.850000381469727,13.850000381469727,1085400,0.0,0.0
2026-08-07 00:00:00-04:00,13.869999885559082,14.270000457763672,13.869999885559082,14.210000038146973,14.210000038146973,1293600,0.0,0.0
2026-08-10 00:00:00-04:00,14.029999732971191,14.244999885559082,13.680000305175781,13.869999885559082,13.869999885559082,3685600,0.0,0.0
2026-08-11 00:00:00-04:00,14.130000114440918,14.359999656677246,12.930000305175781,13.880000114440918,13.880000114440918,3331200,0.0,0.0
2026-08-12 00:00:00-04:00,14.5,15.059000015258789,14.100000381469727,14.15999984741211,14.15999984741211,2182300,0.0,0.0
2026-08-13 00:00:00-04:00,14.239999771118164,14.359999656677246,13.510000228881836,13.520000457763672,13.520000457763672,1264700,0.0,0.0
2026-08-14 00:00:00-04:00,13.529999732971191,13.869999885559082,13.210000038146973,13.329999923706055,13.329999923706055,1413100,0.0,0.0
2026-08-17 00:00:00-04:00,13.289999961853027,13.600000381469727,13.220999717712402,13.40999984741211,13.40999984741211,1516200,0.0,0.0
2026-08-18 00:00:00-04:00,13.529999732971191,13.609999656677246,12.954999923706055,13.010000228881836,13.010000228881836,1298900,0.0,0.0
2026-08-19 00:00:00-04:00,13.140000343322754,13.33899974822998,12.9399995803833,13.050000190734863,13.050000190734863,989900,0.0,0.0
2026-08-20 00:00:00-04:00,12.890000343322754,13.079999923706055,12.65999984741211,12.819999694824219,12.819999694824219,838900,0.0,0.0
2026-08-21 00:00:00-04:00,12.869999885559082,12.899999618530273,12.53499984741211,12.6899995803833,12.6899995803833,878700,0.0,0.0
2026-08-24 00:00:00-04:00,12.789999961853027,12.899999618530273,12.62600040435791,12.75,12.75,1063800,0.0,0.0
2026-08-25 00:00:00-04:00,12.850000381469727,12.9350004196167,12.739999771118164,12.880000114440918,12.880000114440918,956200,0.0,0.0
2026-08-26 00:00:00-04:00,12.880000114440918,13.045000076293945,12.720000267028809,13.029999732971191,13.029999732971191,718800,0.0,0.0
2026-08-27 00:00:00-04:00,12.989999771118164,13.0,12.739999771118164,12.75,12.75,670300,0.0,0.0
2026-08-28 00:00:00-04:00,12.850000381469727,12.850000381469727,12.430000305175781,12.479999542236328,12.479999542236328,1144600,0.0,0.0
2026-08-31 00:00:00-04:00,12.539999961853027,12.604999542236328,12.25,12.510000228881836,12.510000228881836,1491700,0.0,0.0
2026-09-01 00:00:00-04:00,12.5,12.649999618530273,12.069999694824219,12.130000114440918,12.130000114440918,1245400,0.0,0.0
2026-09-02 00:00:00-04:00,12.199999809265137,12.460000038146973,12.109999656677246,12.170000076293945,12.170000076293945,1209300,0.0,0.0
2026-09-03 00:00:00-04:00,12.239999771118164,12.550000190734863,12.140000343322754,12.539999961853027,12.539999961853027,747600,0.0,0.0
2026-09-04 00:00:00-04:00,13.119999885559082,13.319999694824219,13.0,13.260000228881836,13.260000228881836,1270100,0.0,0.0
2026-09-08 00:00:00-04:00,13.0600004196167,13.800999641418457,13.050000190734863,13.649999618530273,13.649999618530273,2578800,0.0,0.0
2026-09-09 00:00:00-04:00,13.449999809265137,13.75,12.890000343322754,13.119999885559082,13.119999885559082,2255600,0.0,0.0
2026-09-10 00:00:00-04:00,13.170000076293945,13.34000015258789,12.871999740600586,13.039999961853027,13.039999961853027,1614900,0.0,0.0
2026-09-11 00:00:00-04:00,13.020000457763672,13.350000381469727,12.895000457763672,12.970000267028809,12.970000267028809,1215600,0.0,0.0
2026-09-14 00:00:00-04:00,13.0,13.204999923706055,12.800000190734863,12.930000305175781,12.930000305175781,1603200,0.0,0.0
2026-09-15 00:00:00-04:00,12.890000343322754,13.3100004196167,12.765000343322754,13.270000457763672,13.270000457763672,1520700,0.0,0.0
2026-09-16 00:00:00-04:00,13.25,14.020000457763672,13.119999885559082,13.770000457763672,13.770000457763672,2067900,0.0,0.0
2026-09-17 00:00:00-04:00,13.899999618530273,14.09000015258789,13.710000038146973,13.84000015258789,13.84000015258789,1671700,0.0,0.0
2026-09-18 00:00:00-04:00,13.710000038146973,14.005000114440918,13.579999923706055,13.819999694824219,13.819999694824219,4261500,0.0,0.0
2026-09-21 00:00:00-04:00,13.930000305175781,14.470000267028809,13.8100004196167,14.229999542236328,14.229999542236328,1235000,0.0,0.0
2026-09-22 00:00:00-04:00,14.210000038146973,14.65999984741211,13.979999542236328,14.430000305175781,14.430000305175781,1791000,0.0,0.0
2026-09-23 00:00:00-04:00,14.300000190734863,14.52400016784668,13.854999542236328,13.869999885559082,13.869999885559082,1325800,0.0,0.0
2026-09-24 00:00:00-04:00,13.850000381469727,14.100000381469727,13.524999618530273,13.84000015258789,13.84000015258789,1491200,0.0,0.0
2026-09-25 00:00:00-04:00,13.800000190734863,14.154999732971191,13.649999618530273,13.649999618530273,13.649999618530273,1244400,0.0,0.0
2026-09-28 00:00:00-04:00,13.319999694824219,13.65999984741211,13.010000228881836,13.449999809265137,13.449999809265137,889000,0.0,0.0
2026-09-29 00:00:00-04:00,13.430000305175781,13.529999732971191,13.329999923706055,13.460000038146973,13.460000038146973,1170300,0.0,0.0
2026-09-30 00:00:00-04:00,13.479999542236328,13.670000076293945,13.3100004196167,13.359999656677246,13.359999656677246,1164300,0.0,0.0
